2025-05-04 01:09:10.295 [INFO] [restartedMain] [c.g.aigroove.AigrooveApplication] - Starting AigrooveApplication using Java 17.0.15 with PID 17224 (C:\dev\AIGroove_api\aigroove\bin\main started by 문유신 in C:\dev\AIGroove_api\aigroove)
2025-05-04 01:09:10.299 [INFO] [restartedMain] [c.g.aigroove.AigrooveApplication] - No active profile set, falling back to 1 default profile: "default"
2025-05-04 01:09:10.389 [INFO] [restartedMain] [o.s.b.d.e.DevToolsPropertyDefaultsPostProcessor] - Devtools property defaults active! Set 'spring.devtools.add-properties' to 'false' to disable
2025-05-04 01:09:10.391 [INFO] [restartedMain] [o.s.b.d.e.DevToolsPropertyDefaultsPostProcessor] - For additional web related logging consider setting the 'logging.level.web' property to 'DEBUG'
2025-05-04 01:09:11.924 [INFO] [restartedMain] [o.s.d.r.c.RepositoryConfigurationDelegate] - Bootstrapping Spring Data JPA repositories in DEFAULT mode.
2025-05-04 01:09:12.073 [INFO] [restartedMain] [o.s.d.r.c.RepositoryConfigurationDelegate] - Finished Spring Data repository scanning in 132 ms. Found 11 JPA repository interfaces.
2025-05-04 01:09:13.070 [INFO] [restartedMain] [o.s.b.w.e.tomcat.TomcatWebServer] - Tomcat initialized with port 8080 (http)
2025-05-04 01:09:13.089 [INFO] [restartedMain] [o.a.coyote.http11.Http11NioProtocol] - Initializing ProtocolHandler ["http-nio-8080"]
2025-05-04 01:09:13.092 [INFO] [restartedMain] [o.a.catalina.core.StandardService] - Starting service [Tomcat]
2025-05-04 01:09:13.093 [INFO] [restartedMain] [o.a.catalina.core.StandardEngine] - Starting Servlet engine: [Apache Tomcat/10.1.39]
2025-05-04 01:09:13.181 [INFO] [restartedMain] [o.a.c.c.C.[Tomcat].[localhost].[/]] - Initializing Spring embedded WebApplicationContext
2025-05-04 01:09:13.182 [INFO] [restartedMain] [o.s.b.w.s.c.ServletWebServerApplicationContext] - Root WebApplicationContext: initialization completed in 2790 ms
2025-05-04 01:09:13.398 [INFO] [restartedMain] [o.h.jpa.internal.util.LogHelper] - HHH000204: Processing PersistenceUnitInfo [name: default]
2025-05-04 01:09:13.517 [INFO] [restartedMain] [org.hibernate.Version] - HHH000412: Hibernate ORM core version 6.6.11.Final
2025-05-04 01:09:13.582 [INFO] [restartedMain] [o.h.c.i.RegionFactoryInitiator] - HHH000026: Second-level cache disabled
2025-05-04 01:09:14.099 [INFO] [restartedMain] [o.s.o.j.p.SpringPersistenceUnitInfo] - No LoadTimeWeaver setup: ignoring JPA class transformer
2025-05-04 01:09:14.158 [INFO] [restartedMain] [com.zaxxer.hikari.HikariDataSource] - HikariPool-1 - Starting...
2025-05-04 01:09:14.244 [INFO] [restartedMain] [com.zaxxer.hikari.pool.HikariPool] - HikariPool-1 - Added connection org.mariadb.jdbc.MariaDbConnection@2ae59e7f
2025-05-04 01:09:14.247 [INFO] [restartedMain] [com.zaxxer.hikari.HikariDataSource] - HikariPool-1 - Start completed.
2025-05-04 01:09:14.326 [INFO] [restartedMain] [o.hibernate.orm.connections.pooling] - HHH10001005: Database info:
	Database JDBC URL [Connecting through datasource 'HikariDataSource (HikariPool-1)']
	Database driver: undefined/unknown
	Database version: 11.7.2
	Autocommit mode: undefined/unknown
	Isolation level: undefined/unknown
	Minimum pool size: undefined/unknown
	Maximum pool size: undefined/unknown
2025-05-04 01:09:15.737 [INFO] [restartedMain] [o.h.e.t.j.p.i.JtaPlatformInitiator] - HHH000489: No JTA platform available (set 'hibernate.transaction.jta.platform' to enable JTA platform integration)
2025-05-04 01:09:15.830 [INFO] [restartedMain] [o.s.o.j.LocalContainerEntityManagerFactoryBean] - Initialized JPA EntityManagerFactory for persistence unit 'default'
2025-05-04 01:09:16.786 [INFO] [restartedMain] [o.s.s.c.a.a.c.InitializeUserDetailsBeanManagerConfigurer$InitializeUserDetailsManagerConfigurer] - Global AuthenticationManager configured with UserDetailsService bean with name inMemoryUserDetailsManager
2025-05-04 01:09:16.926 [INFO] [restartedMain] [o.s.b.a.w.s.WelcomePageHandlerMapping] - Adding welcome page: class path resource [static/index.html]
2025-05-04 01:09:18.148 [INFO] [restartedMain] [o.s.v.b.OptionalValidatorFactoryBean] - Failed to set up a Bean Validation provider: jakarta.validation.NoProviderFoundException: Unable to create a Configuration, because no Jakarta Bean Validation provider could be found. Add a provider like Hibernate Validator (RI) to your classpath.
2025-05-04 01:09:18.628 [INFO] [restartedMain] [o.s.b.d.a.OptionalLiveReloadServer] - LiveReload server is running on port 35729
2025-05-04 01:09:18.652 [INFO] [restartedMain] [o.a.coyote.http11.Http11NioProtocol] - Starting ProtocolHandler ["http-nio-8080"]
2025-05-04 01:09:18.684 [INFO] [restartedMain] [o.s.b.w.e.tomcat.TomcatWebServer] - Tomcat started on port 8080 (http) with context path '/'
2025-05-04 01:09:18.698 [INFO] [restartedMain] [c.g.aigroove.AigrooveApplication] - Started AigrooveApplication in 9.158 seconds (process running for 10.378)
2025-05-04 01:09:19.912 [INFO] [http-nio-8080-exec-1] [o.a.c.c.C.[Tomcat].[localhost].[/]] - Initializing Spring DispatcherServlet 'dispatcherServlet'
2025-05-04 01:09:19.913 [INFO] [http-nio-8080-exec-1] [o.s.web.servlet.DispatcherServlet] - Initializing Servlet 'dispatcherServlet'
2025-05-04 01:09:19.914 [INFO] [http-nio-8080-exec-1] [o.s.web.servlet.DispatcherServlet] - Completed initialization in 1 ms
2025-05-04 01:09:21.049 [INFO] [http-nio-8080-exec-9] [o.s.api.AbstractOpenApiResource] - Init duration for springdoc-openapi is: 598 ms
2025-05-04 01:15:18.517 [INFO] [File Watcher] [o.s.b.d.a.LocalDevToolsAutoConfiguration$RestartingClassPathChangeChangedEventListener] - Restarting due to 1 class path change (0 additions, 0 deletions, 1 modification)
2025-05-04 01:15:18.522 [INFO] [Thread-5] [o.s.b.w.e.tomcat.GracefulShutdown] - Commencing graceful shutdown. Waiting for active requests to complete
2025-05-04 01:15:18.524 [INFO] [tomcat-shutdown] [o.a.coyote.http11.Http11NioProtocol] - Pausing ProtocolHandler ["http-nio-8080"]
2025-05-04 01:15:18.610 [INFO] [tomcat-shutdown] [o.s.b.w.e.tomcat.GracefulShutdown] - Graceful shutdown complete
2025-05-04 01:15:18.611 [INFO] [Thread-5] [o.a.coyote.http11.Http11NioProtocol] - Stopping ProtocolHandler ["http-nio-8080"]
2025-05-04 01:15:18.617 [INFO] [Thread-5] [o.s.o.j.LocalContainerEntityManagerFactoryBean] - Closing JPA EntityManagerFactory for persistence unit 'default'
2025-05-04 01:15:18.622 [INFO] [Thread-5] [com.zaxxer.hikari.HikariDataSource] - HikariPool-1 - Shutdown initiated...
2025-05-04 01:15:18.626 [INFO] [Thread-5] [com.zaxxer.hikari.HikariDataSource] - HikariPool-1 - Shutdown completed.
2025-05-04 01:15:18.753 [INFO] [restartedMain] [c.g.aigroove.AigrooveApplication] - Starting AigrooveApplication using Java 17.0.15 with PID 17224 (C:\dev\AIGroove_api\aigroove\bin\main started by 문유신 in C:\dev\AIGroove_api\aigroove)
2025-05-04 01:15:18.754 [INFO] [restartedMain] [c.g.aigroove.AigrooveApplication] - No active profile set, falling back to 1 default profile: "default"
2025-05-04 01:15:19.407 [INFO] [restartedMain] [o.s.d.r.c.RepositoryConfigurationDelegate] - Bootstrapping Spring Data JPA repositories in DEFAULT mode.
2025-05-04 01:15:19.482 [INFO] [restartedMain] [o.s.d.r.c.RepositoryConfigurationDelegate] - Finished Spring Data repository scanning in 72 ms. Found 11 JPA repository interfaces.
2025-05-04 01:15:19.706 [INFO] [restartedMain] [o.s.b.w.e.tomcat.TomcatWebServer] - Tomcat initialized with port 8080 (http)
2025-05-04 01:15:19.707 [INFO] [restartedMain] [o.a.coyote.http11.Http11NioProtocol] - Initializing ProtocolHandler ["http-nio-8080"]
2025-05-04 01:15:19.707 [INFO] [restartedMain] [o.a.catalina.core.StandardService] - Starting service [Tomcat]
2025-05-04 01:15:19.708 [INFO] [restartedMain] [o.a.catalina.core.StandardEngine] - Starting Servlet engine: [Apache Tomcat/10.1.39]
2025-05-04 01:15:19.736 [INFO] [restartedMain] [o.a.c.c.C.[Tomcat].[localhost].[/]] - Initializing Spring embedded WebApplicationContext
2025-05-04 01:15:19.736 [INFO] [restartedMain] [o.s.b.w.s.c.ServletWebServerApplicationContext] - Root WebApplicationContext: initialization completed in 978 ms
2025-05-04 01:15:19.790 [INFO] [restartedMain] [o.h.jpa.internal.util.LogHelper] - HHH000204: Processing PersistenceUnitInfo [name: default]
2025-05-04 01:15:19.800 [INFO] [restartedMain] [o.h.c.i.RegionFactoryInitiator] - HHH000026: Second-level cache disabled
2025-05-04 01:15:19.825 [INFO] [restartedMain] [o.s.o.j.p.SpringPersistenceUnitInfo] - No LoadTimeWeaver setup: ignoring JPA class transformer
2025-05-04 01:15:19.829 [INFO] [restartedMain] [com.zaxxer.hikari.HikariDataSource] - HikariPool-2 - Starting...
2025-05-04 01:15:19.832 [INFO] [restartedMain] [com.zaxxer.hikari.pool.HikariPool] - HikariPool-2 - Added connection org.mariadb.jdbc.MariaDbConnection@5bdc633d
2025-05-04 01:15:19.832 [INFO] [restartedMain] [com.zaxxer.hikari.HikariDataSource] - HikariPool-2 - Start completed.
2025-05-04 01:15:19.835 [INFO] [restartedMain] [o.hibernate.orm.connections.pooling] - HHH10001005: Database info:
	Database JDBC URL [Connecting through datasource 'HikariDataSource (HikariPool-2)']
	Database driver: undefined/unknown
	Database version: 11.7.2
	Autocommit mode: undefined/unknown
	Isolation level: undefined/unknown
	Minimum pool size: undefined/unknown
	Maximum pool size: undefined/unknown
2025-05-04 01:15:20.117 [INFO] [restartedMain] [o.h.e.t.j.p.i.JtaPlatformInitiator] - HHH000489: No JTA platform available (set 'hibernate.transaction.jta.platform' to enable JTA platform integration)
2025-05-04 01:15:20.160 [INFO] [restartedMain] [o.s.o.j.LocalContainerEntityManagerFactoryBean] - Initialized JPA EntityManagerFactory for persistence unit 'default'
2025-05-04 01:15:20.430 [INFO] [restartedMain] [o.s.s.c.a.a.c.InitializeUserDetailsBeanManagerConfigurer$InitializeUserDetailsManagerConfigurer] - Global AuthenticationManager configured with UserDetailsService bean with name inMemoryUserDetailsManager
2025-05-04 01:15:20.439 [INFO] [restartedMain] [o.s.b.a.w.s.WelcomePageHandlerMapping] - Adding welcome page: class path resource [static/index.html]
2025-05-04 01:15:20.923 [INFO] [restartedMain] [o.s.v.b.OptionalValidatorFactoryBean] - Failed to set up a Bean Validation provider: jakarta.validation.NoProviderFoundException: Unable to create a Configuration, because no Jakarta Bean Validation provider could be found. Add a provider like Hibernate Validator (RI) to your classpath.
2025-05-04 01:15:21.053 [INFO] [restartedMain] [o.s.b.d.a.OptionalLiveReloadServer] - LiveReload server is running on port 35729
2025-05-04 01:15:21.063 [INFO] [restartedMain] [o.a.coyote.http11.Http11NioProtocol] - Starting ProtocolHandler ["http-nio-8080"]
2025-05-04 01:15:21.067 [INFO] [restartedMain] [o.s.b.w.e.tomcat.TomcatWebServer] - Tomcat started on port 8080 (http) with context path '/'
2025-05-04 01:15:21.073 [INFO] [restartedMain] [c.g.aigroove.AigrooveApplication] - Started AigrooveApplication in 2.373 seconds (process running for 372.753)
2025-05-04 01:15:21.075 [INFO] [restartedMain] [o.s.b.d.a.ConditionEvaluationDeltaLoggingListener] - Condition evaluation unchanged
2025-05-04 01:15:22.990 [INFO] [http-nio-8080-exec-1] [o.a.c.c.C.[Tomcat].[localhost].[/]] - Initializing Spring DispatcherServlet 'dispatcherServlet'
2025-05-04 01:15:22.991 [INFO] [http-nio-8080-exec-1] [o.s.web.servlet.DispatcherServlet] - Initializing Servlet 'dispatcherServlet'
2025-05-04 01:15:22.992 [INFO] [http-nio-8080-exec-1] [o.s.web.servlet.DispatcherServlet] - Completed initialization in 1 ms
2025-05-04 01:16:35.980 [INFO] [File Watcher] [o.s.b.d.a.LocalDevToolsAutoConfiguration$RestartingClassPathChangeChangedEventListener] - Restarting due to 1 class path change (0 additions, 0 deletions, 1 modification)
2025-05-04 01:16:35.982 [INFO] [Thread-7] [o.s.b.w.e.tomcat.GracefulShutdown] - Commencing graceful shutdown. Waiting for active requests to complete
2025-05-04 01:16:35.983 [INFO] [tomcat-shutdown] [o.a.coyote.http11.Http11NioProtocol] - Pausing ProtocolHandler ["http-nio-8080"]
2025-05-04 01:16:36.109 [INFO] [tomcat-shutdown] [o.s.b.w.e.tomcat.GracefulShutdown] - Graceful shutdown complete
2025-05-04 01:16:36.110 [INFO] [Thread-7] [o.a.coyote.http11.Http11NioProtocol] - Stopping ProtocolHandler ["http-nio-8080"]
2025-05-04 01:16:36.115 [INFO] [Thread-7] [o.s.o.j.LocalContainerEntityManagerFactoryBean] - Closing JPA EntityManagerFactory for persistence unit 'default'
2025-05-04 01:16:36.117 [INFO] [Thread-7] [com.zaxxer.hikari.HikariDataSource] - HikariPool-2 - Shutdown initiated...
2025-05-04 01:16:36.123 [INFO] [Thread-7] [com.zaxxer.hikari.HikariDataSource] - HikariPool-2 - Shutdown completed.
2025-05-04 01:16:36.245 [INFO] [restartedMain] [c.g.aigroove.AigrooveApplication] - Starting AigrooveApplication using Java 17.0.15 with PID 17224 (C:\dev\AIGroove_api\aigroove\bin\main started by 문유신 in C:\dev\AIGroove_api\aigroove)
2025-05-04 01:16:36.246 [INFO] [restartedMain] [c.g.aigroove.AigrooveApplication] - No active profile set, falling back to 1 default profile: "default"
2025-05-04 01:16:36.758 [INFO] [restartedMain] [o.s.d.r.c.RepositoryConfigurationDelegate] - Bootstrapping Spring Data JPA repositories in DEFAULT mode.
2025-05-04 01:16:36.817 [INFO] [restartedMain] [o.s.d.r.c.RepositoryConfigurationDelegate] - Finished Spring Data repository scanning in 57 ms. Found 11 JPA repository interfaces.
2025-05-04 01:16:36.973 [INFO] [restartedMain] [o.s.b.w.e.tomcat.TomcatWebServer] - Tomcat initialized with port 8080 (http)
2025-05-04 01:16:36.974 [INFO] [restartedMain] [o.a.coyote.http11.Http11NioProtocol] - Initializing ProtocolHandler ["http-nio-8080"]
2025-05-04 01:16:36.975 [INFO] [restartedMain] [o.a.catalina.core.StandardService] - Starting service [Tomcat]
2025-05-04 01:16:36.975 [INFO] [restartedMain] [o.a.catalina.core.StandardEngine] - Starting Servlet engine: [Apache Tomcat/10.1.39]
2025-05-04 01:16:37.002 [INFO] [restartedMain] [o.a.c.c.C.[Tomcat].[localhost].[/]] - Initializing Spring embedded WebApplicationContext
2025-05-04 01:16:37.003 [INFO] [restartedMain] [o.s.b.w.s.c.ServletWebServerApplicationContext] - Root WebApplicationContext: initialization completed in 753 ms
2025-05-04 01:16:37.048 [INFO] [restartedMain] [o.h.jpa.internal.util.LogHelper] - HHH000204: Processing PersistenceUnitInfo [name: default]
2025-05-04 01:16:37.057 [INFO] [restartedMain] [o.h.c.i.RegionFactoryInitiator] - HHH000026: Second-level cache disabled
2025-05-04 01:16:37.085 [INFO] [restartedMain] [o.s.o.j.p.SpringPersistenceUnitInfo] - No LoadTimeWeaver setup: ignoring JPA class transformer
2025-05-04 01:16:37.087 [INFO] [restartedMain] [com.zaxxer.hikari.HikariDataSource] - HikariPool-3 - Starting...
2025-05-04 01:16:37.091 [INFO] [restartedMain] [com.zaxxer.hikari.pool.HikariPool] - HikariPool-3 - Added connection org.mariadb.jdbc.MariaDbConnection@465eb04e
2025-05-04 01:16:37.091 [INFO] [restartedMain] [com.zaxxer.hikari.HikariDataSource] - HikariPool-3 - Start completed.
2025-05-04 01:16:37.093 [INFO] [restartedMain] [o.hibernate.orm.connections.pooling] - HHH10001005: Database info:
	Database JDBC URL [Connecting through datasource 'HikariDataSource (HikariPool-3)']
	Database driver: undefined/unknown
	Database version: 11.7.2
	Autocommit mode: undefined/unknown
	Isolation level: undefined/unknown
	Minimum pool size: undefined/unknown
	Maximum pool size: undefined/unknown
2025-05-04 01:16:37.293 [INFO] [restartedMain] [o.h.e.t.j.p.i.JtaPlatformInitiator] - HHH000489: No JTA platform available (set 'hibernate.transaction.jta.platform' to enable JTA platform integration)
2025-05-04 01:16:37.327 [INFO] [restartedMain] [o.s.o.j.LocalContainerEntityManagerFactoryBean] - Initialized JPA EntityManagerFactory for persistence unit 'default'
2025-05-04 01:16:37.607 [INFO] [restartedMain] [o.s.s.c.a.a.c.InitializeUserDetailsBeanManagerConfigurer$InitializeUserDetailsManagerConfigurer] - Global AuthenticationManager configured with UserDetailsService bean with name inMemoryUserDetailsManager
2025-05-04 01:16:37.618 [INFO] [restartedMain] [o.s.b.a.w.s.WelcomePageHandlerMapping] - Adding welcome page: class path resource [static/index.html]
2025-05-04 01:16:38.128 [INFO] [restartedMain] [o.s.v.b.OptionalValidatorFactoryBean] - Failed to set up a Bean Validation provider: jakarta.validation.NoProviderFoundException: Unable to create a Configuration, because no Jakarta Bean Validation provider could be found. Add a provider like Hibernate Validator (RI) to your classpath.
2025-05-04 01:16:38.347 [INFO] [restartedMain] [o.s.b.d.a.OptionalLiveReloadServer] - LiveReload server is running on port 35729
2025-05-04 01:16:38.361 [INFO] [restartedMain] [o.a.coyote.http11.Http11NioProtocol] - Starting ProtocolHandler ["http-nio-8080"]
2025-05-04 01:16:38.366 [INFO] [restartedMain] [o.s.b.w.e.tomcat.TomcatWebServer] - Tomcat started on port 8080 (http) with context path '/'
2025-05-04 01:16:38.370 [INFO] [restartedMain] [c.g.aigroove.AigrooveApplication] - Started AigrooveApplication in 2.169 seconds (process running for 450.05)
2025-05-04 01:16:38.372 [INFO] [restartedMain] [o.s.b.d.a.ConditionEvaluationDeltaLoggingListener] - Condition evaluation unchanged
2025-05-04 01:16:40.728 [INFO] [http-nio-8080-exec-1] [o.a.c.c.C.[Tomcat].[localhost].[/]] - Initializing Spring DispatcherServlet 'dispatcherServlet'
2025-05-04 01:16:40.729 [INFO] [http-nio-8080-exec-1] [o.s.web.servlet.DispatcherServlet] - Initializing Servlet 'dispatcherServlet'
2025-05-04 01:16:40.730 [INFO] [http-nio-8080-exec-1] [o.s.web.servlet.DispatcherServlet] - Completed initialization in 1 ms
2025-05-04 01:23:13.195 [INFO] [File Watcher] [o.s.b.d.a.LocalDevToolsAutoConfiguration$RestartingClassPathChangeChangedEventListener] - Restarting due to 1 class path change (0 additions, 0 deletions, 1 modification)
2025-05-04 01:23:13.197 [INFO] [Thread-11] [o.s.b.w.e.tomcat.GracefulShutdown] - Commencing graceful shutdown. Waiting for active requests to complete
2025-05-04 01:23:13.198 [INFO] [tomcat-shutdown] [o.a.coyote.http11.Http11NioProtocol] - Pausing ProtocolHandler ["http-nio-8080"]
2025-05-04 01:23:13.283 [INFO] [tomcat-shutdown] [o.s.b.w.e.tomcat.GracefulShutdown] - Graceful shutdown complete
2025-05-04 01:23:13.283 [INFO] [Thread-11] [o.a.coyote.http11.Http11NioProtocol] - Stopping ProtocolHandler ["http-nio-8080"]
2025-05-04 01:23:13.285 [INFO] [Thread-11] [o.s.o.j.LocalContainerEntityManagerFactoryBean] - Closing JPA EntityManagerFactory for persistence unit 'default'
2025-05-04 01:23:13.286 [INFO] [Thread-11] [com.zaxxer.hikari.HikariDataSource] - HikariPool-3 - Shutdown initiated...
2025-05-04 01:23:13.289 [INFO] [Thread-11] [com.zaxxer.hikari.HikariDataSource] - HikariPool-3 - Shutdown completed.
2025-05-04 01:23:13.384 [INFO] [restartedMain] [c.g.aigroove.AigrooveApplication] - Starting AigrooveApplication using Java 17.0.15 with PID 17224 (C:\dev\AIGroove_api\aigroove\bin\main started by 문유신 in C:\dev\AIGroove_api\aigroove)
2025-05-04 01:23:13.385 [INFO] [restartedMain] [c.g.aigroove.AigrooveApplication] - No active profile set, falling back to 1 default profile: "default"
2025-05-04 01:23:13.846 [INFO] [restartedMain] [o.s.d.r.c.RepositoryConfigurationDelegate] - Bootstrapping Spring Data JPA repositories in DEFAULT mode.
2025-05-04 01:23:13.905 [INFO] [restartedMain] [o.s.d.r.c.RepositoryConfigurationDelegate] - Finished Spring Data repository scanning in 57 ms. Found 11 JPA repository interfaces.
2025-05-04 01:23:14.049 [INFO] [restartedMain] [o.s.b.w.e.tomcat.TomcatWebServer] - Tomcat initialized with port 8080 (http)
2025-05-04 01:23:14.051 [INFO] [restartedMain] [o.a.coyote.http11.Http11NioProtocol] - Initializing ProtocolHandler ["http-nio-8080"]
2025-05-04 01:23:14.052 [INFO] [restartedMain] [o.a.catalina.core.StandardService] - Starting service [Tomcat]
2025-05-04 01:23:14.052 [INFO] [restartedMain] [o.a.catalina.core.StandardEngine] - Starting Servlet engine: [Apache Tomcat/10.1.39]
2025-05-04 01:23:14.080 [INFO] [restartedMain] [o.a.c.c.C.[Tomcat].[localhost].[/]] - Initializing Spring embedded WebApplicationContext
2025-05-04 01:23:14.082 [INFO] [restartedMain] [o.s.b.w.s.c.ServletWebServerApplicationContext] - Root WebApplicationContext: initialization completed in 694 ms
2025-05-04 01:23:14.125 [INFO] [restartedMain] [o.h.jpa.internal.util.LogHelper] - HHH000204: Processing PersistenceUnitInfo [name: default]
2025-05-04 01:23:14.132 [INFO] [restartedMain] [o.h.c.i.RegionFactoryInitiator] - HHH000026: Second-level cache disabled
2025-05-04 01:23:14.147 [INFO] [restartedMain] [o.s.o.j.p.SpringPersistenceUnitInfo] - No LoadTimeWeaver setup: ignoring JPA class transformer
2025-05-04 01:23:14.148 [INFO] [restartedMain] [com.zaxxer.hikari.HikariDataSource] - HikariPool-4 - Starting...
2025-05-04 01:23:14.151 [INFO] [restartedMain] [com.zaxxer.hikari.pool.HikariPool] - HikariPool-4 - Added connection org.mariadb.jdbc.MariaDbConnection@33faec52
2025-05-04 01:23:14.151 [INFO] [restartedMain] [com.zaxxer.hikari.HikariDataSource] - HikariPool-4 - Start completed.
2025-05-04 01:23:14.153 [INFO] [restartedMain] [o.hibernate.orm.connections.pooling] - HHH10001005: Database info:
	Database JDBC URL [Connecting through datasource 'HikariDataSource (HikariPool-4)']
	Database driver: undefined/unknown
	Database version: 11.7.2
	Autocommit mode: undefined/unknown
	Isolation level: undefined/unknown
	Minimum pool size: undefined/unknown
	Maximum pool size: undefined/unknown
2025-05-04 01:23:14.337 [INFO] [restartedMain] [o.h.e.t.j.p.i.JtaPlatformInitiator] - HHH000489: No JTA platform available (set 'hibernate.transaction.jta.platform' to enable JTA platform integration)
2025-05-04 01:23:14.370 [INFO] [restartedMain] [o.s.o.j.LocalContainerEntityManagerFactoryBean] - Initialized JPA EntityManagerFactory for persistence unit 'default'
2025-05-04 01:23:14.587 [INFO] [restartedMain] [o.s.s.c.a.a.c.InitializeUserDetailsBeanManagerConfigurer$InitializeUserDetailsManagerConfigurer] - Global AuthenticationManager configured with UserDetailsService bean with name inMemoryUserDetailsManager
2025-05-04 01:23:14.593 [INFO] [restartedMain] [o.s.b.a.w.s.WelcomePageHandlerMapping] - Adding welcome page: class path resource [static/index.html]
2025-05-04 01:23:14.931 [INFO] [restartedMain] [o.s.v.b.OptionalValidatorFactoryBean] - Failed to set up a Bean Validation provider: jakarta.validation.NoProviderFoundException: Unable to create a Configuration, because no Jakarta Bean Validation provider could be found. Add a provider like Hibernate Validator (RI) to your classpath.
2025-05-04 01:23:15.018 [INFO] [restartedMain] [o.s.b.d.a.OptionalLiveReloadServer] - LiveReload server is running on port 35729
2025-05-04 01:23:15.025 [INFO] [restartedMain] [o.a.coyote.http11.Http11NioProtocol] - Starting ProtocolHandler ["http-nio-8080"]
2025-05-04 01:23:15.029 [INFO] [restartedMain] [o.s.b.w.e.tomcat.TomcatWebServer] - Tomcat started on port 8080 (http) with context path '/'
2025-05-04 01:23:15.033 [INFO] [restartedMain] [c.g.aigroove.AigrooveApplication] - Started AigrooveApplication in 1.692 seconds (process running for 846.713)
2025-05-04 01:23:15.035 [INFO] [restartedMain] [o.s.b.d.a.ConditionEvaluationDeltaLoggingListener] - Condition evaluation unchanged
2025-05-04 01:23:30.773 [INFO] [http-nio-8080-exec-1] [o.a.c.c.C.[Tomcat].[localhost].[/]] - Initializing Spring DispatcherServlet 'dispatcherServlet'
2025-05-04 01:23:30.773 [INFO] [http-nio-8080-exec-1] [o.s.web.servlet.DispatcherServlet] - Initializing Servlet 'dispatcherServlet'
2025-05-04 01:23:30.774 [INFO] [http-nio-8080-exec-1] [o.s.web.servlet.DispatcherServlet] - Completed initialization in 1 ms
2025-05-04 01:25:14.363 [INFO] [File Watcher] [o.s.b.d.a.LocalDevToolsAutoConfiguration$RestartingClassPathChangeChangedEventListener] - Restarting due to 1 class path change (0 additions, 0 deletions, 1 modification)
2025-05-04 01:25:14.365 [INFO] [Thread-15] [o.s.b.w.e.tomcat.GracefulShutdown] - Commencing graceful shutdown. Waiting for active requests to complete
2025-05-04 01:25:14.366 [INFO] [tomcat-shutdown] [o.a.coyote.http11.Http11NioProtocol] - Pausing ProtocolHandler ["http-nio-8080"]
2025-05-04 01:25:14.470 [INFO] [tomcat-shutdown] [o.s.b.w.e.tomcat.GracefulShutdown] - Graceful shutdown complete
2025-05-04 01:25:14.471 [INFO] [Thread-15] [o.a.coyote.http11.Http11NioProtocol] - Stopping ProtocolHandler ["http-nio-8080"]
2025-05-04 01:25:14.473 [INFO] [Thread-15] [o.s.o.j.LocalContainerEntityManagerFactoryBean] - Closing JPA EntityManagerFactory for persistence unit 'default'
2025-05-04 01:25:14.474 [INFO] [Thread-15] [com.zaxxer.hikari.HikariDataSource] - HikariPool-4 - Shutdown initiated...
2025-05-04 01:25:14.476 [INFO] [Thread-15] [com.zaxxer.hikari.HikariDataSource] - HikariPool-4 - Shutdown completed.
2025-05-04 01:25:14.570 [INFO] [restartedMain] [c.g.aigroove.AigrooveApplication] - Starting AigrooveApplication using Java 17.0.15 with PID 17224 (C:\dev\AIGroove_api\aigroove\bin\main started by 문유신 in C:\dev\AIGroove_api\aigroove)
2025-05-04 01:25:14.570 [INFO] [restartedMain] [c.g.aigroove.AigrooveApplication] - No active profile set, falling back to 1 default profile: "default"
2025-05-04 01:25:15.005 [INFO] [restartedMain] [o.s.d.r.c.RepositoryConfigurationDelegate] - Bootstrapping Spring Data JPA repositories in DEFAULT mode.
2025-05-04 01:25:15.075 [INFO] [restartedMain] [o.s.d.r.c.RepositoryConfigurationDelegate] - Finished Spring Data repository scanning in 68 ms. Found 11 JPA repository interfaces.
2025-05-04 01:25:15.253 [INFO] [restartedMain] [o.s.b.w.e.tomcat.TomcatWebServer] - Tomcat initialized with port 8080 (http)
2025-05-04 01:25:15.254 [INFO] [restartedMain] [o.a.coyote.http11.Http11NioProtocol] - Initializing ProtocolHandler ["http-nio-8080"]
2025-05-04 01:25:15.255 [INFO] [restartedMain] [o.a.catalina.core.StandardService] - Starting service [Tomcat]
2025-05-04 01:25:15.256 [INFO] [restartedMain] [o.a.catalina.core.StandardEngine] - Starting Servlet engine: [Apache Tomcat/10.1.39]
2025-05-04 01:25:15.289 [INFO] [restartedMain] [o.a.c.c.C.[Tomcat].[localhost].[/]] - Initializing Spring embedded WebApplicationContext
2025-05-04 01:25:15.289 [INFO] [restartedMain] [o.s.b.w.s.c.ServletWebServerApplicationContext] - Root WebApplicationContext: initialization completed in 716 ms
2025-05-04 01:25:15.339 [INFO] [restartedMain] [o.h.jpa.internal.util.LogHelper] - HHH000204: Processing PersistenceUnitInfo [name: default]
2025-05-04 01:25:15.346 [INFO] [restartedMain] [o.h.c.i.RegionFactoryInitiator] - HHH000026: Second-level cache disabled
2025-05-04 01:25:15.364 [INFO] [restartedMain] [o.s.o.j.p.SpringPersistenceUnitInfo] - No LoadTimeWeaver setup: ignoring JPA class transformer
2025-05-04 01:25:15.367 [INFO] [restartedMain] [com.zaxxer.hikari.HikariDataSource] - HikariPool-5 - Starting...
2025-05-04 01:25:15.370 [INFO] [restartedMain] [com.zaxxer.hikari.pool.HikariPool] - HikariPool-5 - Added connection org.mariadb.jdbc.MariaDbConnection@7da2ab5c
2025-05-04 01:25:15.370 [INFO] [restartedMain] [com.zaxxer.hikari.HikariDataSource] - HikariPool-5 - Start completed.
2025-05-04 01:25:15.372 [INFO] [restartedMain] [o.hibernate.orm.connections.pooling] - HHH10001005: Database info:
	Database JDBC URL [Connecting through datasource 'HikariDataSource (HikariPool-5)']
	Database driver: undefined/unknown
	Database version: 11.7.2
	Autocommit mode: undefined/unknown
	Isolation level: undefined/unknown
	Minimum pool size: undefined/unknown
	Maximum pool size: undefined/unknown
2025-05-04 01:25:15.579 [INFO] [restartedMain] [o.h.e.t.j.p.i.JtaPlatformInitiator] - HHH000489: No JTA platform available (set 'hibernate.transaction.jta.platform' to enable JTA platform integration)
2025-05-04 01:25:15.607 [INFO] [restartedMain] [o.s.o.j.LocalContainerEntityManagerFactoryBean] - Initialized JPA EntityManagerFactory for persistence unit 'default'
2025-05-04 01:25:15.799 [INFO] [restartedMain] [o.s.s.c.a.a.c.InitializeUserDetailsBeanManagerConfigurer$InitializeUserDetailsManagerConfigurer] - Global AuthenticationManager configured with UserDetailsService bean with name inMemoryUserDetailsManager
2025-05-04 01:25:15.806 [INFO] [restartedMain] [o.s.b.a.w.s.WelcomePageHandlerMapping] - Adding welcome page: class path resource [static/index.html]
2025-05-04 01:25:16.195 [INFO] [restartedMain] [o.s.v.b.OptionalValidatorFactoryBean] - Failed to set up a Bean Validation provider: jakarta.validation.NoProviderFoundException: Unable to create a Configuration, because no Jakarta Bean Validation provider could be found. Add a provider like Hibernate Validator (RI) to your classpath.
2025-05-04 01:25:16.280 [INFO] [restartedMain] [o.s.b.d.a.OptionalLiveReloadServer] - LiveReload server is running on port 35729
2025-05-04 01:25:16.289 [INFO] [restartedMain] [o.a.coyote.http11.Http11NioProtocol] - Starting ProtocolHandler ["http-nio-8080"]
2025-05-04 01:25:16.294 [INFO] [restartedMain] [o.s.b.w.e.tomcat.TomcatWebServer] - Tomcat started on port 8080 (http) with context path '/'
2025-05-04 01:25:16.299 [INFO] [restartedMain] [c.g.aigroove.AigrooveApplication] - Started AigrooveApplication in 1.766 seconds (process running for 967.98)
2025-05-04 01:25:16.301 [INFO] [restartedMain] [o.s.b.d.a.ConditionEvaluationDeltaLoggingListener] - Condition evaluation unchanged
2025-05-04 01:25:30.569 [INFO] [http-nio-8080-exec-1] [o.a.c.c.C.[Tomcat].[localhost].[/]] - Initializing Spring DispatcherServlet 'dispatcherServlet'
2025-05-04 01:25:30.569 [INFO] [http-nio-8080-exec-1] [o.s.web.servlet.DispatcherServlet] - Initializing Servlet 'dispatcherServlet'
2025-05-04 01:25:30.570 [INFO] [http-nio-8080-exec-1] [o.s.web.servlet.DispatcherServlet] - Completed initialization in 1 ms
2025-05-04 01:28:20.876 [INFO] [File Watcher] [o.s.b.d.a.LocalDevToolsAutoConfiguration$RestartingClassPathChangeChangedEventListener] - Restarting due to 1 class path change (0 additions, 0 deletions, 1 modification)
2025-05-04 01:28:20.878 [INFO] [Thread-19] [o.s.b.w.e.tomcat.GracefulShutdown] - Commencing graceful shutdown. Waiting for active requests to complete
2025-05-04 01:28:20.879 [INFO] [tomcat-shutdown] [o.a.coyote.http11.Http11NioProtocol] - Pausing ProtocolHandler ["http-nio-8080"]
2025-05-04 01:28:20.983 [INFO] [tomcat-shutdown] [o.s.b.w.e.tomcat.GracefulShutdown] - Graceful shutdown complete
2025-05-04 01:28:20.983 [INFO] [Thread-19] [o.a.coyote.http11.Http11NioProtocol] - Stopping ProtocolHandler ["http-nio-8080"]
2025-05-04 01:28:20.985 [INFO] [Thread-19] [o.s.o.j.LocalContainerEntityManagerFactoryBean] - Closing JPA EntityManagerFactory for persistence unit 'default'
2025-05-04 01:28:20.985 [INFO] [Thread-19] [com.zaxxer.hikari.HikariDataSource] - HikariPool-5 - Shutdown initiated...
2025-05-04 01:28:20.987 [INFO] [Thread-19] [com.zaxxer.hikari.HikariDataSource] - HikariPool-5 - Shutdown completed.
2025-05-04 01:28:21.076 [INFO] [restartedMain] [c.g.aigroove.AigrooveApplication] - Starting AigrooveApplication using Java 17.0.15 with PID 17224 (C:\dev\AIGroove_api\aigroove\bin\main started by 문유신 in C:\dev\AIGroove_api\aigroove)
2025-05-04 01:28:21.077 [INFO] [restartedMain] [c.g.aigroove.AigrooveApplication] - No active profile set, falling back to 1 default profile: "default"
2025-05-04 01:28:21.457 [INFO] [restartedMain] [o.s.d.r.c.RepositoryConfigurationDelegate] - Bootstrapping Spring Data JPA repositories in DEFAULT mode.
2025-05-04 01:28:21.518 [INFO] [restartedMain] [o.s.d.r.c.RepositoryConfigurationDelegate] - Finished Spring Data repository scanning in 60 ms. Found 11 JPA repository interfaces.
2025-05-04 01:28:21.653 [INFO] [restartedMain] [o.s.b.w.e.tomcat.TomcatWebServer] - Tomcat initialized with port 8080 (http)
2025-05-04 01:28:21.654 [INFO] [restartedMain] [o.a.coyote.http11.Http11NioProtocol] - Initializing ProtocolHandler ["http-nio-8080"]
2025-05-04 01:28:21.654 [INFO] [restartedMain] [o.a.catalina.core.StandardService] - Starting service [Tomcat]
2025-05-04 01:28:21.655 [INFO] [restartedMain] [o.a.catalina.core.StandardEngine] - Starting Servlet engine: [Apache Tomcat/10.1.39]
2025-05-04 01:28:21.680 [INFO] [restartedMain] [o.a.c.c.C.[Tomcat].[localhost].[/]] - Initializing Spring embedded WebApplicationContext
2025-05-04 01:28:21.680 [INFO] [restartedMain] [o.s.b.w.s.c.ServletWebServerApplicationContext] - Root WebApplicationContext: initialization completed in 601 ms
2025-05-04 01:28:21.727 [INFO] [restartedMain] [o.h.jpa.internal.util.LogHelper] - HHH000204: Processing PersistenceUnitInfo [name: default]
2025-05-04 01:28:21.733 [INFO] [restartedMain] [o.h.c.i.RegionFactoryInitiator] - HHH000026: Second-level cache disabled
2025-05-04 01:28:21.747 [INFO] [restartedMain] [o.s.o.j.p.SpringPersistenceUnitInfo] - No LoadTimeWeaver setup: ignoring JPA class transformer
2025-05-04 01:28:21.749 [INFO] [restartedMain] [com.zaxxer.hikari.HikariDataSource] - HikariPool-6 - Starting...
2025-05-04 01:28:21.751 [INFO] [restartedMain] [com.zaxxer.hikari.pool.HikariPool] - HikariPool-6 - Added connection org.mariadb.jdbc.MariaDbConnection@58a8ad49
2025-05-04 01:28:21.752 [INFO] [restartedMain] [com.zaxxer.hikari.HikariDataSource] - HikariPool-6 - Start completed.
2025-05-04 01:28:21.753 [INFO] [restartedMain] [o.hibernate.orm.connections.pooling] - HHH10001005: Database info:
	Database JDBC URL [Connecting through datasource 'HikariDataSource (HikariPool-6)']
	Database driver: undefined/unknown
	Database version: 11.7.2
	Autocommit mode: undefined/unknown
	Isolation level: undefined/unknown
	Minimum pool size: undefined/unknown
	Maximum pool size: undefined/unknown
2025-05-04 01:28:21.919 [INFO] [restartedMain] [o.h.e.t.j.p.i.JtaPlatformInitiator] - HHH000489: No JTA platform available (set 'hibernate.transaction.jta.platform' to enable JTA platform integration)
2025-05-04 01:28:21.949 [INFO] [restartedMain] [o.s.o.j.LocalContainerEntityManagerFactoryBean] - Initialized JPA EntityManagerFactory for persistence unit 'default'
2025-05-04 01:28:22.129 [INFO] [restartedMain] [o.s.s.c.a.a.c.InitializeUserDetailsBeanManagerConfigurer$InitializeUserDetailsManagerConfigurer] - Global AuthenticationManager configured with UserDetailsService bean with name inMemoryUserDetailsManager
2025-05-04 01:28:22.135 [INFO] [restartedMain] [o.s.b.a.w.s.WelcomePageHandlerMapping] - Adding welcome page: class path resource [static/index.html]
2025-05-04 01:28:22.445 [INFO] [restartedMain] [o.s.v.b.OptionalValidatorFactoryBean] - Failed to set up a Bean Validation provider: jakarta.validation.NoProviderFoundException: Unable to create a Configuration, because no Jakarta Bean Validation provider could be found. Add a provider like Hibernate Validator (RI) to your classpath.
2025-05-04 01:28:22.509 [INFO] [restartedMain] [o.s.b.d.a.OptionalLiveReloadServer] - LiveReload server is running on port 35729
2025-05-04 01:28:22.517 [INFO] [restartedMain] [o.a.coyote.http11.Http11NioProtocol] - Starting ProtocolHandler ["http-nio-8080"]
2025-05-04 01:28:22.521 [INFO] [restartedMain] [o.s.b.w.e.tomcat.TomcatWebServer] - Tomcat started on port 8080 (http) with context path '/'
2025-05-04 01:28:22.524 [INFO] [restartedMain] [c.g.aigroove.AigrooveApplication] - Started AigrooveApplication in 1.484 seconds (process running for 1154.204)
2025-05-04 01:28:22.525 [INFO] [restartedMain] [o.s.b.d.a.ConditionEvaluationDeltaLoggingListener] - Condition evaluation unchanged
2025-05-04 01:28:28.647 [INFO] [http-nio-8080-exec-1] [o.a.c.c.C.[Tomcat].[localhost].[/]] - Initializing Spring DispatcherServlet 'dispatcherServlet'
2025-05-04 01:28:28.647 [INFO] [http-nio-8080-exec-1] [o.s.web.servlet.DispatcherServlet] - Initializing Servlet 'dispatcherServlet'
2025-05-04 01:28:28.648 [INFO] [http-nio-8080-exec-1] [o.s.web.servlet.DispatcherServlet] - Completed initialization in 1 ms
2025-05-04 01:31:15.719 [INFO] [File Watcher] [o.s.b.d.a.LocalDevToolsAutoConfiguration$RestartingClassPathChangeChangedEventListener] - Restarting due to 2 class path changes (0 additions, 0 deletions, 2 modifications)
2025-05-04 01:31:15.720 [INFO] [Thread-23] [o.s.b.w.e.tomcat.GracefulShutdown] - Commencing graceful shutdown. Waiting for active requests to complete
2025-05-04 01:31:15.721 [INFO] [tomcat-shutdown] [o.a.coyote.http11.Http11NioProtocol] - Pausing ProtocolHandler ["http-nio-8080"]
2025-05-04 01:31:15.805 [INFO] [tomcat-shutdown] [o.s.b.w.e.tomcat.GracefulShutdown] - Graceful shutdown complete
2025-05-04 01:31:15.806 [INFO] [Thread-23] [o.a.coyote.http11.Http11NioProtocol] - Stopping ProtocolHandler ["http-nio-8080"]
2025-05-04 01:31:15.807 [INFO] [Thread-23] [o.s.o.j.LocalContainerEntityManagerFactoryBean] - Closing JPA EntityManagerFactory for persistence unit 'default'
2025-05-04 01:31:15.808 [INFO] [Thread-23] [com.zaxxer.hikari.HikariDataSource] - HikariPool-6 - Shutdown initiated...
2025-05-04 01:31:15.810 [INFO] [Thread-23] [com.zaxxer.hikari.HikariDataSource] - HikariPool-6 - Shutdown completed.
2025-05-04 01:31:15.899 [INFO] [restartedMain] [c.g.aigroove.AigrooveApplication] - Starting AigrooveApplication using Java 17.0.15 with PID 17224 (C:\dev\AIGroove_api\aigroove\bin\main started by 문유신 in C:\dev\AIGroove_api\aigroove)
2025-05-04 01:31:15.900 [INFO] [restartedMain] [c.g.aigroove.AigrooveApplication] - No active profile set, falling back to 1 default profile: "default"
2025-05-04 01:31:16.268 [INFO] [restartedMain] [o.s.d.r.c.RepositoryConfigurationDelegate] - Bootstrapping Spring Data JPA repositories in DEFAULT mode.
2025-05-04 01:31:16.312 [INFO] [restartedMain] [o.s.d.r.c.RepositoryConfigurationDelegate] - Finished Spring Data repository scanning in 42 ms. Found 11 JPA repository interfaces.
2025-05-04 01:31:16.426 [INFO] [restartedMain] [o.s.b.w.e.tomcat.TomcatWebServer] - Tomcat initialized with port 8080 (http)
2025-05-04 01:31:16.426 [INFO] [restartedMain] [o.a.coyote.http11.Http11NioProtocol] - Initializing ProtocolHandler ["http-nio-8080"]
2025-05-04 01:31:16.427 [INFO] [restartedMain] [o.a.catalina.core.StandardService] - Starting service [Tomcat]
2025-05-04 01:31:16.427 [INFO] [restartedMain] [o.a.catalina.core.StandardEngine] - Starting Servlet engine: [Apache Tomcat/10.1.39]
2025-05-04 01:31:16.451 [INFO] [restartedMain] [o.a.c.c.C.[Tomcat].[localhost].[/]] - Initializing Spring embedded WebApplicationContext
2025-05-04 01:31:16.451 [INFO] [restartedMain] [o.s.b.w.s.c.ServletWebServerApplicationContext] - Root WebApplicationContext: initialization completed in 548 ms
2025-05-04 01:31:16.493 [INFO] [restartedMain] [o.h.jpa.internal.util.LogHelper] - HHH000204: Processing PersistenceUnitInfo [name: default]
2025-05-04 01:31:16.498 [INFO] [restartedMain] [o.h.c.i.RegionFactoryInitiator] - HHH000026: Second-level cache disabled
2025-05-04 01:31:16.512 [INFO] [restartedMain] [o.s.o.j.p.SpringPersistenceUnitInfo] - No LoadTimeWeaver setup: ignoring JPA class transformer
2025-05-04 01:31:16.514 [INFO] [restartedMain] [com.zaxxer.hikari.HikariDataSource] - HikariPool-7 - Starting...
2025-05-04 01:31:16.517 [INFO] [restartedMain] [com.zaxxer.hikari.pool.HikariPool] - HikariPool-7 - Added connection org.mariadb.jdbc.MariaDbConnection@7e7ec442
2025-05-04 01:31:16.517 [INFO] [restartedMain] [com.zaxxer.hikari.HikariDataSource] - HikariPool-7 - Start completed.
2025-05-04 01:31:16.518 [INFO] [restartedMain] [o.hibernate.orm.connections.pooling] - HHH10001005: Database info:
	Database JDBC URL [Connecting through datasource 'HikariDataSource (HikariPool-7)']
	Database driver: undefined/unknown
	Database version: 11.7.2
	Autocommit mode: undefined/unknown
	Isolation level: undefined/unknown
	Minimum pool size: undefined/unknown
	Maximum pool size: undefined/unknown
2025-05-04 01:31:16.677 [INFO] [restartedMain] [o.h.e.t.j.p.i.JtaPlatformInitiator] - HHH000489: No JTA platform available (set 'hibernate.transaction.jta.platform' to enable JTA platform integration)
2025-05-04 01:31:16.702 [INFO] [restartedMain] [o.s.o.j.LocalContainerEntityManagerFactoryBean] - Initialized JPA EntityManagerFactory for persistence unit 'default'
2025-05-04 01:31:16.876 [INFO] [restartedMain] [o.s.s.c.a.a.c.InitializeUserDetailsBeanManagerConfigurer$InitializeUserDetailsManagerConfigurer] - Global AuthenticationManager configured with UserDetailsService bean with name inMemoryUserDetailsManager
2025-05-04 01:31:16.882 [INFO] [restartedMain] [o.s.b.a.w.s.WelcomePageHandlerMapping] - Adding welcome page: class path resource [static/index.html]
2025-05-04 01:31:17.186 [INFO] [restartedMain] [o.s.v.b.OptionalValidatorFactoryBean] - Failed to set up a Bean Validation provider: jakarta.validation.NoProviderFoundException: Unable to create a Configuration, because no Jakarta Bean Validation provider could be found. Add a provider like Hibernate Validator (RI) to your classpath.
2025-05-04 01:31:17.271 [INFO] [restartedMain] [o.s.b.d.a.OptionalLiveReloadServer] - LiveReload server is running on port 35729
2025-05-04 01:31:17.279 [INFO] [restartedMain] [o.a.coyote.http11.Http11NioProtocol] - Starting ProtocolHandler ["http-nio-8080"]
2025-05-04 01:31:17.283 [INFO] [restartedMain] [o.s.b.w.e.tomcat.TomcatWebServer] - Tomcat started on port 8080 (http) with context path '/'
2025-05-04 01:31:17.286 [INFO] [restartedMain] [c.g.aigroove.AigrooveApplication] - Started AigrooveApplication in 1.42 seconds (process running for 1328.967)
2025-05-04 01:31:17.288 [INFO] [restartedMain] [o.s.b.d.a.ConditionEvaluationDeltaLoggingListener] - Condition evaluation unchanged
2025-05-04 01:31:21.857 [INFO] [http-nio-8080-exec-1] [o.a.c.c.C.[Tomcat].[localhost].[/]] - Initializing Spring DispatcherServlet 'dispatcherServlet'
2025-05-04 01:31:21.857 [INFO] [http-nio-8080-exec-1] [o.s.web.servlet.DispatcherServlet] - Initializing Servlet 'dispatcherServlet'
2025-05-04 01:31:21.858 [INFO] [http-nio-8080-exec-1] [o.s.web.servlet.DispatcherServlet] - Completed initialization in 1 ms
2025-05-04 01:32:04.265 [INFO] [File Watcher] [o.s.b.d.a.LocalDevToolsAutoConfiguration$RestartingClassPathChangeChangedEventListener] - Restarting due to 1 class path change (0 additions, 0 deletions, 1 modification)
2025-05-04 01:32:04.266 [INFO] [Thread-27] [o.s.b.w.e.tomcat.GracefulShutdown] - Commencing graceful shutdown. Waiting for active requests to complete
2025-05-04 01:32:04.267 [INFO] [tomcat-shutdown] [o.a.coyote.http11.Http11NioProtocol] - Pausing ProtocolHandler ["http-nio-8080"]
2025-05-04 01:32:04.351 [INFO] [tomcat-shutdown] [o.s.b.w.e.tomcat.GracefulShutdown] - Graceful shutdown complete
2025-05-04 01:32:04.352 [INFO] [Thread-27] [o.a.coyote.http11.Http11NioProtocol] - Stopping ProtocolHandler ["http-nio-8080"]
2025-05-04 01:32:04.354 [INFO] [Thread-27] [o.s.o.j.LocalContainerEntityManagerFactoryBean] - Closing JPA EntityManagerFactory for persistence unit 'default'
2025-05-04 01:32:04.354 [INFO] [Thread-27] [com.zaxxer.hikari.HikariDataSource] - HikariPool-7 - Shutdown initiated...
2025-05-04 01:32:04.356 [INFO] [Thread-27] [com.zaxxer.hikari.HikariDataSource] - HikariPool-7 - Shutdown completed.
2025-05-04 01:32:04.447 [INFO] [restartedMain] [c.g.aigroove.AigrooveApplication] - Starting AigrooveApplication using Java 17.0.15 with PID 17224 (C:\dev\AIGroove_api\aigroove\bin\main started by 문유신 in C:\dev\AIGroove_api\aigroove)
2025-05-04 01:32:04.447 [INFO] [restartedMain] [c.g.aigroove.AigrooveApplication] - No active profile set, falling back to 1 default profile: "default"
2025-05-04 01:32:04.790 [INFO] [restartedMain] [o.s.d.r.c.RepositoryConfigurationDelegate] - Bootstrapping Spring Data JPA repositories in DEFAULT mode.
2025-05-04 01:32:04.839 [INFO] [restartedMain] [o.s.d.r.c.RepositoryConfigurationDelegate] - Finished Spring Data repository scanning in 48 ms. Found 11 JPA repository interfaces.
2025-05-04 01:32:05.008 [INFO] [restartedMain] [o.s.b.w.e.tomcat.TomcatWebServer] - Tomcat initialized with port 8080 (http)
2025-05-04 01:32:05.010 [INFO] [restartedMain] [o.a.coyote.http11.Http11NioProtocol] - Initializing ProtocolHandler ["http-nio-8080"]
2025-05-04 01:32:05.010 [INFO] [restartedMain] [o.a.catalina.core.StandardService] - Starting service [Tomcat]
2025-05-04 01:32:05.013 [INFO] [restartedMain] [o.a.catalina.core.StandardEngine] - Starting Servlet engine: [Apache Tomcat/10.1.39]
2025-05-04 01:32:05.039 [INFO] [restartedMain] [o.a.c.c.C.[Tomcat].[localhost].[/]] - Initializing Spring embedded WebApplicationContext
2025-05-04 01:32:05.039 [INFO] [restartedMain] [o.s.b.w.s.c.ServletWebServerApplicationContext] - Root WebApplicationContext: initialization completed in 590 ms
2025-05-04 01:32:05.080 [INFO] [restartedMain] [o.h.jpa.internal.util.LogHelper] - HHH000204: Processing PersistenceUnitInfo [name: default]
2025-05-04 01:32:05.085 [INFO] [restartedMain] [o.h.c.i.RegionFactoryInitiator] - HHH000026: Second-level cache disabled
2025-05-04 01:32:05.099 [INFO] [restartedMain] [o.s.o.j.p.SpringPersistenceUnitInfo] - No LoadTimeWeaver setup: ignoring JPA class transformer
2025-05-04 01:32:05.102 [INFO] [restartedMain] [com.zaxxer.hikari.HikariDataSource] - HikariPool-8 - Starting...
2025-05-04 01:32:05.106 [INFO] [restartedMain] [com.zaxxer.hikari.pool.HikariPool] - HikariPool-8 - Added connection org.mariadb.jdbc.MariaDbConnection@3a09846b
2025-05-04 01:32:05.107 [INFO] [restartedMain] [com.zaxxer.hikari.HikariDataSource] - HikariPool-8 - Start completed.
2025-05-04 01:32:05.109 [INFO] [restartedMain] [o.hibernate.orm.connections.pooling] - HHH10001005: Database info:
	Database JDBC URL [Connecting through datasource 'HikariDataSource (HikariPool-8)']
	Database driver: undefined/unknown
	Database version: 11.7.2
	Autocommit mode: undefined/unknown
	Isolation level: undefined/unknown
	Minimum pool size: undefined/unknown
	Maximum pool size: undefined/unknown
2025-05-04 01:32:05.482 [INFO] [restartedMain] [o.h.e.t.j.p.i.JtaPlatformInitiator] - HHH000489: No JTA platform available (set 'hibernate.transaction.jta.platform' to enable JTA platform integration)
2025-05-04 01:32:05.525 [INFO] [restartedMain] [o.s.o.j.LocalContainerEntityManagerFactoryBean] - Initialized JPA EntityManagerFactory for persistence unit 'default'
2025-05-04 01:32:05.700 [INFO] [restartedMain] [o.s.s.c.a.a.c.InitializeUserDetailsBeanManagerConfigurer$InitializeUserDetailsManagerConfigurer] - Global AuthenticationManager configured with UserDetailsService bean with name inMemoryUserDetailsManager
2025-05-04 01:32:05.706 [INFO] [restartedMain] [o.s.b.a.w.s.WelcomePageHandlerMapping] - Adding welcome page: class path resource [static/index.html]
2025-05-04 01:32:06.017 [INFO] [restartedMain] [o.s.v.b.OptionalValidatorFactoryBean] - Failed to set up a Bean Validation provider: jakarta.validation.NoProviderFoundException: Unable to create a Configuration, because no Jakarta Bean Validation provider could be found. Add a provider like Hibernate Validator (RI) to your classpath.
2025-05-04 01:32:06.086 [INFO] [restartedMain] [o.s.b.d.a.OptionalLiveReloadServer] - LiveReload server is running on port 35729
2025-05-04 01:32:06.094 [INFO] [restartedMain] [o.a.coyote.http11.Http11NioProtocol] - Starting ProtocolHandler ["http-nio-8080"]
2025-05-04 01:32:06.097 [INFO] [restartedMain] [o.s.b.w.e.tomcat.TomcatWebServer] - Tomcat started on port 8080 (http) with context path '/'
2025-05-04 01:32:06.100 [INFO] [restartedMain] [c.g.aigroove.AigrooveApplication] - Started AigrooveApplication in 1.686 seconds (process running for 1377.781)
2025-05-04 01:32:06.102 [INFO] [restartedMain] [o.s.b.d.a.ConditionEvaluationDeltaLoggingListener] - Condition evaluation unchanged
2025-05-04 01:32:09.057 [INFO] [http-nio-8080-exec-1] [o.a.c.c.C.[Tomcat].[localhost].[/]] - Initializing Spring DispatcherServlet 'dispatcherServlet'
2025-05-04 01:32:09.058 [INFO] [http-nio-8080-exec-1] [o.s.web.servlet.DispatcherServlet] - Initializing Servlet 'dispatcherServlet'
2025-05-04 01:32:09.059 [INFO] [http-nio-8080-exec-1] [o.s.web.servlet.DispatcherServlet] - Completed initialization in 1 ms
2025-05-04 01:38:47.202 [INFO] [File Watcher] [o.s.b.d.a.LocalDevToolsAutoConfiguration$RestartingClassPathChangeChangedEventListener] - Restarting due to 1 class path change (0 additions, 0 deletions, 1 modification)
2025-05-04 01:38:47.204 [INFO] [Thread-31] [o.s.b.w.e.tomcat.GracefulShutdown] - Commencing graceful shutdown. Waiting for active requests to complete
2025-05-04 01:38:47.204 [INFO] [tomcat-shutdown] [o.a.coyote.http11.Http11NioProtocol] - Pausing ProtocolHandler ["http-nio-8080"]
2025-05-04 01:38:47.295 [INFO] [tomcat-shutdown] [o.s.b.w.e.tomcat.GracefulShutdown] - Graceful shutdown complete
2025-05-04 01:38:47.295 [INFO] [Thread-31] [o.a.coyote.http11.Http11NioProtocol] - Stopping ProtocolHandler ["http-nio-8080"]
2025-05-04 01:38:47.297 [INFO] [Thread-31] [o.s.o.j.LocalContainerEntityManagerFactoryBean] - Closing JPA EntityManagerFactory for persistence unit 'default'
2025-05-04 01:38:47.297 [INFO] [Thread-31] [com.zaxxer.hikari.HikariDataSource] - HikariPool-8 - Shutdown initiated...
2025-05-04 01:38:47.299 [INFO] [Thread-31] [com.zaxxer.hikari.HikariDataSource] - HikariPool-8 - Shutdown completed.
2025-05-04 01:38:47.389 [INFO] [restartedMain] [c.g.aigroove.AigrooveApplication] - Starting AigrooveApplication using Java 17.0.15 with PID 17224 (C:\dev\AIGroove_api\aigroove\bin\main started by 문유신 in C:\dev\AIGroove_api\aigroove)
2025-05-04 01:38:47.390 [INFO] [restartedMain] [c.g.aigroove.AigrooveApplication] - No active profile set, falling back to 1 default profile: "default"
2025-05-04 01:38:47.714 [INFO] [restartedMain] [o.s.d.r.c.RepositoryConfigurationDelegate] - Bootstrapping Spring Data JPA repositories in DEFAULT mode.
2025-05-04 01:38:47.760 [INFO] [restartedMain] [o.s.d.r.c.RepositoryConfigurationDelegate] - Finished Spring Data repository scanning in 45 ms. Found 11 JPA repository interfaces.
2025-05-04 01:38:47.851 [INFO] [restartedMain] [o.s.b.w.e.tomcat.TomcatWebServer] - Tomcat initialized with port 8080 (http)
2025-05-04 01:38:47.851 [INFO] [restartedMain] [o.a.coyote.http11.Http11NioProtocol] - Initializing ProtocolHandler ["http-nio-8080"]
2025-05-04 01:38:47.852 [INFO] [restartedMain] [o.a.catalina.core.StandardService] - Starting service [Tomcat]
2025-05-04 01:38:47.852 [INFO] [restartedMain] [o.a.catalina.core.StandardEngine] - Starting Servlet engine: [Apache Tomcat/10.1.39]
2025-05-04 01:38:47.872 [INFO] [restartedMain] [o.a.c.c.C.[Tomcat].[localhost].[/]] - Initializing Spring embedded WebApplicationContext
2025-05-04 01:38:47.872 [INFO] [restartedMain] [o.s.b.w.s.c.ServletWebServerApplicationContext] - Root WebApplicationContext: initialization completed in 480 ms
2025-05-04 01:38:47.899 [INFO] [restartedMain] [o.h.jpa.internal.util.LogHelper] - HHH000204: Processing PersistenceUnitInfo [name: default]
2025-05-04 01:38:47.905 [INFO] [restartedMain] [o.h.c.i.RegionFactoryInitiator] - HHH000026: Second-level cache disabled
2025-05-04 01:38:47.916 [INFO] [restartedMain] [o.s.o.j.p.SpringPersistenceUnitInfo] - No LoadTimeWeaver setup: ignoring JPA class transformer
2025-05-04 01:38:47.919 [INFO] [restartedMain] [com.zaxxer.hikari.HikariDataSource] - HikariPool-9 - Starting...
2025-05-04 01:38:47.921 [INFO] [restartedMain] [com.zaxxer.hikari.pool.HikariPool] - HikariPool-9 - Added connection org.mariadb.jdbc.MariaDbConnection@587bb092
2025-05-04 01:38:47.923 [INFO] [restartedMain] [com.zaxxer.hikari.HikariDataSource] - HikariPool-9 - Start completed.
2025-05-04 01:38:47.924 [INFO] [restartedMain] [o.hibernate.orm.connections.pooling] - HHH10001005: Database info:
	Database JDBC URL [Connecting through datasource 'HikariDataSource (HikariPool-9)']
	Database driver: undefined/unknown
	Database version: 11.7.2
	Autocommit mode: undefined/unknown
	Isolation level: undefined/unknown
	Minimum pool size: undefined/unknown
	Maximum pool size: undefined/unknown
2025-05-04 01:38:48.068 [INFO] [restartedMain] [o.h.e.t.j.p.i.JtaPlatformInitiator] - HHH000489: No JTA platform available (set 'hibernate.transaction.jta.platform' to enable JTA platform integration)
2025-05-04 01:38:48.098 [INFO] [restartedMain] [o.s.o.j.LocalContainerEntityManagerFactoryBean] - Initialized JPA EntityManagerFactory for persistence unit 'default'
2025-05-04 01:38:48.265 [INFO] [restartedMain] [o.s.s.c.a.a.c.InitializeUserDetailsBeanManagerConfigurer$InitializeUserDetailsManagerConfigurer] - Global AuthenticationManager configured with UserDetailsService bean with name inMemoryUserDetailsManager
2025-05-04 01:38:48.272 [INFO] [restartedMain] [o.s.b.a.w.s.WelcomePageHandlerMapping] - Adding welcome page: class path resource [static/index.html]
2025-05-04 01:38:48.561 [INFO] [restartedMain] [o.s.v.b.OptionalValidatorFactoryBean] - Failed to set up a Bean Validation provider: jakarta.validation.NoProviderFoundException: Unable to create a Configuration, because no Jakarta Bean Validation provider could be found. Add a provider like Hibernate Validator (RI) to your classpath.
2025-05-04 01:38:48.631 [INFO] [restartedMain] [o.s.b.d.a.OptionalLiveReloadServer] - LiveReload server is running on port 35729
2025-05-04 01:38:48.639 [INFO] [restartedMain] [o.a.coyote.http11.Http11NioProtocol] - Starting ProtocolHandler ["http-nio-8080"]
2025-05-04 01:38:48.642 [INFO] [restartedMain] [o.s.b.w.e.tomcat.TomcatWebServer] - Tomcat started on port 8080 (http) with context path '/'
2025-05-04 01:38:48.645 [INFO] [restartedMain] [c.g.aigroove.AigrooveApplication] - Started AigrooveApplication in 1.286 seconds (process running for 1780.325)
2025-05-04 01:38:48.647 [INFO] [restartedMain] [o.s.b.d.a.ConditionEvaluationDeltaLoggingListener] - Condition evaluation unchanged
2025-05-04 01:40:14.994 [INFO] [File Watcher] [o.s.b.d.a.LocalDevToolsAutoConfiguration$RestartingClassPathChangeChangedEventListener] - Restarting due to 1 class path change (0 additions, 0 deletions, 1 modification)
2025-05-04 01:40:14.996 [INFO] [Thread-35] [o.s.b.w.e.tomcat.GracefulShutdown] - Commencing graceful shutdown. Waiting for active requests to complete
2025-05-04 01:40:14.996 [INFO] [tomcat-shutdown] [o.a.coyote.http11.Http11NioProtocol] - Pausing ProtocolHandler ["http-nio-8080"]
2025-05-04 01:40:15.086 [INFO] [tomcat-shutdown] [o.s.b.w.e.tomcat.GracefulShutdown] - Graceful shutdown complete
2025-05-04 01:40:15.086 [INFO] [Thread-35] [o.a.coyote.http11.Http11NioProtocol] - Stopping ProtocolHandler ["http-nio-8080"]
2025-05-04 01:40:15.088 [INFO] [Thread-35] [o.s.o.j.LocalContainerEntityManagerFactoryBean] - Closing JPA EntityManagerFactory for persistence unit 'default'
2025-05-04 01:40:15.089 [INFO] [Thread-35] [com.zaxxer.hikari.HikariDataSource] - HikariPool-9 - Shutdown initiated...
2025-05-04 01:40:15.091 [INFO] [Thread-35] [com.zaxxer.hikari.HikariDataSource] - HikariPool-9 - Shutdown completed.
2025-05-04 01:40:15.183 [INFO] [restartedMain] [c.g.aigroove.AigrooveApplication] - Starting AigrooveApplication using Java 17.0.15 with PID 17224 (C:\dev\AIGroove_api\aigroove\bin\main started by 문유신 in C:\dev\AIGroove_api\aigroove)
2025-05-04 01:40:15.184 [INFO] [restartedMain] [c.g.aigroove.AigrooveApplication] - No active profile set, falling back to 1 default profile: "default"
2025-05-04 01:40:15.482 [INFO] [restartedMain] [o.s.d.r.c.RepositoryConfigurationDelegate] - Bootstrapping Spring Data JPA repositories in DEFAULT mode.
2025-05-04 01:40:15.522 [INFO] [restartedMain] [o.s.d.r.c.RepositoryConfigurationDelegate] - Finished Spring Data repository scanning in 39 ms. Found 11 JPA repository interfaces.
2025-05-04 01:40:15.613 [INFO] [restartedMain] [o.s.b.w.e.tomcat.TomcatWebServer] - Tomcat initialized with port 8080 (http)
2025-05-04 01:40:15.614 [INFO] [restartedMain] [o.a.coyote.http11.Http11NioProtocol] - Initializing ProtocolHandler ["http-nio-8080"]
2025-05-04 01:40:15.614 [INFO] [restartedMain] [o.a.catalina.core.StandardService] - Starting service [Tomcat]
2025-05-04 01:40:15.614 [INFO] [restartedMain] [o.a.catalina.core.StandardEngine] - Starting Servlet engine: [Apache Tomcat/10.1.39]
2025-05-04 01:40:15.636 [INFO] [restartedMain] [o.a.c.c.C.[Tomcat].[localhost].[/]] - Initializing Spring embedded WebApplicationContext
2025-05-04 01:40:15.636 [INFO] [restartedMain] [o.s.b.w.s.c.ServletWebServerApplicationContext] - Root WebApplicationContext: initialization completed in 450 ms
2025-05-04 01:40:15.666 [INFO] [restartedMain] [o.h.jpa.internal.util.LogHelper] - HHH000204: Processing PersistenceUnitInfo [name: default]
2025-05-04 01:40:15.676 [INFO] [restartedMain] [o.h.c.i.RegionFactoryInitiator] - HHH000026: Second-level cache disabled
2025-05-04 01:40:15.689 [INFO] [restartedMain] [o.s.o.j.p.SpringPersistenceUnitInfo] - No LoadTimeWeaver setup: ignoring JPA class transformer
2025-05-04 01:40:15.691 [INFO] [restartedMain] [com.zaxxer.hikari.HikariDataSource] - HikariPool-10 - Starting...
2025-05-04 01:40:15.694 [INFO] [restartedMain] [com.zaxxer.hikari.pool.HikariPool] - HikariPool-10 - Added connection org.mariadb.jdbc.MariaDbConnection@64758b2
2025-05-04 01:40:15.694 [INFO] [restartedMain] [com.zaxxer.hikari.HikariDataSource] - HikariPool-10 - Start completed.
2025-05-04 01:40:15.695 [INFO] [restartedMain] [o.hibernate.orm.connections.pooling] - HHH10001005: Database info:
	Database JDBC URL [Connecting through datasource 'HikariDataSource (HikariPool-10)']
	Database driver: undefined/unknown
	Database version: 11.7.2
	Autocommit mode: undefined/unknown
	Isolation level: undefined/unknown
	Minimum pool size: undefined/unknown
	Maximum pool size: undefined/unknown
2025-05-04 01:40:15.844 [INFO] [restartedMain] [o.h.e.t.j.p.i.JtaPlatformInitiator] - HHH000489: No JTA platform available (set 'hibernate.transaction.jta.platform' to enable JTA platform integration)
2025-05-04 01:40:15.877 [INFO] [restartedMain] [o.s.o.j.LocalContainerEntityManagerFactoryBean] - Initialized JPA EntityManagerFactory for persistence unit 'default'
2025-05-04 01:40:16.058 [INFO] [restartedMain] [o.s.s.c.a.a.c.InitializeUserDetailsBeanManagerConfigurer$InitializeUserDetailsManagerConfigurer] - Global AuthenticationManager configured with UserDetailsService bean with name inMemoryUserDetailsManager
2025-05-04 01:40:16.064 [INFO] [restartedMain] [o.s.b.a.w.s.WelcomePageHandlerMapping] - Adding welcome page: class path resource [static/index.html]
2025-05-04 01:40:16.341 [INFO] [restartedMain] [o.s.v.b.OptionalValidatorFactoryBean] - Failed to set up a Bean Validation provider: jakarta.validation.NoProviderFoundException: Unable to create a Configuration, because no Jakarta Bean Validation provider could be found. Add a provider like Hibernate Validator (RI) to your classpath.
2025-05-04 01:40:16.399 [INFO] [restartedMain] [o.s.b.d.a.OptionalLiveReloadServer] - LiveReload server is running on port 35729
2025-05-04 01:40:16.404 [INFO] [restartedMain] [o.a.coyote.http11.Http11NioProtocol] - Starting ProtocolHandler ["http-nio-8080"]
2025-05-04 01:40:16.407 [INFO] [restartedMain] [o.s.b.w.e.tomcat.TomcatWebServer] - Tomcat started on port 8080 (http) with context path '/'
2025-05-04 01:40:16.410 [INFO] [restartedMain] [c.g.aigroove.AigrooveApplication] - Started AigrooveApplication in 1.258 seconds (process running for 1868.09)
2025-05-04 01:40:16.411 [INFO] [restartedMain] [o.s.b.d.a.ConditionEvaluationDeltaLoggingListener] - Condition evaluation unchanged
2025-05-04 01:40:24.993 [INFO] [http-nio-8080-exec-1] [o.a.c.c.C.[Tomcat].[localhost].[/]] - Initializing Spring DispatcherServlet 'dispatcherServlet'
2025-05-04 01:40:24.994 [INFO] [http-nio-8080-exec-1] [o.s.web.servlet.DispatcherServlet] - Initializing Servlet 'dispatcherServlet'
2025-05-04 01:40:24.994 [INFO] [http-nio-8080-exec-1] [o.s.web.servlet.DispatcherServlet] - Completed initialization in 0 ms
2025-05-04 01:41:38.894 [INFO] [File Watcher] [o.s.b.d.a.LocalDevToolsAutoConfiguration$RestartingClassPathChangeChangedEventListener] - Restarting due to 1 class path change (0 additions, 0 deletions, 1 modification)
2025-05-04 01:41:38.896 [INFO] [Thread-39] [o.s.b.w.e.tomcat.GracefulShutdown] - Commencing graceful shutdown. Waiting for active requests to complete
2025-05-04 01:41:38.897 [INFO] [tomcat-shutdown] [o.a.coyote.http11.Http11NioProtocol] - Pausing ProtocolHandler ["http-nio-8080"]
2025-05-04 01:41:38.982 [INFO] [tomcat-shutdown] [o.s.b.w.e.tomcat.GracefulShutdown] - Graceful shutdown complete
2025-05-04 01:41:38.983 [INFO] [Thread-39] [o.a.coyote.http11.Http11NioProtocol] - Stopping ProtocolHandler ["http-nio-8080"]
2025-05-04 01:41:38.984 [INFO] [Thread-39] [o.s.o.j.LocalContainerEntityManagerFactoryBean] - Closing JPA EntityManagerFactory for persistence unit 'default'
2025-05-04 01:41:38.985 [INFO] [Thread-39] [com.zaxxer.hikari.HikariDataSource] - HikariPool-10 - Shutdown initiated...
2025-05-04 01:41:38.987 [INFO] [Thread-39] [com.zaxxer.hikari.HikariDataSource] - HikariPool-10 - Shutdown completed.
2025-05-04 01:41:39.079 [INFO] [restartedMain] [c.g.aigroove.AigrooveApplication] - Starting AigrooveApplication using Java 17.0.15 with PID 17224 (C:\dev\AIGroove_api\aigroove\bin\main started by 문유신 in C:\dev\AIGroove_api\aigroove)
2025-05-04 01:41:39.079 [INFO] [restartedMain] [c.g.aigroove.AigrooveApplication] - No active profile set, falling back to 1 default profile: "default"
2025-05-04 01:41:39.434 [INFO] [restartedMain] [o.s.d.r.c.RepositoryConfigurationDelegate] - Bootstrapping Spring Data JPA repositories in DEFAULT mode.
2025-05-04 01:41:39.480 [INFO] [restartedMain] [o.s.d.r.c.RepositoryConfigurationDelegate] - Finished Spring Data repository scanning in 44 ms. Found 11 JPA repository interfaces.
2025-05-04 01:41:39.587 [INFO] [restartedMain] [o.s.b.w.e.tomcat.TomcatWebServer] - Tomcat initialized with port 8080 (http)
2025-05-04 01:41:39.588 [INFO] [restartedMain] [o.a.coyote.http11.Http11NioProtocol] - Initializing ProtocolHandler ["http-nio-8080"]
2025-05-04 01:41:39.588 [INFO] [restartedMain] [o.a.catalina.core.StandardService] - Starting service [Tomcat]
2025-05-04 01:41:39.588 [INFO] [restartedMain] [o.a.catalina.core.StandardEngine] - Starting Servlet engine: [Apache Tomcat/10.1.39]
2025-05-04 01:41:39.610 [INFO] [restartedMain] [o.a.c.c.C.[Tomcat].[localhost].[/]] - Initializing Spring embedded WebApplicationContext
2025-05-04 01:41:39.610 [INFO] [restartedMain] [o.s.b.w.s.c.ServletWebServerApplicationContext] - Root WebApplicationContext: initialization completed in 528 ms
2025-05-04 01:41:39.635 [INFO] [restartedMain] [o.h.jpa.internal.util.LogHelper] - HHH000204: Processing PersistenceUnitInfo [name: default]
2025-05-04 01:41:39.640 [INFO] [restartedMain] [o.h.c.i.RegionFactoryInitiator] - HHH000026: Second-level cache disabled
2025-05-04 01:41:39.653 [INFO] [restartedMain] [o.s.o.j.p.SpringPersistenceUnitInfo] - No LoadTimeWeaver setup: ignoring JPA class transformer
2025-05-04 01:41:39.655 [INFO] [restartedMain] [com.zaxxer.hikari.HikariDataSource] - HikariPool-11 - Starting...
2025-05-04 01:41:39.657 [INFO] [restartedMain] [com.zaxxer.hikari.pool.HikariPool] - HikariPool-11 - Added connection org.mariadb.jdbc.MariaDbConnection@4475b1c4
2025-05-04 01:41:39.657 [INFO] [restartedMain] [com.zaxxer.hikari.HikariDataSource] - HikariPool-11 - Start completed.
2025-05-04 01:41:39.659 [INFO] [restartedMain] [o.hibernate.orm.connections.pooling] - HHH10001005: Database info:
	Database JDBC URL [Connecting through datasource 'HikariDataSource (HikariPool-11)']
	Database driver: undefined/unknown
	Database version: 11.7.2
	Autocommit mode: undefined/unknown
	Isolation level: undefined/unknown
	Minimum pool size: undefined/unknown
	Maximum pool size: undefined/unknown
2025-05-04 01:41:39.814 [INFO] [restartedMain] [o.h.e.t.j.p.i.JtaPlatformInitiator] - HHH000489: No JTA platform available (set 'hibernate.transaction.jta.platform' to enable JTA platform integration)
2025-05-04 01:41:39.840 [INFO] [restartedMain] [o.s.o.j.LocalContainerEntityManagerFactoryBean] - Initialized JPA EntityManagerFactory for persistence unit 'default'
2025-05-04 01:41:39.997 [INFO] [restartedMain] [o.s.s.c.a.a.c.InitializeUserDetailsBeanManagerConfigurer$InitializeUserDetailsManagerConfigurer] - Global AuthenticationManager configured with UserDetailsService bean with name inMemoryUserDetailsManager
2025-05-04 01:41:40.004 [INFO] [restartedMain] [o.s.b.a.w.s.WelcomePageHandlerMapping] - Adding welcome page: class path resource [static/index.html]
2025-05-04 01:41:40.300 [INFO] [restartedMain] [o.s.v.b.OptionalValidatorFactoryBean] - Failed to set up a Bean Validation provider: jakarta.validation.NoProviderFoundException: Unable to create a Configuration, because no Jakarta Bean Validation provider could be found. Add a provider like Hibernate Validator (RI) to your classpath.
2025-05-04 01:41:40.358 [INFO] [restartedMain] [o.s.b.d.a.OptionalLiveReloadServer] - LiveReload server is running on port 35729
2025-05-04 01:41:40.364 [INFO] [restartedMain] [o.a.coyote.http11.Http11NioProtocol] - Starting ProtocolHandler ["http-nio-8080"]
2025-05-04 01:41:40.367 [INFO] [restartedMain] [o.s.b.w.e.tomcat.TomcatWebServer] - Tomcat started on port 8080 (http) with context path '/'
2025-05-04 01:41:40.370 [INFO] [restartedMain] [c.g.aigroove.AigrooveApplication] - Started AigrooveApplication in 1.323 seconds (process running for 1952.051)
2025-05-04 01:41:40.371 [INFO] [restartedMain] [o.s.b.d.a.ConditionEvaluationDeltaLoggingListener] - Condition evaluation unchanged
2025-05-04 01:41:43.406 [INFO] [http-nio-8080-exec-1] [o.a.c.c.C.[Tomcat].[localhost].[/]] - Initializing Spring DispatcherServlet 'dispatcherServlet'
2025-05-04 01:41:43.406 [INFO] [http-nio-8080-exec-1] [o.s.web.servlet.DispatcherServlet] - Initializing Servlet 'dispatcherServlet'
2025-05-04 01:41:43.407 [INFO] [http-nio-8080-exec-1] [o.s.web.servlet.DispatcherServlet] - Completed initialization in 1 ms
2025-05-04 01:49:45.307 [INFO] [File Watcher] [o.s.b.d.a.LocalDevToolsAutoConfiguration$RestartingClassPathChangeChangedEventListener] - Restarting due to 1 class path change (1 addition, 0 deletions, 0 modifications)
2025-05-04 01:49:45.309 [INFO] [Thread-43] [o.s.b.w.e.tomcat.GracefulShutdown] - Commencing graceful shutdown. Waiting for active requests to complete
2025-05-04 01:49:45.310 [INFO] [tomcat-shutdown] [o.a.coyote.http11.Http11NioProtocol] - Pausing ProtocolHandler ["http-nio-8080"]
2025-05-04 01:49:45.396 [INFO] [tomcat-shutdown] [o.s.b.w.e.tomcat.GracefulShutdown] - Graceful shutdown complete
2025-05-04 01:49:45.396 [INFO] [Thread-43] [o.a.coyote.http11.Http11NioProtocol] - Stopping ProtocolHandler ["http-nio-8080"]
2025-05-04 01:49:45.398 [INFO] [Thread-43] [o.s.o.j.LocalContainerEntityManagerFactoryBean] - Closing JPA EntityManagerFactory for persistence unit 'default'
2025-05-04 01:49:45.399 [INFO] [Thread-43] [com.zaxxer.hikari.HikariDataSource] - HikariPool-11 - Shutdown initiated...
2025-05-04 01:49:45.400 [INFO] [Thread-43] [com.zaxxer.hikari.HikariDataSource] - HikariPool-11 - Shutdown completed.
2025-05-04 01:49:45.493 [INFO] [restartedMain] [c.g.aigroove.AigrooveApplication] - Starting AigrooveApplication using Java 17.0.15 with PID 17224 (C:\dev\AIGroove_api\aigroove\bin\main started by 문유신 in C:\dev\AIGroove_api\aigroove)
2025-05-04 01:49:45.494 [INFO] [restartedMain] [c.g.aigroove.AigrooveApplication] - No active profile set, falling back to 1 default profile: "default"
2025-05-04 01:49:45.794 [INFO] [restartedMain] [o.s.d.r.c.RepositoryConfigurationDelegate] - Bootstrapping Spring Data JPA repositories in DEFAULT mode.
2025-05-04 01:49:45.839 [INFO] [restartedMain] [o.s.d.r.c.RepositoryConfigurationDelegate] - Finished Spring Data repository scanning in 44 ms. Found 11 JPA repository interfaces.
2025-05-04 01:49:45.938 [INFO] [restartedMain] [o.s.b.w.e.tomcat.TomcatWebServer] - Tomcat initialized with port 8080 (http)
2025-05-04 01:49:45.938 [INFO] [restartedMain] [o.a.coyote.http11.Http11NioProtocol] - Initializing ProtocolHandler ["http-nio-8080"]
2025-05-04 01:49:45.939 [INFO] [restartedMain] [o.a.catalina.core.StandardService] - Starting service [Tomcat]
2025-05-04 01:49:45.939 [INFO] [restartedMain] [o.a.catalina.core.StandardEngine] - Starting Servlet engine: [Apache Tomcat/10.1.39]
2025-05-04 01:49:45.961 [INFO] [restartedMain] [o.a.c.c.C.[Tomcat].[localhost].[/]] - Initializing Spring embedded WebApplicationContext
2025-05-04 01:49:45.961 [INFO] [restartedMain] [o.s.b.w.s.c.ServletWebServerApplicationContext] - Root WebApplicationContext: initialization completed in 465 ms
2025-05-04 01:49:45.985 [INFO] [restartedMain] [o.h.jpa.internal.util.LogHelper] - HHH000204: Processing PersistenceUnitInfo [name: default]
2025-05-04 01:49:45.989 [INFO] [restartedMain] [o.h.c.i.RegionFactoryInitiator] - HHH000026: Second-level cache disabled
2025-05-04 01:49:46.000 [INFO] [restartedMain] [o.s.o.j.p.SpringPersistenceUnitInfo] - No LoadTimeWeaver setup: ignoring JPA class transformer
2025-05-04 01:49:46.001 [INFO] [restartedMain] [com.zaxxer.hikari.HikariDataSource] - HikariPool-12 - Starting...
2025-05-04 01:49:46.003 [INFO] [restartedMain] [com.zaxxer.hikari.pool.HikariPool] - HikariPool-12 - Added connection org.mariadb.jdbc.MariaDbConnection@55b32b1c
2025-05-04 01:49:46.004 [INFO] [restartedMain] [com.zaxxer.hikari.HikariDataSource] - HikariPool-12 - Start completed.
2025-05-04 01:49:46.005 [INFO] [restartedMain] [o.hibernate.orm.connections.pooling] - HHH10001005: Database info:
	Database JDBC URL [Connecting through datasource 'HikariDataSource (HikariPool-12)']
	Database driver: undefined/unknown
	Database version: 11.7.2
	Autocommit mode: undefined/unknown
	Isolation level: undefined/unknown
	Minimum pool size: undefined/unknown
	Maximum pool size: undefined/unknown
2025-05-04 01:49:46.159 [INFO] [restartedMain] [o.h.e.t.j.p.i.JtaPlatformInitiator] - HHH000489: No JTA platform available (set 'hibernate.transaction.jta.platform' to enable JTA platform integration)
2025-05-04 01:49:46.190 [INFO] [restartedMain] [o.s.o.j.LocalContainerEntityManagerFactoryBean] - Initialized JPA EntityManagerFactory for persistence unit 'default'
2025-05-04 01:49:46.347 [INFO] [restartedMain] [o.s.s.c.a.a.c.InitializeUserDetailsBeanManagerConfigurer$InitializeUserDetailsManagerConfigurer] - Global AuthenticationManager configured with UserDetailsService bean with name inMemoryUserDetailsManager
2025-05-04 01:49:46.353 [INFO] [restartedMain] [o.s.b.a.w.s.WelcomePageHandlerMapping] - Adding welcome page: class path resource [static/index.html]
2025-05-04 01:49:46.636 [INFO] [restartedMain] [o.s.v.b.OptionalValidatorFactoryBean] - Failed to set up a Bean Validation provider: jakarta.validation.NoProviderFoundException: Unable to create a Configuration, because no Jakarta Bean Validation provider could be found. Add a provider like Hibernate Validator (RI) to your classpath.
2025-05-04 01:49:46.690 [INFO] [restartedMain] [o.s.b.d.a.OptionalLiveReloadServer] - LiveReload server is running on port 35729
2025-05-04 01:49:46.696 [INFO] [restartedMain] [o.a.coyote.http11.Http11NioProtocol] - Starting ProtocolHandler ["http-nio-8080"]
2025-05-04 01:49:46.699 [INFO] [restartedMain] [o.s.b.w.e.tomcat.TomcatWebServer] - Tomcat started on port 8080 (http) with context path '/'
2025-05-04 01:49:46.702 [INFO] [restartedMain] [c.g.aigroove.AigrooveApplication] - Started AigrooveApplication in 1.24 seconds (process running for 2438.382)
2025-05-04 01:49:46.703 [INFO] [restartedMain] [o.s.b.d.a.ConditionEvaluationDeltaLoggingListener] - Condition evaluation unchanged
2025-05-04 01:50:40.038 [INFO] [File Watcher] [o.s.b.d.a.LocalDevToolsAutoConfiguration$RestartingClassPathChangeChangedEventListener] - Restarting due to 1 class path change (1 addition, 0 deletions, 0 modifications)
2025-05-04 01:50:40.039 [INFO] [Thread-47] [o.s.b.w.e.tomcat.GracefulShutdown] - Commencing graceful shutdown. Waiting for active requests to complete
2025-05-04 01:50:40.040 [INFO] [tomcat-shutdown] [o.a.coyote.http11.Http11NioProtocol] - Pausing ProtocolHandler ["http-nio-8080"]
2025-05-04 01:50:40.126 [INFO] [tomcat-shutdown] [o.s.b.w.e.tomcat.GracefulShutdown] - Graceful shutdown complete
2025-05-04 01:50:40.126 [INFO] [Thread-47] [o.a.coyote.http11.Http11NioProtocol] - Stopping ProtocolHandler ["http-nio-8080"]
2025-05-04 01:50:40.128 [INFO] [Thread-47] [o.s.o.j.LocalContainerEntityManagerFactoryBean] - Closing JPA EntityManagerFactory for persistence unit 'default'
2025-05-04 01:50:40.128 [INFO] [Thread-47] [com.zaxxer.hikari.HikariDataSource] - HikariPool-12 - Shutdown initiated...
2025-05-04 01:50:40.130 [INFO] [Thread-47] [com.zaxxer.hikari.HikariDataSource] - HikariPool-12 - Shutdown completed.
2025-05-04 01:50:40.222 [INFO] [restartedMain] [c.g.aigroove.AigrooveApplication] - Starting AigrooveApplication using Java 17.0.15 with PID 17224 (C:\dev\AIGroove_api\aigroove\bin\main started by 문유신 in C:\dev\AIGroove_api\aigroove)
2025-05-04 01:50:40.222 [INFO] [restartedMain] [c.g.aigroove.AigrooveApplication] - No active profile set, falling back to 1 default profile: "default"
2025-05-04 01:50:40.530 [INFO] [restartedMain] [o.s.d.r.c.RepositoryConfigurationDelegate] - Bootstrapping Spring Data JPA repositories in DEFAULT mode.
2025-05-04 01:50:40.569 [INFO] [restartedMain] [o.s.d.r.c.RepositoryConfigurationDelegate] - Finished Spring Data repository scanning in 36 ms. Found 11 JPA repository interfaces.
2025-05-04 01:50:40.668 [INFO] [restartedMain] [o.s.b.w.e.tomcat.TomcatWebServer] - Tomcat initialized with port 8080 (http)
2025-05-04 01:50:40.669 [INFO] [restartedMain] [o.a.coyote.http11.Http11NioProtocol] - Initializing ProtocolHandler ["http-nio-8080"]
2025-05-04 01:50:40.670 [INFO] [restartedMain] [o.a.catalina.core.StandardService] - Starting service [Tomcat]
2025-05-04 01:50:40.670 [INFO] [restartedMain] [o.a.catalina.core.StandardEngine] - Starting Servlet engine: [Apache Tomcat/10.1.39]
2025-05-04 01:50:40.692 [INFO] [restartedMain] [o.a.c.c.C.[Tomcat].[localhost].[/]] - Initializing Spring embedded WebApplicationContext
2025-05-04 01:50:40.692 [INFO] [restartedMain] [o.s.b.w.s.c.ServletWebServerApplicationContext] - Root WebApplicationContext: initialization completed in 467 ms
2025-05-04 01:50:40.722 [INFO] [restartedMain] [o.h.jpa.internal.util.LogHelper] - HHH000204: Processing PersistenceUnitInfo [name: default]
2025-05-04 01:50:40.727 [INFO] [restartedMain] [o.h.c.i.RegionFactoryInitiator] - HHH000026: Second-level cache disabled
2025-05-04 01:50:40.739 [INFO] [restartedMain] [o.s.o.j.p.SpringPersistenceUnitInfo] - No LoadTimeWeaver setup: ignoring JPA class transformer
2025-05-04 01:50:40.740 [INFO] [restartedMain] [com.zaxxer.hikari.HikariDataSource] - HikariPool-13 - Starting...
2025-05-04 01:50:40.742 [INFO] [restartedMain] [com.zaxxer.hikari.pool.HikariPool] - HikariPool-13 - Added connection org.mariadb.jdbc.MariaDbConnection@1767472
2025-05-04 01:50:40.742 [INFO] [restartedMain] [com.zaxxer.hikari.HikariDataSource] - HikariPool-13 - Start completed.
2025-05-04 01:50:40.743 [INFO] [restartedMain] [o.hibernate.orm.connections.pooling] - HHH10001005: Database info:
	Database JDBC URL [Connecting through datasource 'HikariDataSource (HikariPool-13)']
	Database driver: undefined/unknown
	Database version: 11.7.2
	Autocommit mode: undefined/unknown
	Isolation level: undefined/unknown
	Minimum pool size: undefined/unknown
	Maximum pool size: undefined/unknown
2025-05-04 01:50:40.889 [INFO] [restartedMain] [o.h.e.t.j.p.i.JtaPlatformInitiator] - HHH000489: No JTA platform available (set 'hibernate.transaction.jta.platform' to enable JTA platform integration)
2025-05-04 01:50:40.917 [INFO] [restartedMain] [o.s.o.j.LocalContainerEntityManagerFactoryBean] - Initialized JPA EntityManagerFactory for persistence unit 'default'
2025-05-04 01:50:41.079 [INFO] [restartedMain] [o.s.s.c.a.a.c.InitializeUserDetailsBeanManagerConfigurer$InitializeUserDetailsManagerConfigurer] - Global AuthenticationManager configured with UserDetailsService bean with name inMemoryUserDetailsManager
2025-05-04 01:50:41.085 [INFO] [restartedMain] [o.s.b.a.w.s.WelcomePageHandlerMapping] - Adding welcome page: class path resource [static/index.html]
2025-05-04 01:50:41.392 [INFO] [restartedMain] [o.s.v.b.OptionalValidatorFactoryBean] - Failed to set up a Bean Validation provider: jakarta.validation.NoProviderFoundException: Unable to create a Configuration, because no Jakarta Bean Validation provider could be found. Add a provider like Hibernate Validator (RI) to your classpath.
2025-05-04 01:50:41.449 [INFO] [restartedMain] [o.s.b.d.a.OptionalLiveReloadServer] - LiveReload server is running on port 35729
2025-05-04 01:50:41.456 [INFO] [restartedMain] [o.a.coyote.http11.Http11NioProtocol] - Starting ProtocolHandler ["http-nio-8080"]
2025-05-04 01:50:41.459 [INFO] [restartedMain] [o.s.b.w.e.tomcat.TomcatWebServer] - Tomcat started on port 8080 (http) with context path '/'
2025-05-04 01:50:41.462 [INFO] [restartedMain] [c.g.aigroove.AigrooveApplication] - Started AigrooveApplication in 1.27 seconds (process running for 2493.143)
2025-05-04 01:50:41.463 [INFO] [restartedMain] [o.s.b.d.a.ConditionEvaluationDeltaLoggingListener] - Condition evaluation unchanged
2025-05-04 01:59:56.691 [INFO] [File Watcher] [o.s.b.d.a.LocalDevToolsAutoConfiguration$RestartingClassPathChangeChangedEventListener] - Restarting due to 1 class path change (0 additions, 0 deletions, 1 modification)
2025-05-04 01:59:56.693 [INFO] [Thread-51] [o.s.b.w.e.tomcat.GracefulShutdown] - Commencing graceful shutdown. Waiting for active requests to complete
2025-05-04 01:59:56.694 [INFO] [tomcat-shutdown] [o.a.coyote.http11.Http11NioProtocol] - Pausing ProtocolHandler ["http-nio-8080"]
2025-05-04 01:59:56.781 [INFO] [tomcat-shutdown] [o.s.b.w.e.tomcat.GracefulShutdown] - Graceful shutdown complete
2025-05-04 01:59:56.781 [INFO] [Thread-51] [o.a.coyote.http11.Http11NioProtocol] - Stopping ProtocolHandler ["http-nio-8080"]
2025-05-04 01:59:56.783 [INFO] [Thread-51] [o.s.o.j.LocalContainerEntityManagerFactoryBean] - Closing JPA EntityManagerFactory for persistence unit 'default'
2025-05-04 01:59:56.784 [INFO] [Thread-51] [com.zaxxer.hikari.HikariDataSource] - HikariPool-13 - Shutdown initiated...
2025-05-04 01:59:56.785 [INFO] [Thread-51] [com.zaxxer.hikari.HikariDataSource] - HikariPool-13 - Shutdown completed.
2025-05-04 01:59:56.875 [INFO] [restartedMain] [c.g.aigroove.AigrooveApplication] - Starting AigrooveApplication using Java 17.0.15 with PID 17224 (C:\dev\AIGroove_api\aigroove\bin\main started by 문유신 in C:\dev\AIGroove_api\aigroove)
2025-05-04 01:59:56.875 [INFO] [restartedMain] [c.g.aigroove.AigrooveApplication] - No active profile set, falling back to 1 default profile: "default"
2025-05-04 01:59:57.163 [INFO] [restartedMain] [o.s.d.r.c.RepositoryConfigurationDelegate] - Bootstrapping Spring Data JPA repositories in DEFAULT mode.
2025-05-04 01:59:57.199 [INFO] [restartedMain] [o.s.d.r.c.RepositoryConfigurationDelegate] - Finished Spring Data repository scanning in 35 ms. Found 11 JPA repository interfaces.
2025-05-04 01:59:57.283 [INFO] [restartedMain] [o.s.b.w.e.tomcat.TomcatWebServer] - Tomcat initialized with port 8080 (http)
2025-05-04 01:59:57.284 [INFO] [restartedMain] [o.a.coyote.http11.Http11NioProtocol] - Initializing ProtocolHandler ["http-nio-8080"]
2025-05-04 01:59:57.284 [INFO] [restartedMain] [o.a.catalina.core.StandardService] - Starting service [Tomcat]
2025-05-04 01:59:57.285 [INFO] [restartedMain] [o.a.catalina.core.StandardEngine] - Starting Servlet engine: [Apache Tomcat/10.1.39]
2025-05-04 01:59:57.312 [INFO] [restartedMain] [o.a.c.c.C.[Tomcat].[localhost].[/]] - Initializing Spring embedded WebApplicationContext
2025-05-04 01:59:57.312 [INFO] [restartedMain] [o.s.b.w.s.c.ServletWebServerApplicationContext] - Root WebApplicationContext: initialization completed in 434 ms
2025-05-04 01:59:57.360 [INFO] [restartedMain] [o.h.jpa.internal.util.LogHelper] - HHH000204: Processing PersistenceUnitInfo [name: default]
2025-05-04 01:59:57.375 [INFO] [restartedMain] [o.h.c.i.RegionFactoryInitiator] - HHH000026: Second-level cache disabled
2025-05-04 01:59:57.406 [INFO] [restartedMain] [o.s.o.j.p.SpringPersistenceUnitInfo] - No LoadTimeWeaver setup: ignoring JPA class transformer
2025-05-04 01:59:57.408 [INFO] [restartedMain] [com.zaxxer.hikari.HikariDataSource] - HikariPool-14 - Starting...
2025-05-04 01:59:57.411 [INFO] [restartedMain] [com.zaxxer.hikari.pool.HikariPool] - HikariPool-14 - Added connection org.mariadb.jdbc.MariaDbConnection@4e0f707e
2025-05-04 01:59:57.412 [INFO] [restartedMain] [com.zaxxer.hikari.HikariDataSource] - HikariPool-14 - Start completed.
2025-05-04 01:59:57.413 [INFO] [restartedMain] [o.hibernate.orm.connections.pooling] - HHH10001005: Database info:
	Database JDBC URL [Connecting through datasource 'HikariDataSource (HikariPool-14)']
	Database driver: undefined/unknown
	Database version: 11.7.2
	Autocommit mode: undefined/unknown
	Isolation level: undefined/unknown
	Minimum pool size: undefined/unknown
	Maximum pool size: undefined/unknown
2025-05-04 01:59:57.635 [INFO] [restartedMain] [o.h.e.t.j.p.i.JtaPlatformInitiator] - HHH000489: No JTA platform available (set 'hibernate.transaction.jta.platform' to enable JTA platform integration)
2025-05-04 01:59:57.660 [INFO] [restartedMain] [o.s.o.j.LocalContainerEntityManagerFactoryBean] - Initialized JPA EntityManagerFactory for persistence unit 'default'
2025-05-04 01:59:57.840 [INFO] [restartedMain] [o.s.s.c.a.a.c.InitializeUserDetailsBeanManagerConfigurer$InitializeUserDetailsManagerConfigurer] - Global AuthenticationManager configured with UserDetailsService bean with name inMemoryUserDetailsManager
2025-05-04 01:59:57.845 [INFO] [restartedMain] [o.s.b.a.w.s.WelcomePageHandlerMapping] - Adding welcome page: class path resource [static/index.html]
2025-05-04 01:59:58.147 [INFO] [restartedMain] [o.s.v.b.OptionalValidatorFactoryBean] - Failed to set up a Bean Validation provider: jakarta.validation.NoProviderFoundException: Unable to create a Configuration, because no Jakarta Bean Validation provider could be found. Add a provider like Hibernate Validator (RI) to your classpath.
2025-05-04 01:59:58.214 [INFO] [restartedMain] [o.s.b.d.a.OptionalLiveReloadServer] - LiveReload server is running on port 35729
2025-05-04 01:59:58.221 [INFO] [restartedMain] [o.a.coyote.http11.Http11NioProtocol] - Starting ProtocolHandler ["http-nio-8080"]
2025-05-04 01:59:58.224 [INFO] [restartedMain] [o.s.b.w.e.tomcat.TomcatWebServer] - Tomcat started on port 8080 (http) with context path '/'
2025-05-04 01:59:58.227 [INFO] [restartedMain] [c.g.aigroove.AigrooveApplication] - Started AigrooveApplication in 1.383 seconds (process running for 3049.907)
2025-05-04 01:59:58.229 [INFO] [restartedMain] [o.s.b.d.a.ConditionEvaluationDeltaLoggingListener] - Condition evaluation unchanged
2025-05-04 01:59:59.678 [INFO] [File Watcher] [o.s.b.d.a.LocalDevToolsAutoConfiguration$RestartingClassPathChangeChangedEventListener] - Restarting due to 1 class path change (1 addition, 0 deletions, 0 modifications)
2025-05-04 01:59:59.679 [INFO] [Thread-55] [o.s.b.w.e.tomcat.GracefulShutdown] - Commencing graceful shutdown. Waiting for active requests to complete
2025-05-04 01:59:59.680 [INFO] [tomcat-shutdown] [o.a.coyote.http11.Http11NioProtocol] - Pausing ProtocolHandler ["http-nio-8080"]
2025-05-04 01:59:59.768 [INFO] [tomcat-shutdown] [o.s.b.w.e.tomcat.GracefulShutdown] - Graceful shutdown complete
2025-05-04 01:59:59.768 [INFO] [Thread-55] [o.a.coyote.http11.Http11NioProtocol] - Stopping ProtocolHandler ["http-nio-8080"]
2025-05-04 01:59:59.770 [INFO] [Thread-55] [o.s.o.j.LocalContainerEntityManagerFactoryBean] - Closing JPA EntityManagerFactory for persistence unit 'default'
2025-05-04 01:59:59.771 [INFO] [Thread-55] [com.zaxxer.hikari.HikariDataSource] - HikariPool-14 - Shutdown initiated...
2025-05-04 01:59:59.773 [INFO] [Thread-55] [com.zaxxer.hikari.HikariDataSource] - HikariPool-14 - Shutdown completed.
2025-05-04 01:59:59.867 [INFO] [restartedMain] [c.g.aigroove.AigrooveApplication] - Starting AigrooveApplication using Java 17.0.15 with PID 17224 (C:\dev\AIGroove_api\aigroove\bin\main started by 문유신 in C:\dev\AIGroove_api\aigroove)
2025-05-04 01:59:59.867 [INFO] [restartedMain] [c.g.aigroove.AigrooveApplication] - No active profile set, falling back to 1 default profile: "default"
2025-05-04 02:00:00.142 [INFO] [restartedMain] [o.s.d.r.c.RepositoryConfigurationDelegate] - Bootstrapping Spring Data JPA repositories in DEFAULT mode.
2025-05-04 02:00:00.180 [INFO] [restartedMain] [o.s.d.r.c.RepositoryConfigurationDelegate] - Finished Spring Data repository scanning in 37 ms. Found 11 JPA repository interfaces.
2025-05-04 02:00:00.277 [INFO] [restartedMain] [o.s.b.w.e.tomcat.TomcatWebServer] - Tomcat initialized with port 8080 (http)
2025-05-04 02:00:00.278 [INFO] [restartedMain] [o.a.coyote.http11.Http11NioProtocol] - Initializing ProtocolHandler ["http-nio-8080"]
2025-05-04 02:00:00.278 [INFO] [restartedMain] [o.a.catalina.core.StandardService] - Starting service [Tomcat]
2025-05-04 02:00:00.278 [INFO] [restartedMain] [o.a.catalina.core.StandardEngine] - Starting Servlet engine: [Apache Tomcat/10.1.39]
2025-05-04 02:00:00.298 [INFO] [restartedMain] [o.a.c.c.C.[Tomcat].[localhost].[/]] - Initializing Spring embedded WebApplicationContext
2025-05-04 02:00:00.298 [INFO] [restartedMain] [o.s.b.w.s.c.ServletWebServerApplicationContext] - Root WebApplicationContext: initialization completed in 428 ms
2025-05-04 02:00:00.323 [INFO] [restartedMain] [o.h.jpa.internal.util.LogHelper] - HHH000204: Processing PersistenceUnitInfo [name: default]
2025-05-04 02:00:00.328 [INFO] [restartedMain] [o.h.c.i.RegionFactoryInitiator] - HHH000026: Second-level cache disabled
2025-05-04 02:00:00.337 [INFO] [restartedMain] [o.s.o.j.p.SpringPersistenceUnitInfo] - No LoadTimeWeaver setup: ignoring JPA class transformer
2025-05-04 02:00:00.339 [INFO] [restartedMain] [com.zaxxer.hikari.HikariDataSource] - HikariPool-15 - Starting...
2025-05-04 02:00:00.341 [INFO] [restartedMain] [com.zaxxer.hikari.pool.HikariPool] - HikariPool-15 - Added connection org.mariadb.jdbc.MariaDbConnection@a60e92f
2025-05-04 02:00:00.341 [INFO] [restartedMain] [com.zaxxer.hikari.HikariDataSource] - HikariPool-15 - Start completed.
2025-05-04 02:00:00.342 [INFO] [restartedMain] [o.hibernate.orm.connections.pooling] - HHH10001005: Database info:
	Database JDBC URL [Connecting through datasource 'HikariDataSource (HikariPool-15)']
	Database driver: undefined/unknown
	Database version: 11.7.2
	Autocommit mode: undefined/unknown
	Isolation level: undefined/unknown
	Minimum pool size: undefined/unknown
	Maximum pool size: undefined/unknown
2025-05-04 02:00:00.467 [INFO] [restartedMain] [o.h.e.t.j.p.i.JtaPlatformInitiator] - HHH000489: No JTA platform available (set 'hibernate.transaction.jta.platform' to enable JTA platform integration)
2025-05-04 02:00:00.498 [INFO] [restartedMain] [o.s.o.j.LocalContainerEntityManagerFactoryBean] - Initialized JPA EntityManagerFactory for persistence unit 'default'
2025-05-04 02:00:00.653 [INFO] [restartedMain] [o.s.s.c.a.a.c.InitializeUserDetailsBeanManagerConfigurer$InitializeUserDetailsManagerConfigurer] - Global AuthenticationManager configured with UserDetailsService bean with name inMemoryUserDetailsManager
2025-05-04 02:00:00.658 [INFO] [restartedMain] [o.s.b.a.w.s.WelcomePageHandlerMapping] - Adding welcome page: class path resource [static/index.html]
2025-05-04 02:00:00.920 [INFO] [restartedMain] [o.s.v.b.OptionalValidatorFactoryBean] - Failed to set up a Bean Validation provider: jakarta.validation.NoProviderFoundException: Unable to create a Configuration, because no Jakarta Bean Validation provider could be found. Add a provider like Hibernate Validator (RI) to your classpath.
2025-05-04 02:00:00.977 [INFO] [restartedMain] [o.s.b.d.a.OptionalLiveReloadServer] - LiveReload server is running on port 35729
2025-05-04 02:00:00.984 [INFO] [restartedMain] [o.a.coyote.http11.Http11NioProtocol] - Starting ProtocolHandler ["http-nio-8080"]
2025-05-04 02:00:00.987 [INFO] [restartedMain] [o.s.b.w.e.tomcat.TomcatWebServer] - Tomcat started on port 8080 (http) with context path '/'
2025-05-04 02:00:00.990 [INFO] [restartedMain] [c.g.aigroove.AigrooveApplication] - Started AigrooveApplication in 1.154 seconds (process running for 3052.67)
2025-05-04 02:00:00.991 [INFO] [restartedMain] [o.s.b.d.a.ConditionEvaluationDeltaLoggingListener] - Condition evaluation unchanged
2025-05-04 02:15:28.227 [INFO] [File Watcher] [o.s.b.d.a.LocalDevToolsAutoConfiguration$RestartingClassPathChangeChangedEventListener] - Restarting due to 1 class path change (0 additions, 0 deletions, 1 modification)
2025-05-04 02:15:28.228 [INFO] [Thread-59] [o.s.b.w.e.tomcat.GracefulShutdown] - Commencing graceful shutdown. Waiting for active requests to complete
2025-05-04 02:15:28.229 [INFO] [tomcat-shutdown] [o.a.coyote.http11.Http11NioProtocol] - Pausing ProtocolHandler ["http-nio-8080"]
2025-05-04 02:15:28.324 [INFO] [tomcat-shutdown] [o.s.b.w.e.tomcat.GracefulShutdown] - Graceful shutdown complete
2025-05-04 02:15:28.324 [INFO] [Thread-59] [o.a.coyote.http11.Http11NioProtocol] - Stopping ProtocolHandler ["http-nio-8080"]
2025-05-04 02:15:28.326 [INFO] [Thread-59] [o.s.o.j.LocalContainerEntityManagerFactoryBean] - Closing JPA EntityManagerFactory for persistence unit 'default'
2025-05-04 02:15:28.327 [INFO] [Thread-59] [com.zaxxer.hikari.HikariDataSource] - HikariPool-15 - Shutdown initiated...
2025-05-04 02:15:28.329 [INFO] [Thread-59] [com.zaxxer.hikari.HikariDataSource] - HikariPool-15 - Shutdown completed.
2025-05-04 02:15:28.433 [INFO] [restartedMain] [c.g.aigroove.AigrooveApplication] - Starting AigrooveApplication using Java 17.0.15 with PID 17224 (C:\dev\AIGroove_api\aigroove\bin\main started by 문유신 in C:\dev\AIGroove_api\aigroove)
2025-05-04 02:15:28.433 [INFO] [restartedMain] [c.g.aigroove.AigrooveApplication] - No active profile set, falling back to 1 default profile: "default"
2025-05-04 02:15:28.738 [INFO] [restartedMain] [o.s.d.r.c.RepositoryConfigurationDelegate] - Bootstrapping Spring Data JPA repositories in DEFAULT mode.
2025-05-04 02:15:28.783 [INFO] [restartedMain] [o.s.d.r.c.RepositoryConfigurationDelegate] - Finished Spring Data repository scanning in 44 ms. Found 11 JPA repository interfaces.
2025-05-04 02:15:28.897 [INFO] [restartedMain] [o.s.b.w.e.tomcat.TomcatWebServer] - Tomcat initialized with port 8080 (http)
2025-05-04 02:15:28.898 [INFO] [restartedMain] [o.a.coyote.http11.Http11NioProtocol] - Initializing ProtocolHandler ["http-nio-8080"]
2025-05-04 02:15:28.898 [INFO] [restartedMain] [o.a.catalina.core.StandardService] - Starting service [Tomcat]
2025-05-04 02:15:28.899 [INFO] [restartedMain] [o.a.catalina.core.StandardEngine] - Starting Servlet engine: [Apache Tomcat/10.1.39]
2025-05-04 02:15:28.920 [INFO] [restartedMain] [o.a.c.c.C.[Tomcat].[localhost].[/]] - Initializing Spring embedded WebApplicationContext
2025-05-04 02:15:28.920 [INFO] [restartedMain] [o.s.b.w.s.c.ServletWebServerApplicationContext] - Root WebApplicationContext: initialization completed in 485 ms
2025-05-04 02:15:28.956 [INFO] [restartedMain] [o.h.jpa.internal.util.LogHelper] - HHH000204: Processing PersistenceUnitInfo [name: default]
2025-05-04 02:15:28.961 [INFO] [restartedMain] [o.h.c.i.RegionFactoryInitiator] - HHH000026: Second-level cache disabled
2025-05-04 02:15:28.973 [INFO] [restartedMain] [o.s.o.j.p.SpringPersistenceUnitInfo] - No LoadTimeWeaver setup: ignoring JPA class transformer
2025-05-04 02:15:28.974 [INFO] [restartedMain] [com.zaxxer.hikari.HikariDataSource] - HikariPool-16 - Starting...
2025-05-04 02:15:28.976 [INFO] [restartedMain] [com.zaxxer.hikari.pool.HikariPool] - HikariPool-16 - Added connection org.mariadb.jdbc.MariaDbConnection@41a15976
2025-05-04 02:15:28.977 [INFO] [restartedMain] [com.zaxxer.hikari.HikariDataSource] - HikariPool-16 - Start completed.
2025-05-04 02:15:28.978 [INFO] [restartedMain] [o.hibernate.orm.connections.pooling] - HHH10001005: Database info:
	Database JDBC URL [Connecting through datasource 'HikariDataSource (HikariPool-16)']
	Database driver: undefined/unknown
	Database version: 11.7.2
	Autocommit mode: undefined/unknown
	Isolation level: undefined/unknown
	Minimum pool size: undefined/unknown
	Maximum pool size: undefined/unknown
2025-05-04 02:15:29.116 [INFO] [restartedMain] [o.h.e.t.j.p.i.JtaPlatformInitiator] - HHH000489: No JTA platform available (set 'hibernate.transaction.jta.platform' to enable JTA platform integration)
2025-05-04 02:15:29.141 [INFO] [restartedMain] [o.s.o.j.LocalContainerEntityManagerFactoryBean] - Initialized JPA EntityManagerFactory for persistence unit 'default'
2025-05-04 02:15:29.319 [INFO] [restartedMain] [o.s.s.c.a.a.c.InitializeUserDetailsBeanManagerConfigurer$InitializeUserDetailsManagerConfigurer] - Global AuthenticationManager configured with UserDetailsService bean with name inMemoryUserDetailsManager
2025-05-04 02:15:29.326 [INFO] [restartedMain] [o.s.b.a.w.s.WelcomePageHandlerMapping] - Adding welcome page: class path resource [static/index.html]
2025-05-04 02:15:29.618 [INFO] [restartedMain] [o.s.v.b.OptionalValidatorFactoryBean] - Failed to set up a Bean Validation provider: jakarta.validation.NoProviderFoundException: Unable to create a Configuration, because no Jakarta Bean Validation provider could be found. Add a provider like Hibernate Validator (RI) to your classpath.
2025-05-04 02:15:29.737 [INFO] [restartedMain] [o.s.b.d.a.OptionalLiveReloadServer] - LiveReload server is running on port 35729
2025-05-04 02:15:29.743 [INFO] [restartedMain] [o.a.coyote.http11.Http11NioProtocol] - Starting ProtocolHandler ["http-nio-8080"]
2025-05-04 02:15:29.747 [INFO] [restartedMain] [o.s.b.w.e.tomcat.TomcatWebServer] - Tomcat started on port 8080 (http) with context path '/'
2025-05-04 02:15:29.750 [INFO] [restartedMain] [c.g.aigroove.AigrooveApplication] - Started AigrooveApplication in 1.355 seconds (process running for 3981.431)
2025-05-04 02:15:29.752 [INFO] [restartedMain] [o.s.b.d.a.ConditionEvaluationDeltaLoggingListener] - Condition evaluation unchanged
2025-05-04 02:15:32.552 [INFO] [http-nio-8080-exec-1] [o.a.c.c.C.[Tomcat].[localhost].[/]] - Initializing Spring DispatcherServlet 'dispatcherServlet'
2025-05-04 02:15:32.552 [INFO] [http-nio-8080-exec-1] [o.s.web.servlet.DispatcherServlet] - Initializing Servlet 'dispatcherServlet'
2025-05-04 02:15:32.553 [INFO] [http-nio-8080-exec-1] [o.s.web.servlet.DispatcherServlet] - Completed initialization in 0 ms
2025-05-04 02:15:48.788 [INFO] [File Watcher] [o.s.b.d.a.LocalDevToolsAutoConfiguration$RestartingClassPathChangeChangedEventListener] - Restarting due to 1 class path change (0 additions, 0 deletions, 1 modification)
2025-05-04 02:15:48.789 [INFO] [Thread-63] [o.s.b.w.e.tomcat.GracefulShutdown] - Commencing graceful shutdown. Waiting for active requests to complete
2025-05-04 02:15:48.789 [INFO] [tomcat-shutdown] [o.a.coyote.http11.Http11NioProtocol] - Pausing ProtocolHandler ["http-nio-8080"]
2025-05-04 02:15:48.873 [INFO] [tomcat-shutdown] [o.s.b.w.e.tomcat.GracefulShutdown] - Graceful shutdown complete
2025-05-04 02:15:48.873 [INFO] [Thread-63] [o.a.coyote.http11.Http11NioProtocol] - Stopping ProtocolHandler ["http-nio-8080"]
2025-05-04 02:15:48.875 [INFO] [Thread-63] [o.s.o.j.LocalContainerEntityManagerFactoryBean] - Closing JPA EntityManagerFactory for persistence unit 'default'
2025-05-04 02:15:48.876 [INFO] [Thread-63] [com.zaxxer.hikari.HikariDataSource] - HikariPool-16 - Shutdown initiated...
2025-05-04 02:15:48.878 [INFO] [Thread-63] [com.zaxxer.hikari.HikariDataSource] - HikariPool-16 - Shutdown completed.
2025-05-04 02:15:48.983 [INFO] [restartedMain] [c.g.aigroove.AigrooveApplication] - Starting AigrooveApplication using Java 17.0.15 with PID 17224 (C:\dev\AIGroove_api\aigroove\bin\main started by 문유신 in C:\dev\AIGroove_api\aigroove)
2025-05-04 02:15:48.983 [INFO] [restartedMain] [c.g.aigroove.AigrooveApplication] - No active profile set, falling back to 1 default profile: "default"
2025-05-04 02:15:49.248 [INFO] [restartedMain] [o.s.d.r.c.RepositoryConfigurationDelegate] - Bootstrapping Spring Data JPA repositories in DEFAULT mode.
2025-05-04 02:15:49.288 [INFO] [restartedMain] [o.s.d.r.c.RepositoryConfigurationDelegate] - Finished Spring Data repository scanning in 38 ms. Found 11 JPA repository interfaces.
2025-05-04 02:15:49.372 [INFO] [restartedMain] [o.s.b.w.e.tomcat.TomcatWebServer] - Tomcat initialized with port 8080 (http)
2025-05-04 02:15:49.373 [INFO] [restartedMain] [o.a.coyote.http11.Http11NioProtocol] - Initializing ProtocolHandler ["http-nio-8080"]
2025-05-04 02:15:49.373 [INFO] [restartedMain] [o.a.catalina.core.StandardService] - Starting service [Tomcat]
2025-05-04 02:15:49.373 [INFO] [restartedMain] [o.a.catalina.core.StandardEngine] - Starting Servlet engine: [Apache Tomcat/10.1.39]
2025-05-04 02:15:49.396 [INFO] [restartedMain] [o.a.c.c.C.[Tomcat].[localhost].[/]] - Initializing Spring embedded WebApplicationContext
2025-05-04 02:15:49.396 [INFO] [restartedMain] [o.s.b.w.s.c.ServletWebServerApplicationContext] - Root WebApplicationContext: initialization completed in 411 ms
2025-05-04 02:15:49.426 [INFO] [restartedMain] [o.h.jpa.internal.util.LogHelper] - HHH000204: Processing PersistenceUnitInfo [name: default]
2025-05-04 02:15:49.430 [INFO] [restartedMain] [o.h.c.i.RegionFactoryInitiator] - HHH000026: Second-level cache disabled
2025-05-04 02:15:49.442 [INFO] [restartedMain] [o.s.o.j.p.SpringPersistenceUnitInfo] - No LoadTimeWeaver setup: ignoring JPA class transformer
2025-05-04 02:15:49.443 [INFO] [restartedMain] [com.zaxxer.hikari.HikariDataSource] - HikariPool-17 - Starting...
2025-05-04 02:15:49.445 [INFO] [restartedMain] [com.zaxxer.hikari.pool.HikariPool] - HikariPool-17 - Added connection org.mariadb.jdbc.MariaDbConnection@37cb60e5
2025-05-04 02:15:49.446 [INFO] [restartedMain] [com.zaxxer.hikari.HikariDataSource] - HikariPool-17 - Start completed.
2025-05-04 02:15:49.447 [INFO] [restartedMain] [o.hibernate.orm.connections.pooling] - HHH10001005: Database info:
	Database JDBC URL [Connecting through datasource 'HikariDataSource (HikariPool-17)']
	Database driver: undefined/unknown
	Database version: 11.7.2
	Autocommit mode: undefined/unknown
	Isolation level: undefined/unknown
	Minimum pool size: undefined/unknown
	Maximum pool size: undefined/unknown
2025-05-04 02:15:49.576 [INFO] [restartedMain] [o.h.e.t.j.p.i.JtaPlatformInitiator] - HHH000489: No JTA platform available (set 'hibernate.transaction.jta.platform' to enable JTA platform integration)
2025-05-04 02:15:49.602 [INFO] [restartedMain] [o.s.o.j.LocalContainerEntityManagerFactoryBean] - Initialized JPA EntityManagerFactory for persistence unit 'default'
2025-05-04 02:15:49.759 [INFO] [restartedMain] [o.s.s.c.a.a.c.InitializeUserDetailsBeanManagerConfigurer$InitializeUserDetailsManagerConfigurer] - Global AuthenticationManager configured with UserDetailsService bean with name inMemoryUserDetailsManager
2025-05-04 02:15:49.765 [INFO] [restartedMain] [o.s.b.a.w.s.WelcomePageHandlerMapping] - Adding welcome page: class path resource [static/index.html]
2025-05-04 02:15:50.068 [INFO] [restartedMain] [o.s.v.b.OptionalValidatorFactoryBean] - Failed to set up a Bean Validation provider: jakarta.validation.NoProviderFoundException: Unable to create a Configuration, because no Jakarta Bean Validation provider could be found. Add a provider like Hibernate Validator (RI) to your classpath.
2025-05-04 02:15:50.136 [INFO] [restartedMain] [o.s.b.d.a.OptionalLiveReloadServer] - LiveReload server is running on port 35729
2025-05-04 02:15:50.142 [INFO] [restartedMain] [o.a.coyote.http11.Http11NioProtocol] - Starting ProtocolHandler ["http-nio-8080"]
2025-05-04 02:15:50.145 [INFO] [restartedMain] [o.s.b.w.e.tomcat.TomcatWebServer] - Tomcat started on port 8080 (http) with context path '/'
2025-05-04 02:15:50.149 [INFO] [restartedMain] [c.g.aigroove.AigrooveApplication] - Started AigrooveApplication in 1.194 seconds (process running for 4001.829)
2025-05-04 02:15:50.150 [INFO] [restartedMain] [o.s.b.d.a.ConditionEvaluationDeltaLoggingListener] - Condition evaluation unchanged
2025-05-04 02:15:52.607 [INFO] [http-nio-8080-exec-1] [o.a.c.c.C.[Tomcat].[localhost].[/]] - Initializing Spring DispatcherServlet 'dispatcherServlet'
2025-05-04 02:15:52.607 [INFO] [http-nio-8080-exec-1] [o.s.web.servlet.DispatcherServlet] - Initializing Servlet 'dispatcherServlet'
2025-05-04 02:15:52.608 [INFO] [http-nio-8080-exec-1] [o.s.web.servlet.DispatcherServlet] - Completed initialization in 1 ms
2025-05-04 02:32:45.910 [INFO] [File Watcher] [o.s.b.d.a.LocalDevToolsAutoConfiguration$RestartingClassPathChangeChangedEventListener] - Restarting due to 1 class path change (0 additions, 0 deletions, 1 modification)
2025-05-04 02:32:45.912 [INFO] [Thread-67] [o.s.b.w.e.tomcat.GracefulShutdown] - Commencing graceful shutdown. Waiting for active requests to complete
2025-05-04 02:32:45.912 [INFO] [tomcat-shutdown] [o.a.coyote.http11.Http11NioProtocol] - Pausing ProtocolHandler ["http-nio-8080"]
2025-05-04 02:32:46.015 [INFO] [tomcat-shutdown] [o.s.b.w.e.tomcat.GracefulShutdown] - Graceful shutdown complete
2025-05-04 02:32:46.016 [INFO] [Thread-67] [o.a.coyote.http11.Http11NioProtocol] - Stopping ProtocolHandler ["http-nio-8080"]
2025-05-04 02:32:46.017 [INFO] [Thread-67] [o.s.o.j.LocalContainerEntityManagerFactoryBean] - Closing JPA EntityManagerFactory for persistence unit 'default'
2025-05-04 02:32:46.018 [INFO] [Thread-67] [com.zaxxer.hikari.HikariDataSource] - HikariPool-17 - Shutdown initiated...
2025-05-04 02:32:46.020 [INFO] [Thread-67] [com.zaxxer.hikari.HikariDataSource] - HikariPool-17 - Shutdown completed.
2025-05-04 02:32:46.118 [INFO] [restartedMain] [c.g.aigroove.AigrooveApplication] - Starting AigrooveApplication using Java 17.0.15 with PID 17224 (C:\dev\AIGroove_api\aigroove\bin\main started by 문유신 in C:\dev\AIGroove_api\aigroove)
2025-05-04 02:32:46.119 [INFO] [restartedMain] [c.g.aigroove.AigrooveApplication] - No active profile set, falling back to 1 default profile: "default"
2025-05-04 02:32:46.415 [INFO] [restartedMain] [o.s.d.r.c.RepositoryConfigurationDelegate] - Bootstrapping Spring Data JPA repositories in DEFAULT mode.
2025-05-04 02:32:46.488 [INFO] [restartedMain] [o.s.d.r.c.RepositoryConfigurationDelegate] - Finished Spring Data repository scanning in 71 ms. Found 11 JPA repository interfaces.
2025-05-04 02:32:46.615 [INFO] [restartedMain] [o.s.b.w.e.tomcat.TomcatWebServer] - Tomcat initialized with port 8080 (http)
2025-05-04 02:32:46.616 [INFO] [restartedMain] [o.a.coyote.http11.Http11NioProtocol] - Initializing ProtocolHandler ["http-nio-8080"]
2025-05-04 02:32:46.617 [INFO] [restartedMain] [o.a.catalina.core.StandardService] - Starting service [Tomcat]
2025-05-04 02:32:46.617 [INFO] [restartedMain] [o.a.catalina.core.StandardEngine] - Starting Servlet engine: [Apache Tomcat/10.1.39]
2025-05-04 02:32:46.651 [INFO] [restartedMain] [o.a.c.c.C.[Tomcat].[localhost].[/]] - Initializing Spring embedded WebApplicationContext
2025-05-04 02:32:46.651 [INFO] [restartedMain] [o.s.b.w.s.c.ServletWebServerApplicationContext] - Root WebApplicationContext: initialization completed in 530 ms
2025-05-04 02:32:46.701 [INFO] [restartedMain] [o.h.jpa.internal.util.LogHelper] - HHH000204: Processing PersistenceUnitInfo [name: default]
2025-05-04 02:32:46.706 [INFO] [restartedMain] [o.h.c.i.RegionFactoryInitiator] - HHH000026: Second-level cache disabled
2025-05-04 02:32:46.723 [INFO] [restartedMain] [o.s.o.j.p.SpringPersistenceUnitInfo] - No LoadTimeWeaver setup: ignoring JPA class transformer
2025-05-04 02:32:46.725 [INFO] [restartedMain] [com.zaxxer.hikari.HikariDataSource] - HikariPool-18 - Starting...
2025-05-04 02:32:46.729 [INFO] [restartedMain] [com.zaxxer.hikari.pool.HikariPool] - HikariPool-18 - Added connection org.mariadb.jdbc.MariaDbConnection@1a4f9a2d
2025-05-04 02:32:46.729 [INFO] [restartedMain] [com.zaxxer.hikari.HikariDataSource] - HikariPool-18 - Start completed.
2025-05-04 02:32:46.731 [INFO] [restartedMain] [o.hibernate.orm.connections.pooling] - HHH10001005: Database info:
	Database JDBC URL [Connecting through datasource 'HikariDataSource (HikariPool-18)']
	Database driver: undefined/unknown
	Database version: 11.7.2
	Autocommit mode: undefined/unknown
	Isolation level: undefined/unknown
	Minimum pool size: undefined/unknown
	Maximum pool size: undefined/unknown
2025-05-04 02:32:46.904 [INFO] [restartedMain] [o.h.e.t.j.p.i.JtaPlatformInitiator] - HHH000489: No JTA platform available (set 'hibernate.transaction.jta.platform' to enable JTA platform integration)
2025-05-04 02:32:46.940 [INFO] [restartedMain] [o.s.o.j.LocalContainerEntityManagerFactoryBean] - Initialized JPA EntityManagerFactory for persistence unit 'default'
2025-05-04 02:32:47.126 [INFO] [restartedMain] [o.s.s.c.a.a.c.InitializeUserDetailsBeanManagerConfigurer$InitializeUserDetailsManagerConfigurer] - Global AuthenticationManager configured with UserDetailsService bean with name inMemoryUserDetailsManager
2025-05-04 02:32:47.132 [INFO] [restartedMain] [o.s.b.a.w.s.WelcomePageHandlerMapping] - Adding welcome page: class path resource [static/index.html]
2025-05-04 02:32:47.451 [INFO] [restartedMain] [o.s.v.b.OptionalValidatorFactoryBean] - Failed to set up a Bean Validation provider: jakarta.validation.NoProviderFoundException: Unable to create a Configuration, because no Jakarta Bean Validation provider could be found. Add a provider like Hibernate Validator (RI) to your classpath.
2025-05-04 02:32:47.535 [INFO] [restartedMain] [o.s.b.d.a.OptionalLiveReloadServer] - LiveReload server is running on port 35729
2025-05-04 02:32:47.544 [INFO] [restartedMain] [o.a.coyote.http11.Http11NioProtocol] - Starting ProtocolHandler ["http-nio-8080"]
2025-05-04 02:32:47.548 [INFO] [restartedMain] [o.s.b.w.e.tomcat.TomcatWebServer] - Tomcat started on port 8080 (http) with context path '/'
2025-05-04 02:32:47.551 [INFO] [restartedMain] [c.g.aigroove.AigrooveApplication] - Started AigrooveApplication in 1.463 seconds (process running for 5019.231)
2025-05-04 02:32:47.553 [INFO] [restartedMain] [o.s.b.d.a.ConditionEvaluationDeltaLoggingListener] - Condition evaluation unchanged
2025-05-04 02:32:53.131 [INFO] [File Watcher] [o.s.b.d.a.LocalDevToolsAutoConfiguration$RestartingClassPathChangeChangedEventListener] - Restarting due to 1 class path change (0 additions, 0 deletions, 1 modification)
2025-05-04 02:32:53.133 [INFO] [Thread-71] [o.s.b.w.e.tomcat.GracefulShutdown] - Commencing graceful shutdown. Waiting for active requests to complete
2025-05-04 02:32:53.134 [INFO] [tomcat-shutdown] [o.a.coyote.http11.Http11NioProtocol] - Pausing ProtocolHandler ["http-nio-8080"]
2025-05-04 02:32:53.232 [INFO] [tomcat-shutdown] [o.s.b.w.e.tomcat.GracefulShutdown] - Graceful shutdown complete
2025-05-04 02:32:53.232 [INFO] [Thread-71] [o.a.coyote.http11.Http11NioProtocol] - Stopping ProtocolHandler ["http-nio-8080"]
2025-05-04 02:32:53.235 [INFO] [Thread-71] [o.s.o.j.LocalContainerEntityManagerFactoryBean] - Closing JPA EntityManagerFactory for persistence unit 'default'
2025-05-04 02:32:53.236 [INFO] [Thread-71] [com.zaxxer.hikari.HikariDataSource] - HikariPool-18 - Shutdown initiated...
2025-05-04 02:32:53.238 [INFO] [Thread-71] [com.zaxxer.hikari.HikariDataSource] - HikariPool-18 - Shutdown completed.
2025-05-04 02:32:53.344 [INFO] [restartedMain] [c.g.aigroove.AigrooveApplication] - Starting AigrooveApplication using Java 17.0.15 with PID 17224 (C:\dev\AIGroove_api\aigroove\bin\main started by 문유신 in C:\dev\AIGroove_api\aigroove)
2025-05-04 02:32:53.345 [INFO] [restartedMain] [c.g.aigroove.AigrooveApplication] - No active profile set, falling back to 1 default profile: "default"
2025-05-04 02:32:53.655 [INFO] [restartedMain] [o.s.d.r.c.RepositoryConfigurationDelegate] - Bootstrapping Spring Data JPA repositories in DEFAULT mode.
2025-05-04 02:32:53.690 [INFO] [restartedMain] [o.s.d.r.c.RepositoryConfigurationDelegate] - Finished Spring Data repository scanning in 34 ms. Found 11 JPA repository interfaces.
2025-05-04 02:32:53.767 [INFO] [restartedMain] [o.s.b.w.e.tomcat.TomcatWebServer] - Tomcat initialized with port 8080 (http)
2025-05-04 02:32:53.768 [INFO] [restartedMain] [o.a.coyote.http11.Http11NioProtocol] - Initializing ProtocolHandler ["http-nio-8080"]
2025-05-04 02:32:53.768 [INFO] [restartedMain] [o.a.catalina.core.StandardService] - Starting service [Tomcat]
2025-05-04 02:32:53.768 [INFO] [restartedMain] [o.a.catalina.core.StandardEngine] - Starting Servlet engine: [Apache Tomcat/10.1.39]
2025-05-04 02:32:53.790 [INFO] [restartedMain] [o.a.c.c.C.[Tomcat].[localhost].[/]] - Initializing Spring embedded WebApplicationContext
2025-05-04 02:32:53.790 [INFO] [restartedMain] [o.s.b.w.s.c.ServletWebServerApplicationContext] - Root WebApplicationContext: initialization completed in 443 ms
2025-05-04 02:32:53.821 [INFO] [restartedMain] [o.h.jpa.internal.util.LogHelper] - HHH000204: Processing PersistenceUnitInfo [name: default]
2025-05-04 02:32:53.825 [INFO] [restartedMain] [o.h.c.i.RegionFactoryInitiator] - HHH000026: Second-level cache disabled
2025-05-04 02:32:53.839 [INFO] [restartedMain] [o.s.o.j.p.SpringPersistenceUnitInfo] - No LoadTimeWeaver setup: ignoring JPA class transformer
2025-05-04 02:32:53.840 [INFO] [restartedMain] [com.zaxxer.hikari.HikariDataSource] - HikariPool-19 - Starting...
2025-05-04 02:32:53.842 [INFO] [restartedMain] [com.zaxxer.hikari.pool.HikariPool] - HikariPool-19 - Added connection org.mariadb.jdbc.MariaDbConnection@2d7e046d
2025-05-04 02:32:53.842 [INFO] [restartedMain] [com.zaxxer.hikari.HikariDataSource] - HikariPool-19 - Start completed.
2025-05-04 02:32:53.843 [INFO] [restartedMain] [o.hibernate.orm.connections.pooling] - HHH10001005: Database info:
	Database JDBC URL [Connecting through datasource 'HikariDataSource (HikariPool-19)']
	Database driver: undefined/unknown
	Database version: 11.7.2
	Autocommit mode: undefined/unknown
	Isolation level: undefined/unknown
	Minimum pool size: undefined/unknown
	Maximum pool size: undefined/unknown
2025-05-04 02:32:53.967 [INFO] [restartedMain] [o.h.e.t.j.p.i.JtaPlatformInitiator] - HHH000489: No JTA platform available (set 'hibernate.transaction.jta.platform' to enable JTA platform integration)
2025-05-04 02:32:53.992 [INFO] [restartedMain] [o.s.o.j.LocalContainerEntityManagerFactoryBean] - Initialized JPA EntityManagerFactory for persistence unit 'default'
2025-05-04 02:32:54.135 [INFO] [restartedMain] [o.s.s.c.a.a.c.InitializeUserDetailsBeanManagerConfigurer$InitializeUserDetailsManagerConfigurer] - Global AuthenticationManager configured with UserDetailsService bean with name inMemoryUserDetailsManager
2025-05-04 02:32:54.141 [INFO] [restartedMain] [o.s.b.a.w.s.WelcomePageHandlerMapping] - Adding welcome page: class path resource [static/index.html]
2025-05-04 02:32:54.434 [INFO] [restartedMain] [o.s.v.b.OptionalValidatorFactoryBean] - Failed to set up a Bean Validation provider: jakarta.validation.NoProviderFoundException: Unable to create a Configuration, because no Jakarta Bean Validation provider could be found. Add a provider like Hibernate Validator (RI) to your classpath.
2025-05-04 02:32:54.487 [INFO] [restartedMain] [o.s.b.d.a.OptionalLiveReloadServer] - LiveReload server is running on port 35729
2025-05-04 02:32:54.492 [INFO] [restartedMain] [o.a.coyote.http11.Http11NioProtocol] - Starting ProtocolHandler ["http-nio-8080"]
2025-05-04 02:32:54.495 [INFO] [restartedMain] [o.s.b.w.e.tomcat.TomcatWebServer] - Tomcat started on port 8080 (http) with context path '/'
2025-05-04 02:32:54.498 [INFO] [restartedMain] [c.g.aigroove.AigrooveApplication] - Started AigrooveApplication in 1.186 seconds (process running for 5026.178)
2025-05-04 02:32:54.499 [INFO] [restartedMain] [o.s.b.d.a.ConditionEvaluationDeltaLoggingListener] - Condition evaluation unchanged
2025-05-04 02:32:59.082 [INFO] [File Watcher] [o.s.b.d.a.LocalDevToolsAutoConfiguration$RestartingClassPathChangeChangedEventListener] - Restarting due to 1 class path change (0 additions, 0 deletions, 1 modification)
2025-05-04 02:32:59.083 [INFO] [Thread-75] [o.s.b.w.e.tomcat.GracefulShutdown] - Commencing graceful shutdown. Waiting for active requests to complete
2025-05-04 02:32:59.084 [INFO] [tomcat-shutdown] [o.a.coyote.http11.Http11NioProtocol] - Pausing ProtocolHandler ["http-nio-8080"]
2025-05-04 02:32:59.170 [INFO] [tomcat-shutdown] [o.s.b.w.e.tomcat.GracefulShutdown] - Graceful shutdown complete
2025-05-04 02:32:59.170 [INFO] [Thread-75] [o.a.coyote.http11.Http11NioProtocol] - Stopping ProtocolHandler ["http-nio-8080"]
2025-05-04 02:32:59.172 [INFO] [Thread-75] [o.s.o.j.LocalContainerEntityManagerFactoryBean] - Closing JPA EntityManagerFactory for persistence unit 'default'
2025-05-04 02:32:59.172 [INFO] [Thread-75] [com.zaxxer.hikari.HikariDataSource] - HikariPool-19 - Shutdown initiated...
2025-05-04 02:32:59.175 [INFO] [Thread-75] [com.zaxxer.hikari.HikariDataSource] - HikariPool-19 - Shutdown completed.
2025-05-04 02:32:59.268 [INFO] [restartedMain] [c.g.aigroove.AigrooveApplication] - Starting AigrooveApplication using Java 17.0.15 with PID 17224 (C:\dev\AIGroove_api\aigroove\bin\main started by 문유신 in C:\dev\AIGroove_api\aigroove)
2025-05-04 02:32:59.268 [INFO] [restartedMain] [c.g.aigroove.AigrooveApplication] - No active profile set, falling back to 1 default profile: "default"
2025-05-04 02:32:59.537 [INFO] [restartedMain] [o.s.d.r.c.RepositoryConfigurationDelegate] - Bootstrapping Spring Data JPA repositories in DEFAULT mode.
2025-05-04 02:32:59.579 [INFO] [restartedMain] [o.s.d.r.c.RepositoryConfigurationDelegate] - Finished Spring Data repository scanning in 40 ms. Found 11 JPA repository interfaces.
2025-05-04 02:32:59.669 [INFO] [restartedMain] [o.s.b.w.e.tomcat.TomcatWebServer] - Tomcat initialized with port 8080 (http)
2025-05-04 02:32:59.670 [INFO] [restartedMain] [o.a.coyote.http11.Http11NioProtocol] - Initializing ProtocolHandler ["http-nio-8080"]
2025-05-04 02:32:59.670 [INFO] [restartedMain] [o.a.catalina.core.StandardService] - Starting service [Tomcat]
2025-05-04 02:32:59.671 [INFO] [restartedMain] [o.a.catalina.core.StandardEngine] - Starting Servlet engine: [Apache Tomcat/10.1.39]
2025-05-04 02:32:59.690 [INFO] [restartedMain] [o.a.c.c.C.[Tomcat].[localhost].[/]] - Initializing Spring embedded WebApplicationContext
2025-05-04 02:32:59.691 [INFO] [restartedMain] [o.s.b.w.s.c.ServletWebServerApplicationContext] - Root WebApplicationContext: initialization completed in 421 ms
2025-05-04 02:32:59.713 [INFO] [restartedMain] [o.h.jpa.internal.util.LogHelper] - HHH000204: Processing PersistenceUnitInfo [name: default]
2025-05-04 02:32:59.718 [INFO] [restartedMain] [o.h.c.i.RegionFactoryInitiator] - HHH000026: Second-level cache disabled
2025-05-04 02:32:59.729 [INFO] [restartedMain] [o.s.o.j.p.SpringPersistenceUnitInfo] - No LoadTimeWeaver setup: ignoring JPA class transformer
2025-05-04 02:32:59.730 [INFO] [restartedMain] [com.zaxxer.hikari.HikariDataSource] - HikariPool-20 - Starting...
2025-05-04 02:32:59.732 [INFO] [restartedMain] [com.zaxxer.hikari.pool.HikariPool] - HikariPool-20 - Added connection org.mariadb.jdbc.MariaDbConnection@2bc84c26
2025-05-04 02:32:59.732 [INFO] [restartedMain] [com.zaxxer.hikari.HikariDataSource] - HikariPool-20 - Start completed.
2025-05-04 02:32:59.733 [INFO] [restartedMain] [o.hibernate.orm.connections.pooling] - HHH10001005: Database info:
	Database JDBC URL [Connecting through datasource 'HikariDataSource (HikariPool-20)']
	Database driver: undefined/unknown
	Database version: 11.7.2
	Autocommit mode: undefined/unknown
	Isolation level: undefined/unknown
	Minimum pool size: undefined/unknown
	Maximum pool size: undefined/unknown
2025-05-04 02:32:59.856 [INFO] [restartedMain] [o.h.e.t.j.p.i.JtaPlatformInitiator] - HHH000489: No JTA platform available (set 'hibernate.transaction.jta.platform' to enable JTA platform integration)
2025-05-04 02:32:59.883 [INFO] [restartedMain] [o.s.o.j.LocalContainerEntityManagerFactoryBean] - Initialized JPA EntityManagerFactory for persistence unit 'default'
2025-05-04 02:33:00.047 [INFO] [restartedMain] [o.s.s.c.a.a.c.InitializeUserDetailsBeanManagerConfigurer$InitializeUserDetailsManagerConfigurer] - Global AuthenticationManager configured with UserDetailsService bean with name inMemoryUserDetailsManager
2025-05-04 02:33:00.052 [INFO] [restartedMain] [o.s.b.a.w.s.WelcomePageHandlerMapping] - Adding welcome page: class path resource [static/index.html]
2025-05-04 02:33:00.297 [INFO] [restartedMain] [o.s.v.b.OptionalValidatorFactoryBean] - Failed to set up a Bean Validation provider: jakarta.validation.NoProviderFoundException: Unable to create a Configuration, because no Jakarta Bean Validation provider could be found. Add a provider like Hibernate Validator (RI) to your classpath.
2025-05-04 02:33:00.354 [INFO] [restartedMain] [o.s.b.d.a.OptionalLiveReloadServer] - LiveReload server is running on port 35729
2025-05-04 02:33:00.361 [INFO] [restartedMain] [o.a.coyote.http11.Http11NioProtocol] - Starting ProtocolHandler ["http-nio-8080"]
2025-05-04 02:33:00.365 [INFO] [restartedMain] [o.s.b.w.e.tomcat.TomcatWebServer] - Tomcat started on port 8080 (http) with context path '/'
2025-05-04 02:33:00.368 [INFO] [restartedMain] [c.g.aigroove.AigrooveApplication] - Started AigrooveApplication in 1.129 seconds (process running for 5032.048)
2025-05-04 02:33:00.369 [INFO] [restartedMain] [o.s.b.d.a.ConditionEvaluationDeltaLoggingListener] - Condition evaluation unchanged
2025-05-04 02:33:09.078 [INFO] [File Watcher] [o.s.b.d.a.LocalDevToolsAutoConfiguration$RestartingClassPathChangeChangedEventListener] - Restarting due to 1 class path change (0 additions, 0 deletions, 1 modification)
2025-05-04 02:33:09.079 [INFO] [Thread-79] [o.s.b.w.e.tomcat.GracefulShutdown] - Commencing graceful shutdown. Waiting for active requests to complete
2025-05-04 02:33:09.080 [INFO] [tomcat-shutdown] [o.a.coyote.http11.Http11NioProtocol] - Pausing ProtocolHandler ["http-nio-8080"]
2025-05-04 02:33:09.254 [INFO] [tomcat-shutdown] [o.s.b.w.e.tomcat.GracefulShutdown] - Graceful shutdown complete
2025-05-04 02:33:09.254 [INFO] [Thread-79] [o.a.coyote.http11.Http11NioProtocol] - Stopping ProtocolHandler ["http-nio-8080"]
2025-05-04 02:33:09.256 [INFO] [Thread-79] [o.s.o.j.LocalContainerEntityManagerFactoryBean] - Closing JPA EntityManagerFactory for persistence unit 'default'
2025-05-04 02:33:09.257 [INFO] [Thread-79] [com.zaxxer.hikari.HikariDataSource] - HikariPool-20 - Shutdown initiated...
2025-05-04 02:33:09.259 [INFO] [Thread-79] [com.zaxxer.hikari.HikariDataSource] - HikariPool-20 - Shutdown completed.
2025-05-04 02:33:09.361 [INFO] [restartedMain] [c.g.aigroove.AigrooveApplication] - Starting AigrooveApplication using Java 17.0.15 with PID 17224 (C:\dev\AIGroove_api\aigroove\bin\main started by 문유신 in C:\dev\AIGroove_api\aigroove)
2025-05-04 02:33:09.362 [INFO] [restartedMain] [c.g.aigroove.AigrooveApplication] - No active profile set, falling back to 1 default profile: "default"
2025-05-04 02:33:09.716 [INFO] [restartedMain] [o.s.d.r.c.RepositoryConfigurationDelegate] - Bootstrapping Spring Data JPA repositories in DEFAULT mode.
2025-05-04 02:33:09.755 [INFO] [restartedMain] [o.s.d.r.c.RepositoryConfigurationDelegate] - Finished Spring Data repository scanning in 38 ms. Found 11 JPA repository interfaces.
2025-05-04 02:33:09.837 [INFO] [restartedMain] [o.s.b.w.e.tomcat.TomcatWebServer] - Tomcat initialized with port 8080 (http)
2025-05-04 02:33:09.838 [INFO] [restartedMain] [o.a.coyote.http11.Http11NioProtocol] - Initializing ProtocolHandler ["http-nio-8080"]
2025-05-04 02:33:09.838 [INFO] [restartedMain] [o.a.catalina.core.StandardService] - Starting service [Tomcat]
2025-05-04 02:33:09.839 [INFO] [restartedMain] [o.a.catalina.core.StandardEngine] - Starting Servlet engine: [Apache Tomcat/10.1.39]
2025-05-04 02:33:09.860 [INFO] [restartedMain] [o.a.c.c.C.[Tomcat].[localhost].[/]] - Initializing Spring embedded WebApplicationContext
2025-05-04 02:33:09.861 [INFO] [restartedMain] [o.s.b.w.s.c.ServletWebServerApplicationContext] - Root WebApplicationContext: initialization completed in 493 ms
2025-05-04 02:33:09.884 [INFO] [restartedMain] [o.h.jpa.internal.util.LogHelper] - HHH000204: Processing PersistenceUnitInfo [name: default]
2025-05-04 02:33:09.889 [INFO] [restartedMain] [o.h.c.i.RegionFactoryInitiator] - HHH000026: Second-level cache disabled
2025-05-04 02:33:09.898 [INFO] [restartedMain] [o.s.o.j.p.SpringPersistenceUnitInfo] - No LoadTimeWeaver setup: ignoring JPA class transformer
2025-05-04 02:33:09.900 [INFO] [restartedMain] [com.zaxxer.hikari.HikariDataSource] - HikariPool-21 - Starting...
2025-05-04 02:33:09.901 [INFO] [restartedMain] [com.zaxxer.hikari.pool.HikariPool] - HikariPool-21 - Added connection org.mariadb.jdbc.MariaDbConnection@5923ba66
2025-05-04 02:33:09.902 [INFO] [restartedMain] [com.zaxxer.hikari.HikariDataSource] - HikariPool-21 - Start completed.
2025-05-04 02:33:09.903 [INFO] [restartedMain] [o.hibernate.orm.connections.pooling] - HHH10001005: Database info:
	Database JDBC URL [Connecting through datasource 'HikariDataSource (HikariPool-21)']
	Database driver: undefined/unknown
	Database version: 11.7.2
	Autocommit mode: undefined/unknown
	Isolation level: undefined/unknown
	Minimum pool size: undefined/unknown
	Maximum pool size: undefined/unknown
2025-05-04 02:33:10.021 [INFO] [restartedMain] [o.h.e.t.j.p.i.JtaPlatformInitiator] - HHH000489: No JTA platform available (set 'hibernate.transaction.jta.platform' to enable JTA platform integration)
2025-05-04 02:33:10.045 [INFO] [restartedMain] [o.s.o.j.LocalContainerEntityManagerFactoryBean] - Initialized JPA EntityManagerFactory for persistence unit 'default'
2025-05-04 02:33:10.210 [INFO] [restartedMain] [o.s.s.c.a.a.c.InitializeUserDetailsBeanManagerConfigurer$InitializeUserDetailsManagerConfigurer] - Global AuthenticationManager configured with UserDetailsService bean with name inMemoryUserDetailsManager
2025-05-04 02:33:10.216 [INFO] [restartedMain] [o.s.b.a.w.s.WelcomePageHandlerMapping] - Adding welcome page: class path resource [static/index.html]
2025-05-04 02:33:10.508 [INFO] [restartedMain] [o.s.v.b.OptionalValidatorFactoryBean] - Failed to set up a Bean Validation provider: jakarta.validation.NoProviderFoundException: Unable to create a Configuration, because no Jakarta Bean Validation provider could be found. Add a provider like Hibernate Validator (RI) to your classpath.
2025-05-04 02:33:10.563 [INFO] [restartedMain] [o.s.b.d.a.OptionalLiveReloadServer] - LiveReload server is running on port 35729
2025-05-04 02:33:10.569 [INFO] [restartedMain] [o.a.coyote.http11.Http11NioProtocol] - Starting ProtocolHandler ["http-nio-8080"]
2025-05-04 02:33:10.572 [INFO] [restartedMain] [o.s.b.w.e.tomcat.TomcatWebServer] - Tomcat started on port 8080 (http) with context path '/'
2025-05-04 02:33:10.574 [INFO] [restartedMain] [c.g.aigroove.AigrooveApplication] - Started AigrooveApplication in 1.246 seconds (process running for 5042.255)
2025-05-04 02:33:10.575 [INFO] [restartedMain] [o.s.b.d.a.ConditionEvaluationDeltaLoggingListener] - Condition evaluation unchanged
2025-05-04 02:33:12.030 [INFO] [File Watcher] [o.s.b.d.a.LocalDevToolsAutoConfiguration$RestartingClassPathChangeChangedEventListener] - Restarting due to 1 class path change (0 additions, 0 deletions, 1 modification)
2025-05-04 02:33:12.031 [INFO] [Thread-83] [o.s.b.w.e.tomcat.GracefulShutdown] - Commencing graceful shutdown. Waiting for active requests to complete
2025-05-04 02:33:12.032 [INFO] [tomcat-shutdown] [o.a.coyote.http11.Http11NioProtocol] - Pausing ProtocolHandler ["http-nio-8080"]
2025-05-04 02:33:12.153 [INFO] [tomcat-shutdown] [o.s.b.w.e.tomcat.GracefulShutdown] - Graceful shutdown complete
2025-05-04 02:33:12.153 [INFO] [Thread-83] [o.a.coyote.http11.Http11NioProtocol] - Stopping ProtocolHandler ["http-nio-8080"]
2025-05-04 02:33:12.156 [INFO] [Thread-83] [o.s.o.j.LocalContainerEntityManagerFactoryBean] - Closing JPA EntityManagerFactory for persistence unit 'default'
2025-05-04 02:33:12.156 [INFO] [Thread-83] [com.zaxxer.hikari.HikariDataSource] - HikariPool-21 - Shutdown initiated...
2025-05-04 02:33:12.158 [INFO] [Thread-83] [com.zaxxer.hikari.HikariDataSource] - HikariPool-21 - Shutdown completed.
2025-05-04 02:33:12.266 [INFO] [restartedMain] [c.g.aigroove.AigrooveApplication] - Starting AigrooveApplication using Java 17.0.15 with PID 17224 (C:\dev\AIGroove_api\aigroove\bin\main started by 문유신 in C:\dev\AIGroove_api\aigroove)
2025-05-04 02:33:12.266 [INFO] [restartedMain] [c.g.aigroove.AigrooveApplication] - No active profile set, falling back to 1 default profile: "default"
2025-05-04 02:33:12.606 [INFO] [restartedMain] [o.s.d.r.c.RepositoryConfigurationDelegate] - Bootstrapping Spring Data JPA repositories in DEFAULT mode.
2025-05-04 02:33:12.656 [INFO] [restartedMain] [o.s.d.r.c.RepositoryConfigurationDelegate] - Finished Spring Data repository scanning in 49 ms. Found 11 JPA repository interfaces.
2025-05-04 02:33:12.761 [INFO] [restartedMain] [o.s.b.w.e.tomcat.TomcatWebServer] - Tomcat initialized with port 8080 (http)
2025-05-04 02:33:12.762 [INFO] [restartedMain] [o.a.coyote.http11.Http11NioProtocol] - Initializing ProtocolHandler ["http-nio-8080"]
2025-05-04 02:33:12.762 [INFO] [restartedMain] [o.a.catalina.core.StandardService] - Starting service [Tomcat]
2025-05-04 02:33:12.763 [INFO] [restartedMain] [o.a.catalina.core.StandardEngine] - Starting Servlet engine: [Apache Tomcat/10.1.39]
2025-05-04 02:33:12.784 [INFO] [restartedMain] [o.a.c.c.C.[Tomcat].[localhost].[/]] - Initializing Spring embedded WebApplicationContext
2025-05-04 02:33:12.784 [INFO] [restartedMain] [o.s.b.w.s.c.ServletWebServerApplicationContext] - Root WebApplicationContext: initialization completed in 516 ms
2025-05-04 02:33:12.808 [INFO] [restartedMain] [o.h.jpa.internal.util.LogHelper] - HHH000204: Processing PersistenceUnitInfo [name: default]
2025-05-04 02:33:12.812 [INFO] [restartedMain] [o.h.c.i.RegionFactoryInitiator] - HHH000026: Second-level cache disabled
2025-05-04 02:33:12.822 [INFO] [restartedMain] [o.s.o.j.p.SpringPersistenceUnitInfo] - No LoadTimeWeaver setup: ignoring JPA class transformer
2025-05-04 02:33:12.824 [INFO] [restartedMain] [com.zaxxer.hikari.HikariDataSource] - HikariPool-22 - Starting...
2025-05-04 02:33:12.826 [INFO] [restartedMain] [com.zaxxer.hikari.pool.HikariPool] - HikariPool-22 - Added connection org.mariadb.jdbc.MariaDbConnection@6ec2f03e
2025-05-04 02:33:12.826 [INFO] [restartedMain] [com.zaxxer.hikari.HikariDataSource] - HikariPool-22 - Start completed.
2025-05-04 02:33:12.827 [INFO] [restartedMain] [o.hibernate.orm.connections.pooling] - HHH10001005: Database info:
	Database JDBC URL [Connecting through datasource 'HikariDataSource (HikariPool-22)']
	Database driver: undefined/unknown
	Database version: 11.7.2
	Autocommit mode: undefined/unknown
	Isolation level: undefined/unknown
	Minimum pool size: undefined/unknown
	Maximum pool size: undefined/unknown
2025-05-04 02:33:12.954 [INFO] [restartedMain] [o.h.e.t.j.p.i.JtaPlatformInitiator] - HHH000489: No JTA platform available (set 'hibernate.transaction.jta.platform' to enable JTA platform integration)
2025-05-04 02:33:12.977 [INFO] [restartedMain] [o.s.o.j.LocalContainerEntityManagerFactoryBean] - Initialized JPA EntityManagerFactory for persistence unit 'default'
2025-05-04 02:33:13.115 [INFO] [restartedMain] [o.s.s.c.a.a.c.InitializeUserDetailsBeanManagerConfigurer$InitializeUserDetailsManagerConfigurer] - Global AuthenticationManager configured with UserDetailsService bean with name inMemoryUserDetailsManager
2025-05-04 02:33:13.120 [INFO] [restartedMain] [o.s.b.a.w.s.WelcomePageHandlerMapping] - Adding welcome page: class path resource [static/index.html]
2025-05-04 02:33:13.392 [INFO] [restartedMain] [o.s.v.b.OptionalValidatorFactoryBean] - Failed to set up a Bean Validation provider: jakarta.validation.NoProviderFoundException: Unable to create a Configuration, because no Jakarta Bean Validation provider could be found. Add a provider like Hibernate Validator (RI) to your classpath.
2025-05-04 02:33:13.440 [INFO] [restartedMain] [o.s.b.d.a.OptionalLiveReloadServer] - LiveReload server is running on port 35729
2025-05-04 02:33:13.447 [INFO] [restartedMain] [o.a.coyote.http11.Http11NioProtocol] - Starting ProtocolHandler ["http-nio-8080"]
2025-05-04 02:33:13.450 [INFO] [restartedMain] [o.s.b.w.e.tomcat.TomcatWebServer] - Tomcat started on port 8080 (http) with context path '/'
2025-05-04 02:33:13.454 [INFO] [restartedMain] [c.g.aigroove.AigrooveApplication] - Started AigrooveApplication in 1.221 seconds (process running for 5045.134)
2025-05-04 02:33:13.455 [INFO] [restartedMain] [o.s.b.d.a.ConditionEvaluationDeltaLoggingListener] - Condition evaluation unchanged
2025-05-04 02:33:16.965 [INFO] [File Watcher] [o.s.b.d.a.LocalDevToolsAutoConfiguration$RestartingClassPathChangeChangedEventListener] - Restarting due to 1 class path change (0 additions, 0 deletions, 1 modification)
2025-05-04 02:33:16.967 [INFO] [Thread-87] [o.s.b.w.e.tomcat.GracefulShutdown] - Commencing graceful shutdown. Waiting for active requests to complete
2025-05-04 02:33:16.967 [INFO] [tomcat-shutdown] [o.a.coyote.http11.Http11NioProtocol] - Pausing ProtocolHandler ["http-nio-8080"]
2025-05-04 02:33:17.051 [INFO] [tomcat-shutdown] [o.s.b.w.e.tomcat.GracefulShutdown] - Graceful shutdown complete
2025-05-04 02:33:17.051 [INFO] [Thread-87] [o.a.coyote.http11.Http11NioProtocol] - Stopping ProtocolHandler ["http-nio-8080"]
2025-05-04 02:33:17.054 [INFO] [Thread-87] [o.s.o.j.LocalContainerEntityManagerFactoryBean] - Closing JPA EntityManagerFactory for persistence unit 'default'
2025-05-04 02:33:17.054 [INFO] [Thread-87] [com.zaxxer.hikari.HikariDataSource] - HikariPool-22 - Shutdown initiated...
2025-05-04 02:33:17.056 [INFO] [Thread-87] [com.zaxxer.hikari.HikariDataSource] - HikariPool-22 - Shutdown completed.
2025-05-04 02:33:17.149 [INFO] [restartedMain] [c.g.aigroove.AigrooveApplication] - Starting AigrooveApplication using Java 17.0.15 with PID 17224 (C:\dev\AIGroove_api\aigroove\bin\main started by 문유신 in C:\dev\AIGroove_api\aigroove)
2025-05-04 02:33:17.149 [INFO] [restartedMain] [c.g.aigroove.AigrooveApplication] - No active profile set, falling back to 1 default profile: "default"
2025-05-04 02:33:17.405 [INFO] [restartedMain] [o.s.d.r.c.RepositoryConfigurationDelegate] - Bootstrapping Spring Data JPA repositories in DEFAULT mode.
2025-05-04 02:33:17.457 [INFO] [restartedMain] [o.s.d.r.c.RepositoryConfigurationDelegate] - Finished Spring Data repository scanning in 50 ms. Found 11 JPA repository interfaces.
2025-05-04 02:33:17.551 [INFO] [restartedMain] [o.s.b.w.e.tomcat.TomcatWebServer] - Tomcat initialized with port 8080 (http)
2025-05-04 02:33:17.552 [INFO] [restartedMain] [o.a.coyote.http11.Http11NioProtocol] - Initializing ProtocolHandler ["http-nio-8080"]
2025-05-04 02:33:17.553 [INFO] [restartedMain] [o.a.catalina.core.StandardService] - Starting service [Tomcat]
2025-05-04 02:33:17.553 [INFO] [restartedMain] [o.a.catalina.core.StandardEngine] - Starting Servlet engine: [Apache Tomcat/10.1.39]
2025-05-04 02:33:17.573 [INFO] [restartedMain] [o.a.c.c.C.[Tomcat].[localhost].[/]] - Initializing Spring embedded WebApplicationContext
2025-05-04 02:33:17.573 [INFO] [restartedMain] [o.s.b.w.s.c.ServletWebServerApplicationContext] - Root WebApplicationContext: initialization completed in 422 ms
2025-05-04 02:33:17.598 [INFO] [restartedMain] [o.h.jpa.internal.util.LogHelper] - HHH000204: Processing PersistenceUnitInfo [name: default]
2025-05-04 02:33:17.602 [INFO] [restartedMain] [o.h.c.i.RegionFactoryInitiator] - HHH000026: Second-level cache disabled
2025-05-04 02:33:17.612 [INFO] [restartedMain] [o.s.o.j.p.SpringPersistenceUnitInfo] - No LoadTimeWeaver setup: ignoring JPA class transformer
2025-05-04 02:33:17.614 [INFO] [restartedMain] [com.zaxxer.hikari.HikariDataSource] - HikariPool-23 - Starting...
2025-05-04 02:33:17.615 [INFO] [restartedMain] [com.zaxxer.hikari.pool.HikariPool] - HikariPool-23 - Added connection org.mariadb.jdbc.MariaDbConnection@3f99e30e
2025-05-04 02:33:17.616 [INFO] [restartedMain] [com.zaxxer.hikari.HikariDataSource] - HikariPool-23 - Start completed.
2025-05-04 02:33:17.616 [INFO] [restartedMain] [o.hibernate.orm.connections.pooling] - HHH10001005: Database info:
	Database JDBC URL [Connecting through datasource 'HikariDataSource (HikariPool-23)']
	Database driver: undefined/unknown
	Database version: 11.7.2
	Autocommit mode: undefined/unknown
	Isolation level: undefined/unknown
	Minimum pool size: undefined/unknown
	Maximum pool size: undefined/unknown
2025-05-04 02:33:17.752 [INFO] [restartedMain] [o.h.e.t.j.p.i.JtaPlatformInitiator] - HHH000489: No JTA platform available (set 'hibernate.transaction.jta.platform' to enable JTA platform integration)
2025-05-04 02:33:17.839 [INFO] [restartedMain] [o.s.o.j.LocalContainerEntityManagerFactoryBean] - Initialized JPA EntityManagerFactory for persistence unit 'default'
2025-05-04 02:33:17.973 [INFO] [restartedMain] [o.s.s.c.a.a.c.InitializeUserDetailsBeanManagerConfigurer$InitializeUserDetailsManagerConfigurer] - Global AuthenticationManager configured with UserDetailsService bean with name inMemoryUserDetailsManager
2025-05-04 02:33:17.978 [INFO] [restartedMain] [o.s.b.a.w.s.WelcomePageHandlerMapping] - Adding welcome page: class path resource [static/index.html]
2025-05-04 02:33:18.260 [INFO] [restartedMain] [o.s.v.b.OptionalValidatorFactoryBean] - Failed to set up a Bean Validation provider: jakarta.validation.NoProviderFoundException: Unable to create a Configuration, because no Jakarta Bean Validation provider could be found. Add a provider like Hibernate Validator (RI) to your classpath.
2025-05-04 02:33:18.317 [INFO] [restartedMain] [o.s.b.d.a.OptionalLiveReloadServer] - LiveReload server is running on port 35729
2025-05-04 02:33:18.323 [INFO] [restartedMain] [o.a.coyote.http11.Http11NioProtocol] - Starting ProtocolHandler ["http-nio-8080"]
2025-05-04 02:33:18.326 [INFO] [restartedMain] [o.s.b.w.e.tomcat.TomcatWebServer] - Tomcat started on port 8080 (http) with context path '/'
2025-05-04 02:33:18.329 [INFO] [restartedMain] [c.g.aigroove.AigrooveApplication] - Started AigrooveApplication in 1.208 seconds (process running for 5050.01)
2025-05-04 02:33:18.331 [INFO] [restartedMain] [o.s.b.d.a.ConditionEvaluationDeltaLoggingListener] - Condition evaluation unchanged
2025-05-04 02:33:27.037 [INFO] [File Watcher] [o.s.b.d.a.LocalDevToolsAutoConfiguration$RestartingClassPathChangeChangedEventListener] - Restarting due to 1 class path change (0 additions, 0 deletions, 1 modification)
2025-05-04 02:33:27.038 [INFO] [Thread-91] [o.s.b.w.e.tomcat.GracefulShutdown] - Commencing graceful shutdown. Waiting for active requests to complete
2025-05-04 02:33:27.038 [INFO] [tomcat-shutdown] [o.a.coyote.http11.Http11NioProtocol] - Pausing ProtocolHandler ["http-nio-8080"]
2025-05-04 02:33:27.139 [INFO] [tomcat-shutdown] [o.s.b.w.e.tomcat.GracefulShutdown] - Graceful shutdown complete
2025-05-04 02:33:27.139 [INFO] [Thread-91] [o.a.coyote.http11.Http11NioProtocol] - Stopping ProtocolHandler ["http-nio-8080"]
2025-05-04 02:33:27.141 [INFO] [Thread-91] [o.s.o.j.LocalContainerEntityManagerFactoryBean] - Closing JPA EntityManagerFactory for persistence unit 'default'
2025-05-04 02:33:27.142 [INFO] [Thread-91] [com.zaxxer.hikari.HikariDataSource] - HikariPool-23 - Shutdown initiated...
2025-05-04 02:33:27.144 [INFO] [Thread-91] [com.zaxxer.hikari.HikariDataSource] - HikariPool-23 - Shutdown completed.
2025-05-04 02:33:27.239 [INFO] [restartedMain] [c.g.aigroove.AigrooveApplication] - Starting AigrooveApplication using Java 17.0.15 with PID 17224 (C:\dev\AIGroove_api\aigroove\bin\main started by 문유신 in C:\dev\AIGroove_api\aigroove)
2025-05-04 02:33:27.239 [INFO] [restartedMain] [c.g.aigroove.AigrooveApplication] - No active profile set, falling back to 1 default profile: "default"
2025-05-04 02:33:27.495 [INFO] [restartedMain] [o.s.d.r.c.RepositoryConfigurationDelegate] - Bootstrapping Spring Data JPA repositories in DEFAULT mode.
2025-05-04 02:33:27.530 [INFO] [restartedMain] [o.s.d.r.c.RepositoryConfigurationDelegate] - Finished Spring Data repository scanning in 34 ms. Found 11 JPA repository interfaces.
2025-05-04 02:33:27.611 [INFO] [restartedMain] [o.s.b.w.e.tomcat.TomcatWebServer] - Tomcat initialized with port 8080 (http)
2025-05-04 02:33:27.612 [INFO] [restartedMain] [o.a.coyote.http11.Http11NioProtocol] - Initializing ProtocolHandler ["http-nio-8080"]
2025-05-04 02:33:27.612 [INFO] [restartedMain] [o.a.catalina.core.StandardService] - Starting service [Tomcat]
2025-05-04 02:33:27.612 [INFO] [restartedMain] [o.a.catalina.core.StandardEngine] - Starting Servlet engine: [Apache Tomcat/10.1.39]
2025-05-04 02:33:27.632 [INFO] [restartedMain] [o.a.c.c.C.[Tomcat].[localhost].[/]] - Initializing Spring embedded WebApplicationContext
2025-05-04 02:33:27.633 [INFO] [restartedMain] [o.s.b.w.s.c.ServletWebServerApplicationContext] - Root WebApplicationContext: initialization completed in 391 ms
2025-05-04 02:33:27.659 [INFO] [restartedMain] [o.h.jpa.internal.util.LogHelper] - HHH000204: Processing PersistenceUnitInfo [name: default]
2025-05-04 02:33:27.664 [INFO] [restartedMain] [o.h.c.i.RegionFactoryInitiator] - HHH000026: Second-level cache disabled
2025-05-04 02:33:27.674 [INFO] [restartedMain] [o.s.o.j.p.SpringPersistenceUnitInfo] - No LoadTimeWeaver setup: ignoring JPA class transformer
2025-05-04 02:33:27.675 [INFO] [restartedMain] [com.zaxxer.hikari.HikariDataSource] - HikariPool-24 - Starting...
2025-05-04 02:33:27.677 [INFO] [restartedMain] [com.zaxxer.hikari.pool.HikariPool] - HikariPool-24 - Added connection org.mariadb.jdbc.MariaDbConnection@77587f9f
2025-05-04 02:33:27.678 [INFO] [restartedMain] [com.zaxxer.hikari.HikariDataSource] - HikariPool-24 - Start completed.
2025-05-04 02:33:27.678 [INFO] [restartedMain] [o.hibernate.orm.connections.pooling] - HHH10001005: Database info:
	Database JDBC URL [Connecting through datasource 'HikariDataSource (HikariPool-24)']
	Database driver: undefined/unknown
	Database version: 11.7.2
	Autocommit mode: undefined/unknown
	Isolation level: undefined/unknown
	Minimum pool size: undefined/unknown
	Maximum pool size: undefined/unknown
2025-05-04 02:33:27.809 [INFO] [restartedMain] [o.h.e.t.j.p.i.JtaPlatformInitiator] - HHH000489: No JTA platform available (set 'hibernate.transaction.jta.platform' to enable JTA platform integration)
2025-05-04 02:33:27.833 [INFO] [restartedMain] [o.s.o.j.LocalContainerEntityManagerFactoryBean] - Initialized JPA EntityManagerFactory for persistence unit 'default'
2025-05-04 02:33:27.962 [INFO] [restartedMain] [o.s.s.c.a.a.c.InitializeUserDetailsBeanManagerConfigurer$InitializeUserDetailsManagerConfigurer] - Global AuthenticationManager configured with UserDetailsService bean with name inMemoryUserDetailsManager
2025-05-04 02:33:27.966 [INFO] [restartedMain] [o.s.b.a.w.s.WelcomePageHandlerMapping] - Adding welcome page: class path resource [static/index.html]
2025-05-04 02:33:28.290 [INFO] [restartedMain] [o.s.v.b.OptionalValidatorFactoryBean] - Failed to set up a Bean Validation provider: jakarta.validation.NoProviderFoundException: Unable to create a Configuration, because no Jakarta Bean Validation provider could be found. Add a provider like Hibernate Validator (RI) to your classpath.
2025-05-04 02:33:28.414 [INFO] [restartedMain] [o.s.b.d.a.OptionalLiveReloadServer] - LiveReload server is running on port 35729
2025-05-04 02:33:28.422 [INFO] [restartedMain] [o.a.coyote.http11.Http11NioProtocol] - Starting ProtocolHandler ["http-nio-8080"]
2025-05-04 02:33:28.425 [INFO] [restartedMain] [o.s.b.w.e.tomcat.TomcatWebServer] - Tomcat started on port 8080 (http) with context path '/'
2025-05-04 02:33:28.428 [INFO] [restartedMain] [c.g.aigroove.AigrooveApplication] - Started AigrooveApplication in 1.219 seconds (process running for 5060.108)
2025-05-04 02:33:28.429 [INFO] [restartedMain] [o.s.b.d.a.ConditionEvaluationDeltaLoggingListener] - Condition evaluation unchanged
2025-05-04 02:33:32.974 [INFO] [File Watcher] [o.s.b.d.a.LocalDevToolsAutoConfiguration$RestartingClassPathChangeChangedEventListener] - Restarting due to 1 class path change (0 additions, 0 deletions, 1 modification)
2025-05-04 02:33:32.976 [INFO] [Thread-95] [o.s.b.w.e.tomcat.GracefulShutdown] - Commencing graceful shutdown. Waiting for active requests to complete
2025-05-04 02:33:32.976 [INFO] [tomcat-shutdown] [o.a.coyote.http11.Http11NioProtocol] - Pausing ProtocolHandler ["http-nio-8080"]
2025-05-04 02:33:33.081 [INFO] [tomcat-shutdown] [o.s.b.w.e.tomcat.GracefulShutdown] - Graceful shutdown complete
2025-05-04 02:33:33.082 [INFO] [Thread-95] [o.a.coyote.http11.Http11NioProtocol] - Stopping ProtocolHandler ["http-nio-8080"]
2025-05-04 02:33:33.084 [INFO] [Thread-95] [o.s.o.j.LocalContainerEntityManagerFactoryBean] - Closing JPA EntityManagerFactory for persistence unit 'default'
2025-05-04 02:33:33.084 [INFO] [Thread-95] [com.zaxxer.hikari.HikariDataSource] - HikariPool-24 - Shutdown initiated...
2025-05-04 02:33:33.086 [INFO] [Thread-95] [com.zaxxer.hikari.HikariDataSource] - HikariPool-24 - Shutdown completed.
2025-05-04 02:33:33.196 [INFO] [restartedMain] [c.g.aigroove.AigrooveApplication] - Starting AigrooveApplication using Java 17.0.15 with PID 17224 (C:\dev\AIGroove_api\aigroove\bin\main started by 문유신 in C:\dev\AIGroove_api\aigroove)
2025-05-04 02:33:33.197 [INFO] [restartedMain] [c.g.aigroove.AigrooveApplication] - No active profile set, falling back to 1 default profile: "default"
2025-05-04 02:33:33.470 [INFO] [restartedMain] [o.s.d.r.c.RepositoryConfigurationDelegate] - Bootstrapping Spring Data JPA repositories in DEFAULT mode.
2025-05-04 02:33:33.508 [INFO] [restartedMain] [o.s.d.r.c.RepositoryConfigurationDelegate] - Finished Spring Data repository scanning in 36 ms. Found 11 JPA repository interfaces.
2025-05-04 02:33:33.586 [INFO] [restartedMain] [o.s.b.w.e.tomcat.TomcatWebServer] - Tomcat initialized with port 8080 (http)
2025-05-04 02:33:33.587 [INFO] [restartedMain] [o.a.coyote.http11.Http11NioProtocol] - Initializing ProtocolHandler ["http-nio-8080"]
2025-05-04 02:33:33.587 [INFO] [restartedMain] [o.a.catalina.core.StandardService] - Starting service [Tomcat]
2025-05-04 02:33:33.587 [INFO] [restartedMain] [o.a.catalina.core.StandardEngine] - Starting Servlet engine: [Apache Tomcat/10.1.39]
2025-05-04 02:33:33.609 [INFO] [restartedMain] [o.a.c.c.C.[Tomcat].[localhost].[/]] - Initializing Spring embedded WebApplicationContext
2025-05-04 02:33:33.609 [INFO] [restartedMain] [o.s.b.w.s.c.ServletWebServerApplicationContext] - Root WebApplicationContext: initialization completed in 409 ms
2025-05-04 02:33:33.632 [INFO] [restartedMain] [o.h.jpa.internal.util.LogHelper] - HHH000204: Processing PersistenceUnitInfo [name: default]
2025-05-04 02:33:33.636 [INFO] [restartedMain] [o.h.c.i.RegionFactoryInitiator] - HHH000026: Second-level cache disabled
2025-05-04 02:33:33.646 [INFO] [restartedMain] [o.s.o.j.p.SpringPersistenceUnitInfo] - No LoadTimeWeaver setup: ignoring JPA class transformer
2025-05-04 02:33:33.648 [INFO] [restartedMain] [com.zaxxer.hikari.HikariDataSource] - HikariPool-25 - Starting...
2025-05-04 02:33:33.649 [INFO] [restartedMain] [com.zaxxer.hikari.pool.HikariPool] - HikariPool-25 - Added connection org.mariadb.jdbc.MariaDbConnection@2c7aeaf7
2025-05-04 02:33:33.650 [INFO] [restartedMain] [com.zaxxer.hikari.HikariDataSource] - HikariPool-25 - Start completed.
2025-05-04 02:33:33.651 [INFO] [restartedMain] [o.hibernate.orm.connections.pooling] - HHH10001005: Database info:
	Database JDBC URL [Connecting through datasource 'HikariDataSource (HikariPool-25)']
	Database driver: undefined/unknown
	Database version: 11.7.2
	Autocommit mode: undefined/unknown
	Isolation level: undefined/unknown
	Minimum pool size: undefined/unknown
	Maximum pool size: undefined/unknown
2025-05-04 02:33:33.773 [INFO] [restartedMain] [o.h.e.t.j.p.i.JtaPlatformInitiator] - HHH000489: No JTA platform available (set 'hibernate.transaction.jta.platform' to enable JTA platform integration)
2025-05-04 02:33:33.800 [INFO] [restartedMain] [o.s.o.j.LocalContainerEntityManagerFactoryBean] - Initialized JPA EntityManagerFactory for persistence unit 'default'
2025-05-04 02:33:33.938 [INFO] [restartedMain] [o.s.s.c.a.a.c.InitializeUserDetailsBeanManagerConfigurer$InitializeUserDetailsManagerConfigurer] - Global AuthenticationManager configured with UserDetailsService bean with name inMemoryUserDetailsManager
2025-05-04 02:33:33.944 [INFO] [restartedMain] [o.s.b.a.w.s.WelcomePageHandlerMapping] - Adding welcome page: class path resource [static/index.html]
2025-05-04 02:33:34.205 [INFO] [restartedMain] [o.s.v.b.OptionalValidatorFactoryBean] - Failed to set up a Bean Validation provider: jakarta.validation.NoProviderFoundException: Unable to create a Configuration, because no Jakarta Bean Validation provider could be found. Add a provider like Hibernate Validator (RI) to your classpath.
2025-05-04 02:33:34.254 [INFO] [restartedMain] [o.s.b.d.a.OptionalLiveReloadServer] - LiveReload server is running on port 35729
2025-05-04 02:33:34.262 [INFO] [restartedMain] [o.a.coyote.http11.Http11NioProtocol] - Starting ProtocolHandler ["http-nio-8080"]
2025-05-04 02:33:34.265 [INFO] [restartedMain] [o.s.b.w.e.tomcat.TomcatWebServer] - Tomcat started on port 8080 (http) with context path '/'
2025-05-04 02:33:34.267 [INFO] [restartedMain] [c.g.aigroove.AigrooveApplication] - Started AigrooveApplication in 1.103 seconds (process running for 5065.948)
2025-05-04 02:33:34.268 [INFO] [restartedMain] [o.s.b.d.a.ConditionEvaluationDeltaLoggingListener] - Condition evaluation unchanged
2025-05-04 02:33:41.928 [INFO] [File Watcher] [o.s.b.d.a.LocalDevToolsAutoConfiguration$RestartingClassPathChangeChangedEventListener] - Restarting due to 1 class path change (0 additions, 0 deletions, 1 modification)
2025-05-04 02:33:41.931 [INFO] [Thread-99] [o.s.b.w.e.tomcat.GracefulShutdown] - Commencing graceful shutdown. Waiting for active requests to complete
2025-05-04 02:33:41.932 [INFO] [tomcat-shutdown] [o.a.coyote.http11.Http11NioProtocol] - Pausing ProtocolHandler ["http-nio-8080"]
2025-05-04 02:33:42.050 [INFO] [tomcat-shutdown] [o.s.b.w.e.tomcat.GracefulShutdown] - Graceful shutdown complete
2025-05-04 02:33:42.051 [INFO] [Thread-99] [o.a.coyote.http11.Http11NioProtocol] - Stopping ProtocolHandler ["http-nio-8080"]
2025-05-04 02:33:42.053 [INFO] [Thread-99] [o.s.o.j.LocalContainerEntityManagerFactoryBean] - Closing JPA EntityManagerFactory for persistence unit 'default'
2025-05-04 02:33:42.053 [INFO] [Thread-99] [com.zaxxer.hikari.HikariDataSource] - HikariPool-25 - Shutdown initiated...
2025-05-04 02:33:42.055 [INFO] [Thread-99] [com.zaxxer.hikari.HikariDataSource] - HikariPool-25 - Shutdown completed.
2025-05-04 02:33:42.173 [INFO] [restartedMain] [c.g.aigroove.AigrooveApplication] - Starting AigrooveApplication using Java 17.0.15 with PID 17224 (C:\dev\AIGroove_api\aigroove\bin\main started by 문유신 in C:\dev\AIGroove_api\aigroove)
2025-05-04 02:33:42.173 [INFO] [restartedMain] [c.g.aigroove.AigrooveApplication] - No active profile set, falling back to 1 default profile: "default"
2025-05-04 02:33:42.533 [INFO] [restartedMain] [o.s.d.r.c.RepositoryConfigurationDelegate] - Bootstrapping Spring Data JPA repositories in DEFAULT mode.
2025-05-04 02:33:42.574 [INFO] [restartedMain] [o.s.d.r.c.RepositoryConfigurationDelegate] - Finished Spring Data repository scanning in 39 ms. Found 11 JPA repository interfaces.
2025-05-04 02:33:42.655 [INFO] [restartedMain] [o.s.b.w.e.tomcat.TomcatWebServer] - Tomcat initialized with port 8080 (http)
2025-05-04 02:33:42.655 [INFO] [restartedMain] [o.a.coyote.http11.Http11NioProtocol] - Initializing ProtocolHandler ["http-nio-8080"]
2025-05-04 02:33:42.655 [INFO] [restartedMain] [o.a.catalina.core.StandardService] - Starting service [Tomcat]
2025-05-04 02:33:42.656 [INFO] [restartedMain] [o.a.catalina.core.StandardEngine] - Starting Servlet engine: [Apache Tomcat/10.1.39]
2025-05-04 02:33:42.676 [INFO] [restartedMain] [o.a.c.c.C.[Tomcat].[localhost].[/]] - Initializing Spring embedded WebApplicationContext
2025-05-04 02:33:42.676 [INFO] [restartedMain] [o.s.b.w.s.c.ServletWebServerApplicationContext] - Root WebApplicationContext: initialization completed in 498 ms
2025-05-04 02:33:42.700 [INFO] [restartedMain] [o.h.jpa.internal.util.LogHelper] - HHH000204: Processing PersistenceUnitInfo [name: default]
2025-05-04 02:33:42.706 [INFO] [restartedMain] [o.h.c.i.RegionFactoryInitiator] - HHH000026: Second-level cache disabled
2025-05-04 02:33:42.717 [INFO] [restartedMain] [o.s.o.j.p.SpringPersistenceUnitInfo] - No LoadTimeWeaver setup: ignoring JPA class transformer
2025-05-04 02:33:42.719 [INFO] [restartedMain] [com.zaxxer.hikari.HikariDataSource] - HikariPool-26 - Starting...
2025-05-04 02:33:42.721 [INFO] [restartedMain] [com.zaxxer.hikari.pool.HikariPool] - HikariPool-26 - Added connection org.mariadb.jdbc.MariaDbConnection@77d55d69
2025-05-04 02:33:42.722 [INFO] [restartedMain] [com.zaxxer.hikari.HikariDataSource] - HikariPool-26 - Start completed.
2025-05-04 02:33:42.723 [INFO] [restartedMain] [o.hibernate.orm.connections.pooling] - HHH10001005: Database info:
	Database JDBC URL [Connecting through datasource 'HikariDataSource (HikariPool-26)']
	Database driver: undefined/unknown
	Database version: 11.7.2
	Autocommit mode: undefined/unknown
	Isolation level: undefined/unknown
	Minimum pool size: undefined/unknown
	Maximum pool size: undefined/unknown
2025-05-04 02:33:42.842 [INFO] [restartedMain] [o.h.e.t.j.p.i.JtaPlatformInitiator] - HHH000489: No JTA platform available (set 'hibernate.transaction.jta.platform' to enable JTA platform integration)
2025-05-04 02:33:42.866 [INFO] [restartedMain] [o.s.o.j.LocalContainerEntityManagerFactoryBean] - Initialized JPA EntityManagerFactory for persistence unit 'default'
2025-05-04 02:33:43.005 [INFO] [restartedMain] [o.s.s.c.a.a.c.InitializeUserDetailsBeanManagerConfigurer$InitializeUserDetailsManagerConfigurer] - Global AuthenticationManager configured with UserDetailsService bean with name inMemoryUserDetailsManager
2025-05-04 02:33:43.010 [INFO] [restartedMain] [o.s.b.a.w.s.WelcomePageHandlerMapping] - Adding welcome page: class path resource [static/index.html]
2025-05-04 02:33:43.277 [INFO] [restartedMain] [o.s.v.b.OptionalValidatorFactoryBean] - Failed to set up a Bean Validation provider: jakarta.validation.NoProviderFoundException: Unable to create a Configuration, because no Jakarta Bean Validation provider could be found. Add a provider like Hibernate Validator (RI) to your classpath.
2025-05-04 02:33:43.323 [INFO] [restartedMain] [o.s.b.d.a.OptionalLiveReloadServer] - LiveReload server is running on port 35729
2025-05-04 02:33:43.329 [INFO] [restartedMain] [o.a.coyote.http11.Http11NioProtocol] - Starting ProtocolHandler ["http-nio-8080"]
2025-05-04 02:33:43.331 [INFO] [restartedMain] [o.s.b.w.e.tomcat.TomcatWebServer] - Tomcat started on port 8080 (http) with context path '/'
2025-05-04 02:33:43.334 [INFO] [restartedMain] [c.g.aigroove.AigrooveApplication] - Started AigrooveApplication in 1.204 seconds (process running for 5075.015)
2025-05-04 02:33:43.336 [INFO] [restartedMain] [o.s.b.d.a.ConditionEvaluationDeltaLoggingListener] - Condition evaluation unchanged
2025-05-04 02:33:47.893 [INFO] [File Watcher] [o.s.b.d.a.LocalDevToolsAutoConfiguration$RestartingClassPathChangeChangedEventListener] - Restarting due to 1 class path change (0 additions, 0 deletions, 1 modification)
2025-05-04 02:33:47.895 [INFO] [Thread-103] [o.s.b.w.e.tomcat.GracefulShutdown] - Commencing graceful shutdown. Waiting for active requests to complete
2025-05-04 02:33:47.895 [INFO] [tomcat-shutdown] [o.a.coyote.http11.Http11NioProtocol] - Pausing ProtocolHandler ["http-nio-8080"]
2025-05-04 02:33:47.980 [INFO] [tomcat-shutdown] [o.s.b.w.e.tomcat.GracefulShutdown] - Graceful shutdown complete
2025-05-04 02:33:47.981 [INFO] [Thread-103] [o.a.coyote.http11.Http11NioProtocol] - Stopping ProtocolHandler ["http-nio-8080"]
2025-05-04 02:33:47.982 [INFO] [Thread-103] [o.s.o.j.LocalContainerEntityManagerFactoryBean] - Closing JPA EntityManagerFactory for persistence unit 'default'
2025-05-04 02:33:47.983 [INFO] [Thread-103] [com.zaxxer.hikari.HikariDataSource] - HikariPool-26 - Shutdown initiated...
2025-05-04 02:33:47.985 [INFO] [Thread-103] [com.zaxxer.hikari.HikariDataSource] - HikariPool-26 - Shutdown completed.
2025-05-04 02:33:48.086 [INFO] [restartedMain] [c.g.aigroove.AigrooveApplication] - Starting AigrooveApplication using Java 17.0.15 with PID 17224 (C:\dev\AIGroove_api\aigroove\bin\main started by 문유신 in C:\dev\AIGroove_api\aigroove)
2025-05-04 02:33:48.086 [INFO] [restartedMain] [c.g.aigroove.AigrooveApplication] - No active profile set, falling back to 1 default profile: "default"
2025-05-04 02:33:48.358 [INFO] [restartedMain] [o.s.d.r.c.RepositoryConfigurationDelegate] - Bootstrapping Spring Data JPA repositories in DEFAULT mode.
2025-05-04 02:33:48.402 [INFO] [restartedMain] [o.s.d.r.c.RepositoryConfigurationDelegate] - Finished Spring Data repository scanning in 41 ms. Found 11 JPA repository interfaces.
2025-05-04 02:33:48.481 [INFO] [restartedMain] [o.s.b.w.e.tomcat.TomcatWebServer] - Tomcat initialized with port 8080 (http)
2025-05-04 02:33:48.483 [INFO] [restartedMain] [o.a.coyote.http11.Http11NioProtocol] - Initializing ProtocolHandler ["http-nio-8080"]
2025-05-04 02:33:48.483 [INFO] [restartedMain] [o.a.catalina.core.StandardService] - Starting service [Tomcat]
2025-05-04 02:33:48.483 [INFO] [restartedMain] [o.a.catalina.core.StandardEngine] - Starting Servlet engine: [Apache Tomcat/10.1.39]
2025-05-04 02:33:48.504 [INFO] [restartedMain] [o.a.c.c.C.[Tomcat].[localhost].[/]] - Initializing Spring embedded WebApplicationContext
2025-05-04 02:33:48.504 [INFO] [restartedMain] [o.s.b.w.s.c.ServletWebServerApplicationContext] - Root WebApplicationContext: initialization completed in 415 ms
2025-05-04 02:33:48.527 [INFO] [restartedMain] [o.h.jpa.internal.util.LogHelper] - HHH000204: Processing PersistenceUnitInfo [name: default]
2025-05-04 02:33:48.531 [INFO] [restartedMain] [o.h.c.i.RegionFactoryInitiator] - HHH000026: Second-level cache disabled
2025-05-04 02:33:48.542 [INFO] [restartedMain] [o.s.o.j.p.SpringPersistenceUnitInfo] - No LoadTimeWeaver setup: ignoring JPA class transformer
2025-05-04 02:33:48.544 [INFO] [restartedMain] [com.zaxxer.hikari.HikariDataSource] - HikariPool-27 - Starting...
2025-05-04 02:33:48.546 [INFO] [restartedMain] [com.zaxxer.hikari.pool.HikariPool] - HikariPool-27 - Added connection org.mariadb.jdbc.MariaDbConnection@739913a9
2025-05-04 02:33:48.546 [INFO] [restartedMain] [com.zaxxer.hikari.HikariDataSource] - HikariPool-27 - Start completed.
2025-05-04 02:33:48.547 [INFO] [restartedMain] [o.hibernate.orm.connections.pooling] - HHH10001005: Database info:
	Database JDBC URL [Connecting through datasource 'HikariDataSource (HikariPool-27)']
	Database driver: undefined/unknown
	Database version: 11.7.2
	Autocommit mode: undefined/unknown
	Isolation level: undefined/unknown
	Minimum pool size: undefined/unknown
	Maximum pool size: undefined/unknown
2025-05-04 02:33:48.668 [INFO] [restartedMain] [o.h.e.t.j.p.i.JtaPlatformInitiator] - HHH000489: No JTA platform available (set 'hibernate.transaction.jta.platform' to enable JTA platform integration)
2025-05-04 02:33:48.690 [INFO] [restartedMain] [o.s.o.j.LocalContainerEntityManagerFactoryBean] - Initialized JPA EntityManagerFactory for persistence unit 'default'
2025-05-04 02:33:48.830 [INFO] [restartedMain] [o.s.s.c.a.a.c.InitializeUserDetailsBeanManagerConfigurer$InitializeUserDetailsManagerConfigurer] - Global AuthenticationManager configured with UserDetailsService bean with name inMemoryUserDetailsManager
2025-05-04 02:33:48.834 [INFO] [restartedMain] [o.s.b.a.w.s.WelcomePageHandlerMapping] - Adding welcome page: class path resource [static/index.html]
2025-05-04 02:33:49.101 [INFO] [restartedMain] [o.s.v.b.OptionalValidatorFactoryBean] - Failed to set up a Bean Validation provider: jakarta.validation.NoProviderFoundException: Unable to create a Configuration, because no Jakarta Bean Validation provider could be found. Add a provider like Hibernate Validator (RI) to your classpath.
2025-05-04 02:33:49.151 [INFO] [restartedMain] [o.s.b.d.a.OptionalLiveReloadServer] - LiveReload server is running on port 35729
2025-05-04 02:33:49.157 [INFO] [restartedMain] [o.a.coyote.http11.Http11NioProtocol] - Starting ProtocolHandler ["http-nio-8080"]
2025-05-04 02:33:49.160 [INFO] [restartedMain] [o.s.b.w.e.tomcat.TomcatWebServer] - Tomcat started on port 8080 (http) with context path '/'
2025-05-04 02:33:49.163 [INFO] [restartedMain] [c.g.aigroove.AigrooveApplication] - Started AigrooveApplication in 1.107 seconds (process running for 5080.843)
2025-05-04 02:33:49.164 [INFO] [restartedMain] [o.s.b.d.a.ConditionEvaluationDeltaLoggingListener] - Condition evaluation unchanged
2025-05-04 02:33:51.644 [INFO] [File Watcher] [o.s.b.d.a.LocalDevToolsAutoConfiguration$RestartingClassPathChangeChangedEventListener] - Restarting due to 1 class path change (0 additions, 0 deletions, 1 modification)
2025-05-04 02:33:51.645 [INFO] [Thread-107] [o.s.b.w.e.tomcat.GracefulShutdown] - Commencing graceful shutdown. Waiting for active requests to complete
2025-05-04 02:33:51.645 [INFO] [tomcat-shutdown] [o.a.coyote.http11.Http11NioProtocol] - Pausing ProtocolHandler ["http-nio-8080"]
2025-05-04 02:33:51.731 [INFO] [tomcat-shutdown] [o.s.b.w.e.tomcat.GracefulShutdown] - Graceful shutdown complete
2025-05-04 02:33:51.732 [INFO] [Thread-107] [o.a.coyote.http11.Http11NioProtocol] - Stopping ProtocolHandler ["http-nio-8080"]
2025-05-04 02:33:51.734 [INFO] [Thread-107] [o.s.o.j.LocalContainerEntityManagerFactoryBean] - Closing JPA EntityManagerFactory for persistence unit 'default'
2025-05-04 02:33:51.734 [INFO] [Thread-107] [com.zaxxer.hikari.HikariDataSource] - HikariPool-27 - Shutdown initiated...
2025-05-04 02:33:51.736 [INFO] [Thread-107] [com.zaxxer.hikari.HikariDataSource] - HikariPool-27 - Shutdown completed.
2025-05-04 02:33:51.836 [INFO] [restartedMain] [c.g.aigroove.AigrooveApplication] - Starting AigrooveApplication using Java 17.0.15 with PID 17224 (C:\dev\AIGroove_api\aigroove\bin\main started by 문유신 in C:\dev\AIGroove_api\aigroove)
2025-05-04 02:33:51.837 [INFO] [restartedMain] [c.g.aigroove.AigrooveApplication] - No active profile set, falling back to 1 default profile: "default"
2025-05-04 02:33:52.097 [INFO] [restartedMain] [o.s.d.r.c.RepositoryConfigurationDelegate] - Bootstrapping Spring Data JPA repositories in DEFAULT mode.
2025-05-04 02:33:52.132 [INFO] [restartedMain] [o.s.d.r.c.RepositoryConfigurationDelegate] - Finished Spring Data repository scanning in 33 ms. Found 11 JPA repository interfaces.
2025-05-04 02:33:52.206 [INFO] [restartedMain] [o.s.b.w.e.tomcat.TomcatWebServer] - Tomcat initialized with port 8080 (http)
2025-05-04 02:33:52.206 [INFO] [restartedMain] [o.a.coyote.http11.Http11NioProtocol] - Initializing ProtocolHandler ["http-nio-8080"]
2025-05-04 02:33:52.206 [INFO] [restartedMain] [o.a.catalina.core.StandardService] - Starting service [Tomcat]
2025-05-04 02:33:52.207 [INFO] [restartedMain] [o.a.catalina.core.StandardEngine] - Starting Servlet engine: [Apache Tomcat/10.1.39]
2025-05-04 02:33:52.226 [INFO] [restartedMain] [o.a.c.c.C.[Tomcat].[localhost].[/]] - Initializing Spring embedded WebApplicationContext
2025-05-04 02:33:52.227 [INFO] [restartedMain] [o.s.b.w.s.c.ServletWebServerApplicationContext] - Root WebApplicationContext: initialization completed in 388 ms
2025-05-04 02:33:52.247 [INFO] [restartedMain] [o.h.jpa.internal.util.LogHelper] - HHH000204: Processing PersistenceUnitInfo [name: default]
2025-05-04 02:33:52.253 [INFO] [restartedMain] [o.h.c.i.RegionFactoryInitiator] - HHH000026: Second-level cache disabled
2025-05-04 02:33:52.264 [INFO] [restartedMain] [o.s.o.j.p.SpringPersistenceUnitInfo] - No LoadTimeWeaver setup: ignoring JPA class transformer
2025-05-04 02:33:52.266 [INFO] [restartedMain] [com.zaxxer.hikari.HikariDataSource] - HikariPool-28 - Starting...
2025-05-04 02:33:52.267 [INFO] [restartedMain] [com.zaxxer.hikari.pool.HikariPool] - HikariPool-28 - Added connection org.mariadb.jdbc.MariaDbConnection@2a922522
2025-05-04 02:33:52.268 [INFO] [restartedMain] [com.zaxxer.hikari.HikariDataSource] - HikariPool-28 - Start completed.
2025-05-04 02:33:52.268 [INFO] [restartedMain] [o.hibernate.orm.connections.pooling] - HHH10001005: Database info:
	Database JDBC URL [Connecting through datasource 'HikariDataSource (HikariPool-28)']
	Database driver: undefined/unknown
	Database version: 11.7.2
	Autocommit mode: undefined/unknown
	Isolation level: undefined/unknown
	Minimum pool size: undefined/unknown
	Maximum pool size: undefined/unknown
2025-05-04 02:33:52.384 [INFO] [restartedMain] [o.h.e.t.j.p.i.JtaPlatformInitiator] - HHH000489: No JTA platform available (set 'hibernate.transaction.jta.platform' to enable JTA platform integration)
2025-05-04 02:33:52.406 [INFO] [restartedMain] [o.s.o.j.LocalContainerEntityManagerFactoryBean] - Initialized JPA EntityManagerFactory for persistence unit 'default'
2025-05-04 02:33:52.531 [INFO] [restartedMain] [o.s.s.c.a.a.c.InitializeUserDetailsBeanManagerConfigurer$InitializeUserDetailsManagerConfigurer] - Global AuthenticationManager configured with UserDetailsService bean with name inMemoryUserDetailsManager
2025-05-04 02:33:52.536 [INFO] [restartedMain] [o.s.b.a.w.s.WelcomePageHandlerMapping] - Adding welcome page: class path resource [static/index.html]
2025-05-04 02:33:52.837 [INFO] [restartedMain] [o.s.v.b.OptionalValidatorFactoryBean] - Failed to set up a Bean Validation provider: jakarta.validation.NoProviderFoundException: Unable to create a Configuration, because no Jakarta Bean Validation provider could be found. Add a provider like Hibernate Validator (RI) to your classpath.
2025-05-04 02:33:52.889 [INFO] [restartedMain] [o.s.b.d.a.OptionalLiveReloadServer] - LiveReload server is running on port 35729
2025-05-04 02:33:52.895 [INFO] [restartedMain] [o.a.coyote.http11.Http11NioProtocol] - Starting ProtocolHandler ["http-nio-8080"]
2025-05-04 02:33:52.898 [INFO] [restartedMain] [o.s.b.w.e.tomcat.TomcatWebServer] - Tomcat started on port 8080 (http) with context path '/'
2025-05-04 02:33:52.901 [INFO] [restartedMain] [c.g.aigroove.AigrooveApplication] - Started AigrooveApplication in 1.093 seconds (process running for 5084.581)
2025-05-04 02:33:52.902 [INFO] [restartedMain] [o.s.b.d.a.ConditionEvaluationDeltaLoggingListener] - Condition evaluation unchanged
2025-05-04 02:33:57.453 [INFO] [File Watcher] [o.s.b.d.a.LocalDevToolsAutoConfiguration$RestartingClassPathChangeChangedEventListener] - Restarting due to 1 class path change (0 additions, 1 deletion, 0 modifications)
2025-05-04 02:33:57.454 [INFO] [Thread-111] [o.s.b.w.e.tomcat.GracefulShutdown] - Commencing graceful shutdown. Waiting for active requests to complete
2025-05-04 02:33:57.455 [INFO] [tomcat-shutdown] [o.a.coyote.http11.Http11NioProtocol] - Pausing ProtocolHandler ["http-nio-8080"]
2025-05-04 02:33:57.539 [INFO] [tomcat-shutdown] [o.s.b.w.e.tomcat.GracefulShutdown] - Graceful shutdown complete
2025-05-04 02:33:57.540 [INFO] [Thread-111] [o.a.coyote.http11.Http11NioProtocol] - Stopping ProtocolHandler ["http-nio-8080"]
2025-05-04 02:33:57.542 [INFO] [Thread-111] [o.s.o.j.LocalContainerEntityManagerFactoryBean] - Closing JPA EntityManagerFactory for persistence unit 'default'
2025-05-04 02:33:57.542 [INFO] [Thread-111] [com.zaxxer.hikari.HikariDataSource] - HikariPool-28 - Shutdown initiated...
2025-05-04 02:33:57.544 [INFO] [Thread-111] [com.zaxxer.hikari.HikariDataSource] - HikariPool-28 - Shutdown completed.
2025-05-04 02:33:57.641 [INFO] [restartedMain] [c.g.aigroove.AigrooveApplication] - Starting AigrooveApplication using Java 17.0.15 with PID 17224 (C:\dev\AIGroove_api\aigroove\bin\main started by 문유신 in C:\dev\AIGroove_api\aigroove)
2025-05-04 02:33:57.641 [INFO] [restartedMain] [c.g.aigroove.AigrooveApplication] - No active profile set, falling back to 1 default profile: "default"
2025-05-04 02:33:57.940 [INFO] [restartedMain] [o.s.d.r.c.RepositoryConfigurationDelegate] - Bootstrapping Spring Data JPA repositories in DEFAULT mode.
2025-05-04 02:33:57.977 [INFO] [restartedMain] [o.s.d.r.c.RepositoryConfigurationDelegate] - Finished Spring Data repository scanning in 35 ms. Found 11 JPA repository interfaces.
2025-05-04 02:33:58.107 [INFO] [restartedMain] [o.s.b.w.e.tomcat.TomcatWebServer] - Tomcat initialized with port 8080 (http)
2025-05-04 02:33:58.107 [INFO] [restartedMain] [o.a.coyote.http11.Http11NioProtocol] - Initializing ProtocolHandler ["http-nio-8080"]
2025-05-04 02:33:58.108 [INFO] [restartedMain] [o.a.catalina.core.StandardService] - Starting service [Tomcat]
2025-05-04 02:33:58.108 [INFO] [restartedMain] [o.a.catalina.core.StandardEngine] - Starting Servlet engine: [Apache Tomcat/10.1.39]
2025-05-04 02:33:58.135 [INFO] [restartedMain] [o.a.c.c.C.[Tomcat].[localhost].[/]] - Initializing Spring embedded WebApplicationContext
2025-05-04 02:33:58.135 [INFO] [restartedMain] [o.s.b.w.s.c.ServletWebServerApplicationContext] - Root WebApplicationContext: initialization completed in 492 ms
2025-05-04 02:33:58.162 [INFO] [restartedMain] [o.h.jpa.internal.util.LogHelper] - HHH000204: Processing PersistenceUnitInfo [name: default]
2025-05-04 02:33:58.167 [INFO] [restartedMain] [o.h.c.i.RegionFactoryInitiator] - HHH000026: Second-level cache disabled
2025-05-04 02:33:58.179 [INFO] [restartedMain] [o.s.o.j.p.SpringPersistenceUnitInfo] - No LoadTimeWeaver setup: ignoring JPA class transformer
2025-05-04 02:33:58.180 [INFO] [restartedMain] [com.zaxxer.hikari.HikariDataSource] - HikariPool-29 - Starting...
2025-05-04 02:33:58.183 [INFO] [restartedMain] [com.zaxxer.hikari.pool.HikariPool] - HikariPool-29 - Added connection org.mariadb.jdbc.MariaDbConnection@4e7e529c
2025-05-04 02:33:58.183 [INFO] [restartedMain] [com.zaxxer.hikari.HikariDataSource] - HikariPool-29 - Start completed.
2025-05-04 02:33:58.185 [INFO] [restartedMain] [o.hibernate.orm.connections.pooling] - HHH10001005: Database info:
	Database JDBC URL [Connecting through datasource 'HikariDataSource (HikariPool-29)']
	Database driver: undefined/unknown
	Database version: 11.7.2
	Autocommit mode: undefined/unknown
	Isolation level: undefined/unknown
	Minimum pool size: undefined/unknown
	Maximum pool size: undefined/unknown
2025-05-04 02:33:58.302 [INFO] [restartedMain] [o.h.e.t.j.p.i.JtaPlatformInitiator] - HHH000489: No JTA platform available (set 'hibernate.transaction.jta.platform' to enable JTA platform integration)
2025-05-04 02:33:58.337 [INFO] [restartedMain] [o.s.o.j.LocalContainerEntityManagerFactoryBean] - Initialized JPA EntityManagerFactory for persistence unit 'default'
2025-05-04 02:33:58.492 [INFO] [restartedMain] [o.s.s.c.a.a.c.InitializeUserDetailsBeanManagerConfigurer$InitializeUserDetailsManagerConfigurer] - Global AuthenticationManager configured with UserDetailsService bean with name inMemoryUserDetailsManager
2025-05-04 02:33:58.497 [INFO] [restartedMain] [o.s.b.a.w.s.WelcomePageHandlerMapping] - Adding welcome page: class path resource [static/index.html]
2025-05-04 02:33:58.787 [INFO] [restartedMain] [o.s.v.b.OptionalValidatorFactoryBean] - Failed to set up a Bean Validation provider: jakarta.validation.NoProviderFoundException: Unable to create a Configuration, because no Jakarta Bean Validation provider could be found. Add a provider like Hibernate Validator (RI) to your classpath.
2025-05-04 02:33:58.845 [INFO] [restartedMain] [o.s.b.d.a.OptionalLiveReloadServer] - LiveReload server is running on port 35729
2025-05-04 02:33:58.850 [INFO] [restartedMain] [o.a.coyote.http11.Http11NioProtocol] - Starting ProtocolHandler ["http-nio-8080"]
2025-05-04 02:33:58.856 [INFO] [restartedMain] [o.s.b.w.e.tomcat.TomcatWebServer] - Tomcat started on port 8080 (http) with context path '/'
2025-05-04 02:33:58.859 [INFO] [restartedMain] [c.g.aigroove.AigrooveApplication] - Started AigrooveApplication in 1.246 seconds (process running for 5090.539)
2025-05-04 02:33:58.860 [INFO] [restartedMain] [o.s.b.d.a.ConditionEvaluationDeltaLoggingListener] - Condition evaluation unchanged
2025-05-04 02:34:32.796 [INFO] [http-nio-8080-exec-1] [o.a.c.c.C.[Tomcat].[localhost].[/]] - Initializing Spring DispatcherServlet 'dispatcherServlet'
2025-05-04 02:34:32.796 [INFO] [http-nio-8080-exec-1] [o.s.web.servlet.DispatcherServlet] - Initializing Servlet 'dispatcherServlet'
2025-05-04 02:34:32.797 [INFO] [http-nio-8080-exec-1] [o.s.web.servlet.DispatcherServlet] - Completed initialization in 1 ms
2025-05-04 02:34:33.305 [INFO] [http-nio-8080-exec-5] [o.s.api.AbstractOpenApiResource] - Init duration for springdoc-openapi is: 87 ms
2025-05-04 02:35:02.446 [INFO] [File Watcher] [o.s.b.d.a.LocalDevToolsAutoConfiguration$RestartingClassPathChangeChangedEventListener] - Restarting due to 1 class path change (0 additions, 0 deletions, 1 modification)
2025-05-04 02:35:02.447 [INFO] [Thread-115] [o.s.b.w.e.tomcat.GracefulShutdown] - Commencing graceful shutdown. Waiting for active requests to complete
2025-05-04 02:35:02.448 [INFO] [tomcat-shutdown] [o.a.coyote.http11.Http11NioProtocol] - Pausing ProtocolHandler ["http-nio-8080"]
2025-05-04 02:35:02.532 [INFO] [tomcat-shutdown] [o.s.b.w.e.tomcat.GracefulShutdown] - Graceful shutdown complete
2025-05-04 02:35:02.533 [INFO] [Thread-115] [o.a.coyote.http11.Http11NioProtocol] - Stopping ProtocolHandler ["http-nio-8080"]
2025-05-04 02:35:02.535 [INFO] [Thread-115] [o.s.o.j.LocalContainerEntityManagerFactoryBean] - Closing JPA EntityManagerFactory for persistence unit 'default'
2025-05-04 02:35:02.536 [INFO] [Thread-115] [com.zaxxer.hikari.HikariDataSource] - HikariPool-29 - Shutdown initiated...
2025-05-04 02:35:02.537 [INFO] [Thread-115] [com.zaxxer.hikari.HikariDataSource] - HikariPool-29 - Shutdown completed.
2025-05-04 02:35:02.632 [INFO] [restartedMain] [c.g.aigroove.AigrooveApplication] - Starting AigrooveApplication using Java 17.0.15 with PID 17224 (C:\dev\AIGroove_api\aigroove\bin\main started by 문유신 in C:\dev\AIGroove_api\aigroove)
2025-05-04 02:35:02.633 [INFO] [restartedMain] [c.g.aigroove.AigrooveApplication] - No active profile set, falling back to 1 default profile: "default"
2025-05-04 02:35:02.908 [INFO] [restartedMain] [o.s.d.r.c.RepositoryConfigurationDelegate] - Bootstrapping Spring Data JPA repositories in DEFAULT mode.
2025-05-04 02:35:02.958 [INFO] [restartedMain] [o.s.d.r.c.RepositoryConfigurationDelegate] - Finished Spring Data repository scanning in 49 ms. Found 11 JPA repository interfaces.
2025-05-04 02:35:03.049 [INFO] [restartedMain] [o.s.b.w.e.tomcat.TomcatWebServer] - Tomcat initialized with port 8080 (http)
2025-05-04 02:35:03.050 [INFO] [restartedMain] [o.a.coyote.http11.Http11NioProtocol] - Initializing ProtocolHandler ["http-nio-8080"]
2025-05-04 02:35:03.051 [INFO] [restartedMain] [o.a.catalina.core.StandardService] - Starting service [Tomcat]
2025-05-04 02:35:03.051 [INFO] [restartedMain] [o.a.catalina.core.StandardEngine] - Starting Servlet engine: [Apache Tomcat/10.1.39]
2025-05-04 02:35:03.071 [INFO] [restartedMain] [o.a.c.c.C.[Tomcat].[localhost].[/]] - Initializing Spring embedded WebApplicationContext
2025-05-04 02:35:03.071 [INFO] [restartedMain] [o.s.b.w.s.c.ServletWebServerApplicationContext] - Root WebApplicationContext: initialization completed in 436 ms
2025-05-04 02:35:03.093 [INFO] [restartedMain] [o.h.jpa.internal.util.LogHelper] - HHH000204: Processing PersistenceUnitInfo [name: default]
2025-05-04 02:35:03.097 [INFO] [restartedMain] [o.h.c.i.RegionFactoryInitiator] - HHH000026: Second-level cache disabled
2025-05-04 02:35:03.107 [INFO] [restartedMain] [o.s.o.j.p.SpringPersistenceUnitInfo] - No LoadTimeWeaver setup: ignoring JPA class transformer
2025-05-04 02:35:03.109 [INFO] [restartedMain] [com.zaxxer.hikari.HikariDataSource] - HikariPool-30 - Starting...
2025-05-04 02:35:03.111 [INFO] [restartedMain] [com.zaxxer.hikari.pool.HikariPool] - HikariPool-30 - Added connection org.mariadb.jdbc.MariaDbConnection@2b0666fb
2025-05-04 02:35:03.111 [INFO] [restartedMain] [com.zaxxer.hikari.HikariDataSource] - HikariPool-30 - Start completed.
2025-05-04 02:35:03.112 [INFO] [restartedMain] [o.hibernate.orm.connections.pooling] - HHH10001005: Database info:
	Database JDBC URL [Connecting through datasource 'HikariDataSource (HikariPool-30)']
	Database driver: undefined/unknown
	Database version: 11.7.2
	Autocommit mode: undefined/unknown
	Isolation level: undefined/unknown
	Minimum pool size: undefined/unknown
	Maximum pool size: undefined/unknown
2025-05-04 02:35:03.233 [INFO] [restartedMain] [o.h.e.t.j.p.i.JtaPlatformInitiator] - HHH000489: No JTA platform available (set 'hibernate.transaction.jta.platform' to enable JTA platform integration)
2025-05-04 02:35:03.257 [INFO] [restartedMain] [o.s.o.j.LocalContainerEntityManagerFactoryBean] - Initialized JPA EntityManagerFactory for persistence unit 'default'
2025-05-04 02:35:03.398 [INFO] [restartedMain] [o.s.s.c.a.a.c.InitializeUserDetailsBeanManagerConfigurer$InitializeUserDetailsManagerConfigurer] - Global AuthenticationManager configured with UserDetailsService bean with name inMemoryUserDetailsManager
2025-05-04 02:35:03.403 [INFO] [restartedMain] [o.s.b.a.w.s.WelcomePageHandlerMapping] - Adding welcome page: class path resource [static/index.html]
2025-05-04 02:35:03.680 [INFO] [restartedMain] [o.s.v.b.OptionalValidatorFactoryBean] - Failed to set up a Bean Validation provider: jakarta.validation.NoProviderFoundException: Unable to create a Configuration, because no Jakarta Bean Validation provider could be found. Add a provider like Hibernate Validator (RI) to your classpath.
2025-05-04 02:35:03.736 [INFO] [restartedMain] [o.s.b.d.a.OptionalLiveReloadServer] - LiveReload server is running on port 35729
2025-05-04 02:35:03.742 [INFO] [restartedMain] [o.a.coyote.http11.Http11NioProtocol] - Starting ProtocolHandler ["http-nio-8080"]
2025-05-04 02:35:03.745 [INFO] [restartedMain] [o.s.b.w.e.tomcat.TomcatWebServer] - Tomcat started on port 8080 (http) with context path '/'
2025-05-04 02:35:03.748 [INFO] [restartedMain] [c.g.aigroove.AigrooveApplication] - Started AigrooveApplication in 1.143 seconds (process running for 5155.429)
2025-05-04 02:35:03.749 [INFO] [restartedMain] [o.s.b.d.a.ConditionEvaluationDeltaLoggingListener] - Condition evaluation unchanged
2025-05-04 02:35:03.891 [INFO] [http-nio-8080-exec-1] [o.a.c.c.C.[Tomcat].[localhost].[/]] - Initializing Spring DispatcherServlet 'dispatcherServlet'
2025-05-04 02:35:03.892 [INFO] [http-nio-8080-exec-1] [o.s.web.servlet.DispatcherServlet] - Initializing Servlet 'dispatcherServlet'
2025-05-04 02:35:03.893 [INFO] [http-nio-8080-exec-1] [o.s.web.servlet.DispatcherServlet] - Completed initialization in 1 ms
2025-05-04 02:35:04.252 [INFO] [http-nio-8080-exec-9] [o.s.api.AbstractOpenApiResource] - Init duration for springdoc-openapi is: 174 ms
2025-05-04 02:38:19.851 [INFO] [File Watcher] [o.s.b.d.a.LocalDevToolsAutoConfiguration$RestartingClassPathChangeChangedEventListener] - Restarting due to 1 class path change (0 additions, 1 deletion, 0 modifications)
2025-05-04 02:38:19.852 [INFO] [Thread-119] [o.s.b.w.e.tomcat.GracefulShutdown] - Commencing graceful shutdown. Waiting for active requests to complete
2025-05-04 02:38:19.853 [INFO] [tomcat-shutdown] [o.a.coyote.http11.Http11NioProtocol] - Pausing ProtocolHandler ["http-nio-8080"]
2025-05-04 02:38:19.946 [INFO] [tomcat-shutdown] [o.s.b.w.e.tomcat.GracefulShutdown] - Graceful shutdown complete
2025-05-04 02:38:19.946 [INFO] [Thread-119] [o.a.coyote.http11.Http11NioProtocol] - Stopping ProtocolHandler ["http-nio-8080"]
2025-05-04 02:38:19.948 [INFO] [Thread-119] [o.s.o.j.LocalContainerEntityManagerFactoryBean] - Closing JPA EntityManagerFactory for persistence unit 'default'
2025-05-04 02:38:19.948 [INFO] [Thread-119] [com.zaxxer.hikari.HikariDataSource] - HikariPool-30 - Shutdown initiated...
2025-05-04 02:38:19.950 [INFO] [Thread-119] [com.zaxxer.hikari.HikariDataSource] - HikariPool-30 - Shutdown completed.
2025-05-04 02:38:20.080 [INFO] [restartedMain] [c.g.aigroove.AigrooveApplication] - Starting AigrooveApplication using Java 17.0.15 with PID 17224 (C:\dev\AIGroove_api\aigroove\bin\main started by 문유신 in C:\dev\AIGroove_api\aigroove)
2025-05-04 02:38:20.080 [INFO] [restartedMain] [c.g.aigroove.AigrooveApplication] - No active profile set, falling back to 1 default profile: "default"
2025-05-04 02:38:20.423 [INFO] [restartedMain] [o.s.d.r.c.RepositoryConfigurationDelegate] - Bootstrapping Spring Data JPA repositories in DEFAULT mode.
2025-05-04 02:38:20.473 [INFO] [restartedMain] [o.s.d.r.c.RepositoryConfigurationDelegate] - Finished Spring Data repository scanning in 49 ms. Found 11 JPA repository interfaces.
2025-05-04 02:38:20.589 [INFO] [restartedMain] [o.s.b.w.e.tomcat.TomcatWebServer] - Tomcat initialized with port 8080 (http)
2025-05-04 02:38:20.590 [INFO] [restartedMain] [o.a.coyote.http11.Http11NioProtocol] - Initializing ProtocolHandler ["http-nio-8080"]
2025-05-04 02:38:20.590 [INFO] [restartedMain] [o.a.catalina.core.StandardService] - Starting service [Tomcat]
2025-05-04 02:38:20.591 [INFO] [restartedMain] [o.a.catalina.core.StandardEngine] - Starting Servlet engine: [Apache Tomcat/10.1.39]
2025-05-04 02:38:20.612 [INFO] [restartedMain] [o.a.c.c.C.[Tomcat].[localhost].[/]] - Initializing Spring embedded WebApplicationContext
2025-05-04 02:38:20.612 [INFO] [restartedMain] [o.s.b.w.s.c.ServletWebServerApplicationContext] - Root WebApplicationContext: initialization completed in 528 ms
2025-05-04 02:38:20.636 [INFO] [restartedMain] [o.h.jpa.internal.util.LogHelper] - HHH000204: Processing PersistenceUnitInfo [name: default]
2025-05-04 02:38:20.641 [INFO] [restartedMain] [o.h.c.i.RegionFactoryInitiator] - HHH000026: Second-level cache disabled
2025-05-04 02:38:20.651 [INFO] [restartedMain] [o.s.o.j.p.SpringPersistenceUnitInfo] - No LoadTimeWeaver setup: ignoring JPA class transformer
2025-05-04 02:38:20.653 [INFO] [restartedMain] [com.zaxxer.hikari.HikariDataSource] - HikariPool-31 - Starting...
2025-05-04 02:38:20.655 [INFO] [restartedMain] [com.zaxxer.hikari.pool.HikariPool] - HikariPool-31 - Added connection org.mariadb.jdbc.MariaDbConnection@1dbf6ba8
2025-05-04 02:38:20.655 [INFO] [restartedMain] [com.zaxxer.hikari.HikariDataSource] - HikariPool-31 - Start completed.
2025-05-04 02:38:20.656 [INFO] [restartedMain] [o.hibernate.orm.connections.pooling] - HHH10001005: Database info:
	Database JDBC URL [Connecting through datasource 'HikariDataSource (HikariPool-31)']
	Database driver: undefined/unknown
	Database version: 11.7.2
	Autocommit mode: undefined/unknown
	Isolation level: undefined/unknown
	Minimum pool size: undefined/unknown
	Maximum pool size: undefined/unknown
2025-05-04 02:38:20.774 [INFO] [restartedMain] [o.h.e.t.j.p.i.JtaPlatformInitiator] - HHH000489: No JTA platform available (set 'hibernate.transaction.jta.platform' to enable JTA platform integration)
2025-05-04 02:38:20.809 [INFO] [restartedMain] [o.s.o.j.LocalContainerEntityManagerFactoryBean] - Initialized JPA EntityManagerFactory for persistence unit 'default'
2025-05-04 02:38:20.978 [INFO] [restartedMain] [o.s.s.c.a.a.c.InitializeUserDetailsBeanManagerConfigurer$InitializeUserDetailsManagerConfigurer] - Global AuthenticationManager configured with UserDetailsService bean with name inMemoryUserDetailsManager
2025-05-04 02:38:20.983 [INFO] [restartedMain] [o.s.b.a.w.s.WelcomePageHandlerMapping] - Adding welcome page: class path resource [static/index.html]
2025-05-04 02:38:21.234 [INFO] [restartedMain] [o.s.v.b.OptionalValidatorFactoryBean] - Failed to set up a Bean Validation provider: jakarta.validation.NoProviderFoundException: Unable to create a Configuration, because no Jakarta Bean Validation provider could be found. Add a provider like Hibernate Validator (RI) to your classpath.
2025-05-04 02:38:21.284 [INFO] [restartedMain] [o.s.b.d.a.OptionalLiveReloadServer] - LiveReload server is running on port 35729
2025-05-04 02:38:21.289 [INFO] [restartedMain] [o.a.coyote.http11.Http11NioProtocol] - Starting ProtocolHandler ["http-nio-8080"]
2025-05-04 02:38:21.292 [INFO] [restartedMain] [o.s.b.w.e.tomcat.TomcatWebServer] - Tomcat started on port 8080 (http) with context path '/'
2025-05-04 02:38:21.296 [INFO] [restartedMain] [c.g.aigroove.AigrooveApplication] - Started AigrooveApplication in 1.258 seconds (process running for 5352.977)
2025-05-04 02:38:21.297 [INFO] [restartedMain] [o.s.b.d.a.ConditionEvaluationDeltaLoggingListener] - Condition evaluation unchanged
2025-05-04 02:40:09.435 [INFO] [File Watcher] [o.s.b.d.a.LocalDevToolsAutoConfiguration$RestartingClassPathChangeChangedEventListener] - Restarting due to 1 class path change (0 additions, 0 deletions, 1 modification)
2025-05-04 02:40:09.437 [INFO] [Thread-123] [o.s.b.w.e.tomcat.GracefulShutdown] - Commencing graceful shutdown. Waiting for active requests to complete
2025-05-04 02:40:09.438 [INFO] [tomcat-shutdown] [o.a.coyote.http11.Http11NioProtocol] - Pausing ProtocolHandler ["http-nio-8080"]
2025-05-04 02:40:09.528 [INFO] [tomcat-shutdown] [o.s.b.w.e.tomcat.GracefulShutdown] - Graceful shutdown complete
2025-05-04 02:40:09.528 [INFO] [Thread-123] [o.a.coyote.http11.Http11NioProtocol] - Stopping ProtocolHandler ["http-nio-8080"]
2025-05-04 02:40:09.530 [INFO] [Thread-123] [o.s.o.j.LocalContainerEntityManagerFactoryBean] - Closing JPA EntityManagerFactory for persistence unit 'default'
2025-05-04 02:40:09.531 [INFO] [Thread-123] [com.zaxxer.hikari.HikariDataSource] - HikariPool-31 - Shutdown initiated...
2025-05-04 02:40:09.533 [INFO] [Thread-123] [com.zaxxer.hikari.HikariDataSource] - HikariPool-31 - Shutdown completed.
2025-05-04 02:40:09.638 [INFO] [restartedMain] [c.g.aigroove.AigrooveApplication] - Starting AigrooveApplication using Java 17.0.15 with PID 17224 (C:\dev\AIGroove_api\aigroove\bin\main started by 문유신 in C:\dev\AIGroove_api\aigroove)
2025-05-04 02:40:09.638 [INFO] [restartedMain] [c.g.aigroove.AigrooveApplication] - No active profile set, falling back to 1 default profile: "default"
2025-05-04 02:40:09.896 [INFO] [restartedMain] [o.s.d.r.c.RepositoryConfigurationDelegate] - Bootstrapping Spring Data JPA repositories in DEFAULT mode.
2025-05-04 02:40:09.932 [INFO] [restartedMain] [o.s.d.r.c.RepositoryConfigurationDelegate] - Finished Spring Data repository scanning in 34 ms. Found 11 JPA repository interfaces.
2025-05-04 02:40:10.004 [INFO] [restartedMain] [o.s.b.w.e.tomcat.TomcatWebServer] - Tomcat initialized with port 8080 (http)
2025-05-04 02:40:10.005 [INFO] [restartedMain] [o.a.coyote.http11.Http11NioProtocol] - Initializing ProtocolHandler ["http-nio-8080"]
2025-05-04 02:40:10.005 [INFO] [restartedMain] [o.a.catalina.core.StandardService] - Starting service [Tomcat]
2025-05-04 02:40:10.005 [INFO] [restartedMain] [o.a.catalina.core.StandardEngine] - Starting Servlet engine: [Apache Tomcat/10.1.39]
2025-05-04 02:40:10.025 [INFO] [restartedMain] [o.a.c.c.C.[Tomcat].[localhost].[/]] - Initializing Spring embedded WebApplicationContext
2025-05-04 02:40:10.025 [INFO] [restartedMain] [o.s.b.w.s.c.ServletWebServerApplicationContext] - Root WebApplicationContext: initialization completed in 384 ms
2025-05-04 02:40:10.046 [INFO] [restartedMain] [o.h.jpa.internal.util.LogHelper] - HHH000204: Processing PersistenceUnitInfo [name: default]
2025-05-04 02:40:10.050 [INFO] [restartedMain] [o.h.c.i.RegionFactoryInitiator] - HHH000026: Second-level cache disabled
2025-05-04 02:40:10.060 [INFO] [restartedMain] [o.s.o.j.p.SpringPersistenceUnitInfo] - No LoadTimeWeaver setup: ignoring JPA class transformer
2025-05-04 02:40:10.061 [INFO] [restartedMain] [com.zaxxer.hikari.HikariDataSource] - HikariPool-32 - Starting...
2025-05-04 02:40:10.063 [INFO] [restartedMain] [com.zaxxer.hikari.pool.HikariPool] - HikariPool-32 - Added connection org.mariadb.jdbc.MariaDbConnection@494efc8a
2025-05-04 02:40:10.063 [INFO] [restartedMain] [com.zaxxer.hikari.HikariDataSource] - HikariPool-32 - Start completed.
2025-05-04 02:40:10.064 [INFO] [restartedMain] [o.hibernate.orm.connections.pooling] - HHH10001005: Database info:
	Database JDBC URL [Connecting through datasource 'HikariDataSource (HikariPool-32)']
	Database driver: undefined/unknown
	Database version: 11.7.2
	Autocommit mode: undefined/unknown
	Isolation level: undefined/unknown
	Minimum pool size: undefined/unknown
	Maximum pool size: undefined/unknown
2025-05-04 02:40:10.164 [INFO] [restartedMain] [o.h.e.t.j.p.i.JtaPlatformInitiator] - HHH000489: No JTA platform available (set 'hibernate.transaction.jta.platform' to enable JTA platform integration)
2025-05-04 02:40:10.189 [INFO] [restartedMain] [o.s.o.j.LocalContainerEntityManagerFactoryBean] - Initialized JPA EntityManagerFactory for persistence unit 'default'
2025-05-04 02:40:10.330 [INFO] [restartedMain] [o.s.s.c.a.a.c.InitializeUserDetailsBeanManagerConfigurer$InitializeUserDetailsManagerConfigurer] - Global AuthenticationManager configured with UserDetailsService bean with name inMemoryUserDetailsManager
2025-05-04 02:40:10.336 [INFO] [restartedMain] [o.s.b.a.w.s.WelcomePageHandlerMapping] - Adding welcome page: class path resource [static/index.html]
2025-05-04 02:40:10.609 [INFO] [restartedMain] [o.s.v.b.OptionalValidatorFactoryBean] - Failed to set up a Bean Validation provider: jakarta.validation.NoProviderFoundException: Unable to create a Configuration, because no Jakarta Bean Validation provider could be found. Add a provider like Hibernate Validator (RI) to your classpath.
2025-05-04 02:40:10.662 [INFO] [restartedMain] [o.s.b.d.a.OptionalLiveReloadServer] - LiveReload server is running on port 35729
2025-05-04 02:40:10.668 [INFO] [restartedMain] [o.a.coyote.http11.Http11NioProtocol] - Starting ProtocolHandler ["http-nio-8080"]
2025-05-04 02:40:10.671 [INFO] [restartedMain] [o.s.b.w.e.tomcat.TomcatWebServer] - Tomcat started on port 8080 (http) with context path '/'
2025-05-04 02:40:10.674 [INFO] [restartedMain] [c.g.aigroove.AigrooveApplication] - Started AigrooveApplication in 1.065 seconds (process running for 5462.355)
2025-05-04 02:40:10.675 [INFO] [http-nio-8080-exec-1] [o.a.c.c.C.[Tomcat].[localhost].[/]] - Initializing Spring DispatcherServlet 'dispatcherServlet'
2025-05-04 02:40:10.676 [INFO] [http-nio-8080-exec-1] [o.s.web.servlet.DispatcherServlet] - Initializing Servlet 'dispatcherServlet'
2025-05-04 02:40:10.676 [INFO] [restartedMain] [o.s.b.d.a.ConditionEvaluationDeltaLoggingListener] - Condition evaluation unchanged
2025-05-04 02:40:10.676 [INFO] [http-nio-8080-exec-1] [o.s.web.servlet.DispatcherServlet] - Completed initialization in 0 ms
2025-05-04 02:40:11.252 [INFO] [http-nio-8080-exec-9] [o.s.api.AbstractOpenApiResource] - Init duration for springdoc-openapi is: 157 ms
2025-05-04 02:42:13.171 [INFO] [File Watcher] [o.s.b.d.a.LocalDevToolsAutoConfiguration$RestartingClassPathChangeChangedEventListener] - Restarting due to 1 class path change (0 additions, 0 deletions, 1 modification)
2025-05-04 02:42:13.173 [INFO] [Thread-127] [o.s.b.w.e.tomcat.GracefulShutdown] - Commencing graceful shutdown. Waiting for active requests to complete
2025-05-04 02:42:13.173 [INFO] [tomcat-shutdown] [o.a.coyote.http11.Http11NioProtocol] - Pausing ProtocolHandler ["http-nio-8080"]
2025-05-04 02:42:13.260 [INFO] [tomcat-shutdown] [o.s.b.w.e.tomcat.GracefulShutdown] - Graceful shutdown complete
2025-05-04 02:42:13.261 [INFO] [Thread-127] [o.a.coyote.http11.Http11NioProtocol] - Stopping ProtocolHandler ["http-nio-8080"]
2025-05-04 02:42:13.262 [INFO] [Thread-127] [o.s.o.j.LocalContainerEntityManagerFactoryBean] - Closing JPA EntityManagerFactory for persistence unit 'default'
2025-05-04 02:42:13.263 [INFO] [Thread-127] [com.zaxxer.hikari.HikariDataSource] - HikariPool-32 - Shutdown initiated...
2025-05-04 02:42:13.265 [INFO] [Thread-127] [com.zaxxer.hikari.HikariDataSource] - HikariPool-32 - Shutdown completed.
2025-05-04 02:42:13.366 [INFO] [restartedMain] [c.g.aigroove.AigrooveApplication] - Starting AigrooveApplication using Java 17.0.15 with PID 17224 (C:\dev\AIGroove_api\aigroove\bin\main started by 문유신 in C:\dev\AIGroove_api\aigroove)
2025-05-04 02:42:13.366 [INFO] [restartedMain] [c.g.aigroove.AigrooveApplication] - No active profile set, falling back to 1 default profile: "default"
2025-05-04 02:42:13.655 [INFO] [restartedMain] [o.s.d.r.c.RepositoryConfigurationDelegate] - Bootstrapping Spring Data JPA repositories in DEFAULT mode.
2025-05-04 02:42:13.698 [INFO] [restartedMain] [o.s.d.r.c.RepositoryConfigurationDelegate] - Finished Spring Data repository scanning in 41 ms. Found 11 JPA repository interfaces.
2025-05-04 02:42:13.789 [INFO] [restartedMain] [o.s.b.w.e.tomcat.TomcatWebServer] - Tomcat initialized with port 8080 (http)
2025-05-04 02:42:13.790 [INFO] [restartedMain] [o.a.coyote.http11.Http11NioProtocol] - Initializing ProtocolHandler ["http-nio-8080"]
2025-05-04 02:42:13.790 [INFO] [restartedMain] [o.a.catalina.core.StandardService] - Starting service [Tomcat]
2025-05-04 02:42:13.790 [INFO] [restartedMain] [o.a.catalina.core.StandardEngine] - Starting Servlet engine: [Apache Tomcat/10.1.39]
2025-05-04 02:42:13.810 [INFO] [restartedMain] [o.a.c.c.C.[Tomcat].[localhost].[/]] - Initializing Spring embedded WebApplicationContext
2025-05-04 02:42:13.811 [INFO] [restartedMain] [o.s.b.w.s.c.ServletWebServerApplicationContext] - Root WebApplicationContext: initialization completed in 443 ms
2025-05-04 02:42:13.832 [INFO] [restartedMain] [o.h.jpa.internal.util.LogHelper] - HHH000204: Processing PersistenceUnitInfo [name: default]
2025-05-04 02:42:13.837 [INFO] [restartedMain] [o.h.c.i.RegionFactoryInitiator] - HHH000026: Second-level cache disabled
2025-05-04 02:42:13.848 [INFO] [restartedMain] [o.s.o.j.p.SpringPersistenceUnitInfo] - No LoadTimeWeaver setup: ignoring JPA class transformer
2025-05-04 02:42:13.849 [INFO] [restartedMain] [com.zaxxer.hikari.HikariDataSource] - HikariPool-33 - Starting...
2025-05-04 02:42:13.851 [INFO] [restartedMain] [com.zaxxer.hikari.pool.HikariPool] - HikariPool-33 - Added connection org.mariadb.jdbc.MariaDbConnection@378f32eb
2025-05-04 02:42:13.851 [INFO] [restartedMain] [com.zaxxer.hikari.HikariDataSource] - HikariPool-33 - Start completed.
2025-05-04 02:42:13.852 [INFO] [restartedMain] [o.hibernate.orm.connections.pooling] - HHH10001005: Database info:
	Database JDBC URL [Connecting through datasource 'HikariDataSource (HikariPool-33)']
	Database driver: undefined/unknown
	Database version: 11.7.2
	Autocommit mode: undefined/unknown
	Isolation level: undefined/unknown
	Minimum pool size: undefined/unknown
	Maximum pool size: undefined/unknown
2025-05-04 02:42:13.955 [INFO] [restartedMain] [o.h.e.t.j.p.i.JtaPlatformInitiator] - HHH000489: No JTA platform available (set 'hibernate.transaction.jta.platform' to enable JTA platform integration)
2025-05-04 02:42:13.979 [INFO] [restartedMain] [o.s.o.j.LocalContainerEntityManagerFactoryBean] - Initialized JPA EntityManagerFactory for persistence unit 'default'
2025-05-04 02:42:14.114 [INFO] [restartedMain] [o.s.s.c.a.a.c.InitializeUserDetailsBeanManagerConfigurer$InitializeUserDetailsManagerConfigurer] - Global AuthenticationManager configured with UserDetailsService bean with name inMemoryUserDetailsManager
2025-05-04 02:42:14.119 [INFO] [restartedMain] [o.s.b.a.w.s.WelcomePageHandlerMapping] - Adding welcome page: class path resource [static/index.html]
2025-05-04 02:42:14.383 [INFO] [restartedMain] [o.s.v.b.OptionalValidatorFactoryBean] - Failed to set up a Bean Validation provider: jakarta.validation.NoProviderFoundException: Unable to create a Configuration, because no Jakarta Bean Validation provider could be found. Add a provider like Hibernate Validator (RI) to your classpath.
2025-05-04 02:42:14.431 [INFO] [restartedMain] [o.s.b.d.a.OptionalLiveReloadServer] - LiveReload server is running on port 35729
2025-05-04 02:42:14.436 [INFO] [restartedMain] [o.a.coyote.http11.Http11NioProtocol] - Starting ProtocolHandler ["http-nio-8080"]
2025-05-04 02:42:14.439 [INFO] [restartedMain] [o.s.b.w.e.tomcat.TomcatWebServer] - Tomcat started on port 8080 (http) with context path '/'
2025-05-04 02:42:14.442 [INFO] [restartedMain] [c.g.aigroove.AigrooveApplication] - Started AigrooveApplication in 1.103 seconds (process running for 5586.122)
2025-05-04 02:42:14.442 [INFO] [restartedMain] [o.s.b.d.a.ConditionEvaluationDeltaLoggingListener] - Condition evaluation unchanged
2025-05-04 02:42:16.212 [INFO] [http-nio-8080-exec-1] [o.a.c.c.C.[Tomcat].[localhost].[/]] - Initializing Spring DispatcherServlet 'dispatcherServlet'
2025-05-04 02:42:16.213 [INFO] [http-nio-8080-exec-1] [o.s.web.servlet.DispatcherServlet] - Initializing Servlet 'dispatcherServlet'
2025-05-04 02:42:16.214 [INFO] [http-nio-8080-exec-1] [o.s.web.servlet.DispatcherServlet] - Completed initialization in 1 ms
2025-05-04 02:42:16.586 [INFO] [http-nio-8080-exec-10] [o.s.api.AbstractOpenApiResource] - Init duration for springdoc-openapi is: 137 ms
2025-05-04 02:42:39.780 [INFO] [File Watcher] [o.s.b.d.a.LocalDevToolsAutoConfiguration$RestartingClassPathChangeChangedEventListener] - Restarting due to 1 class path change (0 additions, 0 deletions, 1 modification)
2025-05-04 02:42:39.782 [INFO] [Thread-131] [o.s.b.w.e.tomcat.GracefulShutdown] - Commencing graceful shutdown. Waiting for active requests to complete
2025-05-04 02:42:39.783 [INFO] [tomcat-shutdown] [o.a.coyote.http11.Http11NioProtocol] - Pausing ProtocolHandler ["http-nio-8080"]
2025-05-04 02:42:39.870 [INFO] [tomcat-shutdown] [o.s.b.w.e.tomcat.GracefulShutdown] - Graceful shutdown complete
2025-05-04 02:42:39.871 [INFO] [Thread-131] [o.a.coyote.http11.Http11NioProtocol] - Stopping ProtocolHandler ["http-nio-8080"]
2025-05-04 02:42:39.873 [INFO] [Thread-131] [o.s.o.j.LocalContainerEntityManagerFactoryBean] - Closing JPA EntityManagerFactory for persistence unit 'default'
2025-05-04 02:42:39.873 [INFO] [Thread-131] [com.zaxxer.hikari.HikariDataSource] - HikariPool-33 - Shutdown initiated...
2025-05-04 02:42:39.875 [INFO] [Thread-131] [com.zaxxer.hikari.HikariDataSource] - HikariPool-33 - Shutdown completed.
2025-05-04 02:42:39.979 [INFO] [restartedMain] [c.g.aigroove.AigrooveApplication] - Starting AigrooveApplication using Java 17.0.15 with PID 17224 (C:\dev\AIGroove_api\aigroove\bin\main started by 문유신 in C:\dev\AIGroove_api\aigroove)
2025-05-04 02:42:39.979 [INFO] [restartedMain] [c.g.aigroove.AigrooveApplication] - No active profile set, falling back to 1 default profile: "default"
2025-05-04 02:42:40.257 [INFO] [restartedMain] [o.s.d.r.c.RepositoryConfigurationDelegate] - Bootstrapping Spring Data JPA repositories in DEFAULT mode.
2025-05-04 02:42:40.298 [INFO] [restartedMain] [o.s.d.r.c.RepositoryConfigurationDelegate] - Finished Spring Data repository scanning in 39 ms. Found 11 JPA repository interfaces.
2025-05-04 02:42:40.377 [INFO] [restartedMain] [o.s.b.w.e.tomcat.TomcatWebServer] - Tomcat initialized with port 8080 (http)
2025-05-04 02:42:40.377 [INFO] [restartedMain] [o.a.coyote.http11.Http11NioProtocol] - Initializing ProtocolHandler ["http-nio-8080"]
2025-05-04 02:42:40.378 [INFO] [restartedMain] [o.a.catalina.core.StandardService] - Starting service [Tomcat]
2025-05-04 02:42:40.378 [INFO] [restartedMain] [o.a.catalina.core.StandardEngine] - Starting Servlet engine: [Apache Tomcat/10.1.39]
2025-05-04 02:42:40.399 [INFO] [restartedMain] [o.a.c.c.C.[Tomcat].[localhost].[/]] - Initializing Spring embedded WebApplicationContext
2025-05-04 02:42:40.400 [INFO] [restartedMain] [o.s.b.w.s.c.ServletWebServerApplicationContext] - Root WebApplicationContext: initialization completed in 419 ms
2025-05-04 02:42:40.421 [INFO] [restartedMain] [o.h.jpa.internal.util.LogHelper] - HHH000204: Processing PersistenceUnitInfo [name: default]
2025-05-04 02:42:40.426 [INFO] [restartedMain] [o.h.c.i.RegionFactoryInitiator] - HHH000026: Second-level cache disabled
2025-05-04 02:42:40.435 [INFO] [restartedMain] [o.s.o.j.p.SpringPersistenceUnitInfo] - No LoadTimeWeaver setup: ignoring JPA class transformer
2025-05-04 02:42:40.438 [INFO] [restartedMain] [com.zaxxer.hikari.HikariDataSource] - HikariPool-34 - Starting...
2025-05-04 02:42:40.441 [INFO] [restartedMain] [com.zaxxer.hikari.pool.HikariPool] - HikariPool-34 - Added connection org.mariadb.jdbc.MariaDbConnection@7d6518c3
2025-05-04 02:42:40.441 [INFO] [restartedMain] [com.zaxxer.hikari.HikariDataSource] - HikariPool-34 - Start completed.
2025-05-04 02:42:40.442 [INFO] [restartedMain] [o.hibernate.orm.connections.pooling] - HHH10001005: Database info:
	Database JDBC URL [Connecting through datasource 'HikariDataSource (HikariPool-34)']
	Database driver: undefined/unknown
	Database version: 11.7.2
	Autocommit mode: undefined/unknown
	Isolation level: undefined/unknown
	Minimum pool size: undefined/unknown
	Maximum pool size: undefined/unknown
2025-05-04 02:42:40.593 [INFO] [restartedMain] [o.h.e.t.j.p.i.JtaPlatformInitiator] - HHH000489: No JTA platform available (set 'hibernate.transaction.jta.platform' to enable JTA platform integration)
2025-05-04 02:42:40.632 [INFO] [restartedMain] [o.s.o.j.LocalContainerEntityManagerFactoryBean] - Initialized JPA EntityManagerFactory for persistence unit 'default'
2025-05-04 02:42:40.776 [INFO] [restartedMain] [o.s.s.c.a.a.c.InitializeUserDetailsBeanManagerConfigurer$InitializeUserDetailsManagerConfigurer] - Global AuthenticationManager configured with UserDetailsService bean with name inMemoryUserDetailsManager
2025-05-04 02:42:40.780 [INFO] [restartedMain] [o.s.b.a.w.s.WelcomePageHandlerMapping] - Adding welcome page: class path resource [static/index.html]
2025-05-04 02:42:41.039 [INFO] [restartedMain] [o.s.v.b.OptionalValidatorFactoryBean] - Failed to set up a Bean Validation provider: jakarta.validation.NoProviderFoundException: Unable to create a Configuration, because no Jakarta Bean Validation provider could be found. Add a provider like Hibernate Validator (RI) to your classpath.
2025-05-04 02:42:41.094 [INFO] [restartedMain] [o.s.b.d.a.OptionalLiveReloadServer] - LiveReload server is running on port 35729
2025-05-04 02:42:41.101 [INFO] [restartedMain] [o.a.coyote.http11.Http11NioProtocol] - Starting ProtocolHandler ["http-nio-8080"]
2025-05-04 02:42:41.104 [INFO] [restartedMain] [o.s.b.w.e.tomcat.TomcatWebServer] - Tomcat started on port 8080 (http) with context path '/'
2025-05-04 02:42:41.107 [INFO] [restartedMain] [c.g.aigroove.AigrooveApplication] - Started AigrooveApplication in 1.154 seconds (process running for 5612.787)
2025-05-04 02:42:41.108 [INFO] [restartedMain] [o.s.b.d.a.ConditionEvaluationDeltaLoggingListener] - Condition evaluation unchanged
2025-05-04 02:42:41.787 [INFO] [http-nio-8080-exec-2] [o.a.c.c.C.[Tomcat].[localhost].[/]] - Initializing Spring DispatcherServlet 'dispatcherServlet'
2025-05-04 02:42:41.788 [INFO] [http-nio-8080-exec-2] [o.s.web.servlet.DispatcherServlet] - Initializing Servlet 'dispatcherServlet'
2025-05-04 02:42:41.788 [INFO] [http-nio-8080-exec-2] [o.s.web.servlet.DispatcherServlet] - Completed initialization in 0 ms
2025-05-04 02:42:42.081 [INFO] [http-nio-8080-exec-9] [o.s.api.AbstractOpenApiResource] - Init duration for springdoc-openapi is: 128 ms
2025-05-04 02:43:23.950 [INFO] [File Watcher] [o.s.b.d.a.LocalDevToolsAutoConfiguration$RestartingClassPathChangeChangedEventListener] - Restarting due to 1 class path change (0 additions, 0 deletions, 1 modification)
2025-05-04 02:43:23.951 [INFO] [Thread-135] [o.s.b.w.e.tomcat.GracefulShutdown] - Commencing graceful shutdown. Waiting for active requests to complete
2025-05-04 02:43:23.952 [INFO] [tomcat-shutdown] [o.a.coyote.http11.Http11NioProtocol] - Pausing ProtocolHandler ["http-nio-8080"]
2025-05-04 02:43:24.037 [INFO] [tomcat-shutdown] [o.s.b.w.e.tomcat.GracefulShutdown] - Graceful shutdown complete
2025-05-04 02:43:24.038 [INFO] [Thread-135] [o.a.coyote.http11.Http11NioProtocol] - Stopping ProtocolHandler ["http-nio-8080"]
2025-05-04 02:43:24.040 [INFO] [Thread-135] [o.s.o.j.LocalContainerEntityManagerFactoryBean] - Closing JPA EntityManagerFactory for persistence unit 'default'
2025-05-04 02:43:24.041 [INFO] [Thread-135] [com.zaxxer.hikari.HikariDataSource] - HikariPool-34 - Shutdown initiated...
2025-05-04 02:43:24.042 [INFO] [Thread-135] [com.zaxxer.hikari.HikariDataSource] - HikariPool-34 - Shutdown completed.
2025-05-04 02:43:24.154 [INFO] [restartedMain] [c.g.aigroove.AigrooveApplication] - Starting AigrooveApplication using Java 17.0.15 with PID 17224 (C:\dev\AIGroove_api\aigroove\bin\main started by 문유신 in C:\dev\AIGroove_api\aigroove)
2025-05-04 02:43:24.155 [INFO] [restartedMain] [c.g.aigroove.AigrooveApplication] - No active profile set, falling back to 1 default profile: "default"
2025-05-04 02:43:24.436 [INFO] [restartedMain] [o.s.d.r.c.RepositoryConfigurationDelegate] - Bootstrapping Spring Data JPA repositories in DEFAULT mode.
2025-05-04 02:43:24.471 [INFO] [restartedMain] [o.s.d.r.c.RepositoryConfigurationDelegate] - Finished Spring Data repository scanning in 34 ms. Found 11 JPA repository interfaces.
2025-05-04 02:43:24.550 [INFO] [restartedMain] [o.s.b.w.e.tomcat.TomcatWebServer] - Tomcat initialized with port 8080 (http)
2025-05-04 02:43:24.551 [INFO] [restartedMain] [o.a.coyote.http11.Http11NioProtocol] - Initializing ProtocolHandler ["http-nio-8080"]
2025-05-04 02:43:24.551 [INFO] [restartedMain] [o.a.catalina.core.StandardService] - Starting service [Tomcat]
2025-05-04 02:43:24.551 [INFO] [restartedMain] [o.a.catalina.core.StandardEngine] - Starting Servlet engine: [Apache Tomcat/10.1.39]
2025-05-04 02:43:24.571 [INFO] [restartedMain] [o.a.c.c.C.[Tomcat].[localhost].[/]] - Initializing Spring embedded WebApplicationContext
2025-05-04 02:43:24.571 [INFO] [restartedMain] [o.s.b.w.s.c.ServletWebServerApplicationContext] - Root WebApplicationContext: initialization completed in 412 ms
2025-05-04 02:43:24.592 [INFO] [restartedMain] [o.h.jpa.internal.util.LogHelper] - HHH000204: Processing PersistenceUnitInfo [name: default]
2025-05-04 02:43:24.597 [INFO] [restartedMain] [o.h.c.i.RegionFactoryInitiator] - HHH000026: Second-level cache disabled
2025-05-04 02:43:24.606 [INFO] [restartedMain] [o.s.o.j.p.SpringPersistenceUnitInfo] - No LoadTimeWeaver setup: ignoring JPA class transformer
2025-05-04 02:43:24.608 [INFO] [restartedMain] [com.zaxxer.hikari.HikariDataSource] - HikariPool-35 - Starting...
2025-05-04 02:43:24.609 [INFO] [restartedMain] [com.zaxxer.hikari.pool.HikariPool] - HikariPool-35 - Added connection org.mariadb.jdbc.MariaDbConnection@36268ce3
2025-05-04 02:43:24.609 [INFO] [restartedMain] [com.zaxxer.hikari.HikariDataSource] - HikariPool-35 - Start completed.
2025-05-04 02:43:24.610 [INFO] [restartedMain] [o.hibernate.orm.connections.pooling] - HHH10001005: Database info:
	Database JDBC URL [Connecting through datasource 'HikariDataSource (HikariPool-35)']
	Database driver: undefined/unknown
	Database version: 11.7.2
	Autocommit mode: undefined/unknown
	Isolation level: undefined/unknown
	Minimum pool size: undefined/unknown
	Maximum pool size: undefined/unknown
2025-05-04 02:43:24.711 [INFO] [restartedMain] [o.h.e.t.j.p.i.JtaPlatformInitiator] - HHH000489: No JTA platform available (set 'hibernate.transaction.jta.platform' to enable JTA platform integration)
2025-05-04 02:43:24.735 [INFO] [restartedMain] [o.s.o.j.LocalContainerEntityManagerFactoryBean] - Initialized JPA EntityManagerFactory for persistence unit 'default'
2025-05-04 02:43:24.880 [INFO] [restartedMain] [o.s.s.c.a.a.c.InitializeUserDetailsBeanManagerConfigurer$InitializeUserDetailsManagerConfigurer] - Global AuthenticationManager configured with UserDetailsService bean with name inMemoryUserDetailsManager
2025-05-04 02:43:24.885 [INFO] [restartedMain] [o.s.b.a.w.s.WelcomePageHandlerMapping] - Adding welcome page: class path resource [static/index.html]
2025-05-04 02:43:25.142 [INFO] [restartedMain] [o.s.v.b.OptionalValidatorFactoryBean] - Failed to set up a Bean Validation provider: jakarta.validation.NoProviderFoundException: Unable to create a Configuration, because no Jakarta Bean Validation provider could be found. Add a provider like Hibernate Validator (RI) to your classpath.
2025-05-04 02:43:25.191 [INFO] [restartedMain] [o.s.b.d.a.OptionalLiveReloadServer] - LiveReload server is running on port 35729
2025-05-04 02:43:25.197 [INFO] [restartedMain] [o.a.coyote.http11.Http11NioProtocol] - Starting ProtocolHandler ["http-nio-8080"]
2025-05-04 02:43:25.200 [INFO] [restartedMain] [o.s.b.w.e.tomcat.TomcatWebServer] - Tomcat started on port 8080 (http) with context path '/'
2025-05-04 02:43:25.202 [INFO] [restartedMain] [c.g.aigroove.AigrooveApplication] - Started AigrooveApplication in 1.081 seconds (process running for 5656.883)
2025-05-04 02:43:25.203 [INFO] [restartedMain] [o.s.b.d.a.ConditionEvaluationDeltaLoggingListener] - Condition evaluation unchanged
2025-05-04 02:50:59.098 [INFO] [File Watcher] [o.s.b.d.a.LocalDevToolsAutoConfiguration$RestartingClassPathChangeChangedEventListener] - Restarting due to 1 class path change (1 addition, 0 deletions, 0 modifications)
2025-05-04 02:50:59.100 [INFO] [Thread-139] [o.s.b.w.e.tomcat.GracefulShutdown] - Commencing graceful shutdown. Waiting for active requests to complete
2025-05-04 02:50:59.101 [INFO] [tomcat-shutdown] [o.a.coyote.http11.Http11NioProtocol] - Pausing ProtocolHandler ["http-nio-8080"]
2025-05-04 02:50:59.196 [INFO] [tomcat-shutdown] [o.s.b.w.e.tomcat.GracefulShutdown] - Graceful shutdown complete
2025-05-04 02:50:59.196 [INFO] [Thread-139] [o.a.coyote.http11.Http11NioProtocol] - Stopping ProtocolHandler ["http-nio-8080"]
2025-05-04 02:50:59.198 [INFO] [Thread-139] [o.s.o.j.LocalContainerEntityManagerFactoryBean] - Closing JPA EntityManagerFactory for persistence unit 'default'
2025-05-04 02:50:59.199 [INFO] [Thread-139] [com.zaxxer.hikari.HikariDataSource] - HikariPool-35 - Shutdown initiated...
2025-05-04 02:50:59.201 [INFO] [Thread-139] [com.zaxxer.hikari.HikariDataSource] - HikariPool-35 - Shutdown completed.
2025-05-04 02:50:59.312 [INFO] [restartedMain] [c.g.aigroove.AigrooveApplication] - Starting AigrooveApplication using Java 17.0.15 with PID 17224 (C:\dev\AIGroove_api\aigroove\bin\main started by 문유신 in C:\dev\AIGroove_api\aigroove)
2025-05-04 02:50:59.313 [INFO] [restartedMain] [c.g.aigroove.AigrooveApplication] - No active profile set, falling back to 1 default profile: "default"
2025-05-04 02:50:59.609 [INFO] [restartedMain] [o.s.d.r.c.RepositoryConfigurationDelegate] - Bootstrapping Spring Data JPA repositories in DEFAULT mode.
2025-05-04 02:50:59.650 [INFO] [restartedMain] [o.s.d.r.c.RepositoryConfigurationDelegate] - Finished Spring Data repository scanning in 39 ms. Found 11 JPA repository interfaces.
2025-05-04 02:50:59.728 [INFO] [restartedMain] [o.s.b.w.e.tomcat.TomcatWebServer] - Tomcat initialized with port 8080 (http)
2025-05-04 02:50:59.729 [INFO] [restartedMain] [o.a.coyote.http11.Http11NioProtocol] - Initializing ProtocolHandler ["http-nio-8080"]
2025-05-04 02:50:59.729 [INFO] [restartedMain] [o.a.catalina.core.StandardService] - Starting service [Tomcat]
2025-05-04 02:50:59.729 [INFO] [restartedMain] [o.a.catalina.core.StandardEngine] - Starting Servlet engine: [Apache Tomcat/10.1.39]
2025-05-04 02:50:59.751 [INFO] [restartedMain] [o.a.c.c.C.[Tomcat].[localhost].[/]] - Initializing Spring embedded WebApplicationContext
2025-05-04 02:50:59.751 [INFO] [restartedMain] [o.s.b.w.s.c.ServletWebServerApplicationContext] - Root WebApplicationContext: initialization completed in 436 ms
2025-05-04 02:50:59.774 [INFO] [restartedMain] [o.h.jpa.internal.util.LogHelper] - HHH000204: Processing PersistenceUnitInfo [name: default]
2025-05-04 02:50:59.778 [INFO] [restartedMain] [o.h.c.i.RegionFactoryInitiator] - HHH000026: Second-level cache disabled
2025-05-04 02:50:59.789 [INFO] [restartedMain] [o.s.o.j.p.SpringPersistenceUnitInfo] - No LoadTimeWeaver setup: ignoring JPA class transformer
2025-05-04 02:50:59.790 [INFO] [restartedMain] [com.zaxxer.hikari.HikariDataSource] - HikariPool-36 - Starting...
2025-05-04 02:50:59.792 [INFO] [restartedMain] [com.zaxxer.hikari.pool.HikariPool] - HikariPool-36 - Added connection org.mariadb.jdbc.MariaDbConnection@501db742
2025-05-04 02:50:59.792 [INFO] [restartedMain] [com.zaxxer.hikari.HikariDataSource] - HikariPool-36 - Start completed.
2025-05-04 02:50:59.793 [INFO] [restartedMain] [o.hibernate.orm.connections.pooling] - HHH10001005: Database info:
	Database JDBC URL [Connecting through datasource 'HikariDataSource (HikariPool-36)']
	Database driver: undefined/unknown
	Database version: 11.7.2
	Autocommit mode: undefined/unknown
	Isolation level: undefined/unknown
	Minimum pool size: undefined/unknown
	Maximum pool size: undefined/unknown
2025-05-04 02:50:59.892 [INFO] [restartedMain] [o.h.e.t.j.p.i.JtaPlatformInitiator] - HHH000489: No JTA platform available (set 'hibernate.transaction.jta.platform' to enable JTA platform integration)
2025-05-04 02:50:59.921 [INFO] [restartedMain] [o.s.o.j.LocalContainerEntityManagerFactoryBean] - Initialized JPA EntityManagerFactory for persistence unit 'default'
2025-05-04 02:51:00.094 [INFO] [restartedMain] [o.s.s.c.a.a.c.InitializeUserDetailsBeanManagerConfigurer$InitializeUserDetailsManagerConfigurer] - Global AuthenticationManager configured with UserDetailsService bean with name inMemoryUserDetailsManager
2025-05-04 02:51:00.102 [INFO] [restartedMain] [o.s.b.a.w.s.WelcomePageHandlerMapping] - Adding welcome page: class path resource [static/index.html]
2025-05-04 02:51:00.382 [INFO] [restartedMain] [o.s.v.b.OptionalValidatorFactoryBean] - Failed to set up a Bean Validation provider: jakarta.validation.NoProviderFoundException: Unable to create a Configuration, because no Jakarta Bean Validation provider could be found. Add a provider like Hibernate Validator (RI) to your classpath.
2025-05-04 02:51:00.434 [INFO] [restartedMain] [o.s.b.d.a.OptionalLiveReloadServer] - LiveReload server is running on port 35729
2025-05-04 02:51:00.441 [INFO] [restartedMain] [o.a.coyote.http11.Http11NioProtocol] - Starting ProtocolHandler ["http-nio-8080"]
2025-05-04 02:51:00.443 [INFO] [restartedMain] [o.s.b.w.e.tomcat.TomcatWebServer] - Tomcat started on port 8080 (http) with context path '/'
2025-05-04 02:51:00.446 [INFO] [restartedMain] [c.g.aigroove.AigrooveApplication] - Started AigrooveApplication in 1.16 seconds (process running for 6112.126)
2025-05-04 02:51:00.447 [INFO] [restartedMain] [o.s.b.d.a.ConditionEvaluationDeltaLoggingListener] - Condition evaluation unchanged
2025-05-04 02:51:44.343 [INFO] [File Watcher] [o.s.b.d.a.LocalDevToolsAutoConfiguration$RestartingClassPathChangeChangedEventListener] - Restarting due to 1 class path change (1 addition, 0 deletions, 0 modifications)
2025-05-04 02:51:44.345 [INFO] [Thread-143] [o.s.b.w.e.tomcat.GracefulShutdown] - Commencing graceful shutdown. Waiting for active requests to complete
2025-05-04 02:51:44.346 [INFO] [tomcat-shutdown] [o.a.coyote.http11.Http11NioProtocol] - Pausing ProtocolHandler ["http-nio-8080"]
2025-05-04 02:51:44.428 [INFO] [tomcat-shutdown] [o.s.b.w.e.tomcat.GracefulShutdown] - Graceful shutdown complete
2025-05-04 02:51:44.428 [INFO] [Thread-143] [o.a.coyote.http11.Http11NioProtocol] - Stopping ProtocolHandler ["http-nio-8080"]
2025-05-04 02:51:44.430 [INFO] [Thread-143] [o.s.o.j.LocalContainerEntityManagerFactoryBean] - Closing JPA EntityManagerFactory for persistence unit 'default'
2025-05-04 02:51:44.430 [INFO] [Thread-143] [com.zaxxer.hikari.HikariDataSource] - HikariPool-36 - Shutdown initiated...
2025-05-04 02:51:44.432 [INFO] [Thread-143] [com.zaxxer.hikari.HikariDataSource] - HikariPool-36 - Shutdown completed.
2025-05-04 02:51:44.534 [INFO] [restartedMain] [c.g.aigroove.AigrooveApplication] - Starting AigrooveApplication using Java 17.0.15 with PID 17224 (C:\dev\AIGroove_api\aigroove\bin\main started by 문유신 in C:\dev\AIGroove_api\aigroove)
2025-05-04 02:51:44.534 [INFO] [restartedMain] [c.g.aigroove.AigrooveApplication] - No active profile set, falling back to 1 default profile: "default"
2025-05-04 02:51:44.779 [INFO] [restartedMain] [o.s.d.r.c.RepositoryConfigurationDelegate] - Bootstrapping Spring Data JPA repositories in DEFAULT mode.
2025-05-04 02:51:44.812 [INFO] [restartedMain] [o.s.d.r.c.RepositoryConfigurationDelegate] - Finished Spring Data repository scanning in 32 ms. Found 11 JPA repository interfaces.
2025-05-04 02:51:44.885 [INFO] [restartedMain] [o.s.b.w.e.tomcat.TomcatWebServer] - Tomcat initialized with port 8080 (http)
2025-05-04 02:51:44.885 [INFO] [restartedMain] [o.a.coyote.http11.Http11NioProtocol] - Initializing ProtocolHandler ["http-nio-8080"]
2025-05-04 02:51:44.886 [INFO] [restartedMain] [o.a.catalina.core.StandardService] - Starting service [Tomcat]
2025-05-04 02:51:44.886 [INFO] [restartedMain] [o.a.catalina.core.StandardEngine] - Starting Servlet engine: [Apache Tomcat/10.1.39]
2025-05-04 02:51:44.906 [INFO] [restartedMain] [o.a.c.c.C.[Tomcat].[localhost].[/]] - Initializing Spring embedded WebApplicationContext
2025-05-04 02:51:44.906 [INFO] [restartedMain] [o.s.b.w.s.c.ServletWebServerApplicationContext] - Root WebApplicationContext: initialization completed in 370 ms
2025-05-04 02:51:44.928 [INFO] [restartedMain] [o.h.jpa.internal.util.LogHelper] - HHH000204: Processing PersistenceUnitInfo [name: default]
2025-05-04 02:51:44.932 [INFO] [restartedMain] [o.h.c.i.RegionFactoryInitiator] - HHH000026: Second-level cache disabled
2025-05-04 02:51:44.942 [INFO] [restartedMain] [o.s.o.j.p.SpringPersistenceUnitInfo] - No LoadTimeWeaver setup: ignoring JPA class transformer
2025-05-04 02:51:44.943 [INFO] [restartedMain] [com.zaxxer.hikari.HikariDataSource] - HikariPool-37 - Starting...
2025-05-04 02:51:44.945 [INFO] [restartedMain] [com.zaxxer.hikari.pool.HikariPool] - HikariPool-37 - Added connection org.mariadb.jdbc.MariaDbConnection@55a227e
2025-05-04 02:51:44.945 [INFO] [restartedMain] [com.zaxxer.hikari.HikariDataSource] - HikariPool-37 - Start completed.
2025-05-04 02:51:44.946 [INFO] [restartedMain] [o.hibernate.orm.connections.pooling] - HHH10001005: Database info:
	Database JDBC URL [Connecting through datasource 'HikariDataSource (HikariPool-37)']
	Database driver: undefined/unknown
	Database version: 11.7.2
	Autocommit mode: undefined/unknown
	Isolation level: undefined/unknown
	Minimum pool size: undefined/unknown
	Maximum pool size: undefined/unknown
2025-05-04 02:51:45.041 [INFO] [restartedMain] [o.h.e.t.j.p.i.JtaPlatformInitiator] - HHH000489: No JTA platform available (set 'hibernate.transaction.jta.platform' to enable JTA platform integration)
2025-05-04 02:51:45.066 [INFO] [restartedMain] [o.s.o.j.LocalContainerEntityManagerFactoryBean] - Initialized JPA EntityManagerFactory for persistence unit 'default'
2025-05-04 02:51:45.204 [INFO] [restartedMain] [o.s.s.c.a.a.c.InitializeUserDetailsBeanManagerConfigurer$InitializeUserDetailsManagerConfigurer] - Global AuthenticationManager configured with UserDetailsService bean with name inMemoryUserDetailsManager
2025-05-04 02:51:45.209 [INFO] [restartedMain] [o.s.b.a.w.s.WelcomePageHandlerMapping] - Adding welcome page: class path resource [static/index.html]
2025-05-04 02:51:45.520 [INFO] [restartedMain] [o.s.v.b.OptionalValidatorFactoryBean] - Failed to set up a Bean Validation provider: jakarta.validation.NoProviderFoundException: Unable to create a Configuration, because no Jakarta Bean Validation provider could be found. Add a provider like Hibernate Validator (RI) to your classpath.
2025-05-04 02:51:45.586 [INFO] [restartedMain] [o.s.b.d.a.OptionalLiveReloadServer] - LiveReload server is running on port 35729
2025-05-04 02:51:45.594 [INFO] [restartedMain] [o.a.coyote.http11.Http11NioProtocol] - Starting ProtocolHandler ["http-nio-8080"]
2025-05-04 02:51:45.598 [INFO] [restartedMain] [o.s.b.w.e.tomcat.TomcatWebServer] - Tomcat started on port 8080 (http) with context path '/'
2025-05-04 02:51:45.601 [INFO] [restartedMain] [c.g.aigroove.AigrooveApplication] - Started AigrooveApplication in 1.096 seconds (process running for 6157.281)
2025-05-04 02:51:45.602 [INFO] [restartedMain] [o.s.b.d.a.ConditionEvaluationDeltaLoggingListener] - Condition evaluation unchanged
2025-05-04 02:53:13.017 [INFO] [File Watcher] [o.s.b.d.a.LocalDevToolsAutoConfiguration$RestartingClassPathChangeChangedEventListener] - Restarting due to 1 class path change (0 additions, 0 deletions, 1 modification)
2025-05-04 02:53:13.018 [INFO] [Thread-147] [o.s.b.w.e.tomcat.GracefulShutdown] - Commencing graceful shutdown. Waiting for active requests to complete
2025-05-04 02:53:13.018 [INFO] [tomcat-shutdown] [o.a.coyote.http11.Http11NioProtocol] - Pausing ProtocolHandler ["http-nio-8080"]
2025-05-04 02:53:13.105 [INFO] [tomcat-shutdown] [o.s.b.w.e.tomcat.GracefulShutdown] - Graceful shutdown complete
2025-05-04 02:53:13.106 [INFO] [Thread-147] [o.a.coyote.http11.Http11NioProtocol] - Stopping ProtocolHandler ["http-nio-8080"]
2025-05-04 02:53:13.108 [INFO] [Thread-147] [o.s.o.j.LocalContainerEntityManagerFactoryBean] - Closing JPA EntityManagerFactory for persistence unit 'default'
2025-05-04 02:53:13.108 [INFO] [Thread-147] [com.zaxxer.hikari.HikariDataSource] - HikariPool-37 - Shutdown initiated...
2025-05-04 02:53:13.110 [INFO] [Thread-147] [com.zaxxer.hikari.HikariDataSource] - HikariPool-37 - Shutdown completed.
2025-05-04 02:53:13.219 [INFO] [restartedMain] [c.g.aigroove.AigrooveApplication] - Starting AigrooveApplication using Java 17.0.15 with PID 17224 (C:\dev\AIGroove_api\aigroove\bin\main started by 문유신 in C:\dev\AIGroove_api\aigroove)
2025-05-04 02:53:13.220 [INFO] [restartedMain] [c.g.aigroove.AigrooveApplication] - No active profile set, falling back to 1 default profile: "default"
2025-05-04 02:53:13.494 [INFO] [restartedMain] [o.s.d.r.c.RepositoryConfigurationDelegate] - Bootstrapping Spring Data JPA repositories in DEFAULT mode.
2025-05-04 02:53:13.528 [INFO] [restartedMain] [o.s.d.r.c.RepositoryConfigurationDelegate] - Finished Spring Data repository scanning in 33 ms. Found 11 JPA repository interfaces.
2025-05-04 02:53:13.603 [INFO] [restartedMain] [o.s.b.w.e.tomcat.TomcatWebServer] - Tomcat initialized with port 8080 (http)
2025-05-04 02:53:13.604 [INFO] [restartedMain] [o.a.coyote.http11.Http11NioProtocol] - Initializing ProtocolHandler ["http-nio-8080"]
2025-05-04 02:53:13.604 [INFO] [restartedMain] [o.a.catalina.core.StandardService] - Starting service [Tomcat]
2025-05-04 02:53:13.605 [INFO] [restartedMain] [o.a.catalina.core.StandardEngine] - Starting Servlet engine: [Apache Tomcat/10.1.39]
2025-05-04 02:53:13.624 [INFO] [restartedMain] [o.a.c.c.C.[Tomcat].[localhost].[/]] - Initializing Spring embedded WebApplicationContext
2025-05-04 02:53:13.624 [INFO] [restartedMain] [o.s.b.w.s.c.ServletWebServerApplicationContext] - Root WebApplicationContext: initialization completed in 402 ms
2025-05-04 02:53:13.645 [INFO] [restartedMain] [o.h.jpa.internal.util.LogHelper] - HHH000204: Processing PersistenceUnitInfo [name: default]
2025-05-04 02:53:13.651 [INFO] [restartedMain] [o.h.c.i.RegionFactoryInitiator] - HHH000026: Second-level cache disabled
2025-05-04 02:53:13.661 [INFO] [restartedMain] [o.s.o.j.p.SpringPersistenceUnitInfo] - No LoadTimeWeaver setup: ignoring JPA class transformer
2025-05-04 02:53:13.662 [INFO] [restartedMain] [com.zaxxer.hikari.HikariDataSource] - HikariPool-38 - Starting...
2025-05-04 02:53:13.664 [INFO] [restartedMain] [com.zaxxer.hikari.pool.HikariPool] - HikariPool-38 - Added connection org.mariadb.jdbc.MariaDbConnection@4b1c9acd
2025-05-04 02:53:13.664 [INFO] [restartedMain] [com.zaxxer.hikari.HikariDataSource] - HikariPool-38 - Start completed.
2025-05-04 02:53:13.665 [INFO] [restartedMain] [o.hibernate.orm.connections.pooling] - HHH10001005: Database info:
	Database JDBC URL [Connecting through datasource 'HikariDataSource (HikariPool-38)']
	Database driver: undefined/unknown
	Database version: 11.7.2
	Autocommit mode: undefined/unknown
	Isolation level: undefined/unknown
	Minimum pool size: undefined/unknown
	Maximum pool size: undefined/unknown
2025-05-04 02:53:13.761 [INFO] [restartedMain] [o.h.e.t.j.p.i.JtaPlatformInitiator] - HHH000489: No JTA platform available (set 'hibernate.transaction.jta.platform' to enable JTA platform integration)
2025-05-04 02:53:13.785 [INFO] [restartedMain] [o.s.o.j.LocalContainerEntityManagerFactoryBean] - Initialized JPA EntityManagerFactory for persistence unit 'default'
2025-05-04 02:53:13.929 [INFO] [restartedMain] [o.s.s.c.a.a.c.InitializeUserDetailsBeanManagerConfigurer$InitializeUserDetailsManagerConfigurer] - Global AuthenticationManager configured with UserDetailsService bean with name inMemoryUserDetailsManager
2025-05-04 02:53:13.935 [INFO] [restartedMain] [o.s.b.a.w.s.WelcomePageHandlerMapping] - Adding welcome page: class path resource [static/index.html]
2025-05-04 02:53:14.311 [INFO] [restartedMain] [o.s.v.b.OptionalValidatorFactoryBean] - Failed to set up a Bean Validation provider: jakarta.validation.NoProviderFoundException: Unable to create a Configuration, because no Jakarta Bean Validation provider could be found. Add a provider like Hibernate Validator (RI) to your classpath.
2025-05-04 02:53:14.380 [INFO] [restartedMain] [o.s.b.d.a.OptionalLiveReloadServer] - LiveReload server is running on port 35729
2025-05-04 02:53:14.391 [INFO] [restartedMain] [o.a.coyote.http11.Http11NioProtocol] - Starting ProtocolHandler ["http-nio-8080"]
2025-05-04 02:53:14.393 [INFO] [restartedMain] [o.s.b.w.e.tomcat.TomcatWebServer] - Tomcat started on port 8080 (http) with context path '/'
2025-05-04 02:53:14.397 [INFO] [restartedMain] [c.g.aigroove.AigrooveApplication] - Started AigrooveApplication in 1.21 seconds (process running for 6246.077)
2025-05-04 02:53:14.398 [INFO] [restartedMain] [o.s.b.d.a.ConditionEvaluationDeltaLoggingListener] - Condition evaluation unchanged
2025-05-04 02:53:34.547 [INFO] [File Watcher] [o.s.b.d.a.LocalDevToolsAutoConfiguration$RestartingClassPathChangeChangedEventListener] - Restarting due to 1 class path change (0 additions, 0 deletions, 1 modification)
2025-05-04 02:53:34.549 [INFO] [Thread-151] [o.s.b.w.e.tomcat.GracefulShutdown] - Commencing graceful shutdown. Waiting for active requests to complete
2025-05-04 02:53:34.550 [INFO] [tomcat-shutdown] [o.a.coyote.http11.Http11NioProtocol] - Pausing ProtocolHandler ["http-nio-8080"]
2025-05-04 02:53:34.644 [INFO] [tomcat-shutdown] [o.s.b.w.e.tomcat.GracefulShutdown] - Graceful shutdown complete
2025-05-04 02:53:34.645 [INFO] [Thread-151] [o.a.coyote.http11.Http11NioProtocol] - Stopping ProtocolHandler ["http-nio-8080"]
2025-05-04 02:53:34.647 [INFO] [Thread-151] [o.s.o.j.LocalContainerEntityManagerFactoryBean] - Closing JPA EntityManagerFactory for persistence unit 'default'
2025-05-04 02:53:34.647 [INFO] [Thread-151] [com.zaxxer.hikari.HikariDataSource] - HikariPool-38 - Shutdown initiated...
2025-05-04 02:53:34.649 [INFO] [Thread-151] [com.zaxxer.hikari.HikariDataSource] - HikariPool-38 - Shutdown completed.
2025-05-04 02:53:34.752 [INFO] [restartedMain] [c.g.aigroove.AigrooveApplication] - Starting AigrooveApplication using Java 17.0.15 with PID 17224 (C:\dev\AIGroove_api\aigroove\bin\main started by 문유신 in C:\dev\AIGroove_api\aigroove)
2025-05-04 02:53:34.753 [INFO] [restartedMain] [c.g.aigroove.AigrooveApplication] - No active profile set, falling back to 1 default profile: "default"
2025-05-04 02:53:35.012 [INFO] [restartedMain] [o.s.d.r.c.RepositoryConfigurationDelegate] - Bootstrapping Spring Data JPA repositories in DEFAULT mode.
2025-05-04 02:53:35.048 [INFO] [restartedMain] [o.s.d.r.c.RepositoryConfigurationDelegate] - Finished Spring Data repository scanning in 35 ms. Found 11 JPA repository interfaces.
2025-05-04 02:53:35.131 [INFO] [restartedMain] [o.s.b.w.e.tomcat.TomcatWebServer] - Tomcat initialized with port 8080 (http)
2025-05-04 02:53:35.131 [INFO] [restartedMain] [o.a.coyote.http11.Http11NioProtocol] - Initializing ProtocolHandler ["http-nio-8080"]
2025-05-04 02:53:35.131 [INFO] [restartedMain] [o.a.catalina.core.StandardService] - Starting service [Tomcat]
2025-05-04 02:53:35.132 [INFO] [restartedMain] [o.a.catalina.core.StandardEngine] - Starting Servlet engine: [Apache Tomcat/10.1.39]
2025-05-04 02:53:35.152 [INFO] [restartedMain] [o.a.c.c.C.[Tomcat].[localhost].[/]] - Initializing Spring embedded WebApplicationContext
2025-05-04 02:53:35.152 [INFO] [restartedMain] [o.s.b.w.s.c.ServletWebServerApplicationContext] - Root WebApplicationContext: initialization completed in 396 ms
2025-05-04 02:53:35.173 [INFO] [restartedMain] [o.h.jpa.internal.util.LogHelper] - HHH000204: Processing PersistenceUnitInfo [name: default]
2025-05-04 02:53:35.178 [INFO] [restartedMain] [o.h.c.i.RegionFactoryInitiator] - HHH000026: Second-level cache disabled
2025-05-04 02:53:35.187 [INFO] [restartedMain] [o.s.o.j.p.SpringPersistenceUnitInfo] - No LoadTimeWeaver setup: ignoring JPA class transformer
2025-05-04 02:53:35.188 [INFO] [restartedMain] [com.zaxxer.hikari.HikariDataSource] - HikariPool-39 - Starting...
2025-05-04 02:53:35.190 [INFO] [restartedMain] [com.zaxxer.hikari.pool.HikariPool] - HikariPool-39 - Added connection org.mariadb.jdbc.MariaDbConnection@2c917d66
2025-05-04 02:53:35.191 [INFO] [restartedMain] [com.zaxxer.hikari.HikariDataSource] - HikariPool-39 - Start completed.
2025-05-04 02:53:35.192 [INFO] [restartedMain] [o.hibernate.orm.connections.pooling] - HHH10001005: Database info:
	Database JDBC URL [Connecting through datasource 'HikariDataSource (HikariPool-39)']
	Database driver: undefined/unknown
	Database version: 11.7.2
	Autocommit mode: undefined/unknown
	Isolation level: undefined/unknown
	Minimum pool size: undefined/unknown
	Maximum pool size: undefined/unknown
2025-05-04 02:53:35.295 [INFO] [restartedMain] [o.h.e.t.j.p.i.JtaPlatformInitiator] - HHH000489: No JTA platform available (set 'hibernate.transaction.jta.platform' to enable JTA platform integration)
2025-05-04 02:53:35.316 [INFO] [restartedMain] [o.s.o.j.LocalContainerEntityManagerFactoryBean] - Initialized JPA EntityManagerFactory for persistence unit 'default'
2025-05-04 02:53:35.467 [INFO] [restartedMain] [o.s.s.c.a.a.c.InitializeUserDetailsBeanManagerConfigurer$InitializeUserDetailsManagerConfigurer] - Global AuthenticationManager configured with UserDetailsService bean with name inMemoryUserDetailsManager
2025-05-04 02:53:35.472 [INFO] [restartedMain] [o.s.b.a.w.s.WelcomePageHandlerMapping] - Adding welcome page: class path resource [static/index.html]
2025-05-04 02:53:35.747 [INFO] [restartedMain] [o.s.v.b.OptionalValidatorFactoryBean] - Failed to set up a Bean Validation provider: jakarta.validation.NoProviderFoundException: Unable to create a Configuration, because no Jakarta Bean Validation provider could be found. Add a provider like Hibernate Validator (RI) to your classpath.
2025-05-04 02:53:35.793 [INFO] [restartedMain] [o.s.b.d.a.OptionalLiveReloadServer] - LiveReload server is running on port 35729
2025-05-04 02:53:35.798 [INFO] [restartedMain] [o.a.coyote.http11.Http11NioProtocol] - Starting ProtocolHandler ["http-nio-8080"]
2025-05-04 02:53:35.801 [INFO] [restartedMain] [o.s.b.w.e.tomcat.TomcatWebServer] - Tomcat started on port 8080 (http) with context path '/'
2025-05-04 02:53:35.804 [INFO] [restartedMain] [c.g.aigroove.AigrooveApplication] - Started AigrooveApplication in 1.078 seconds (process running for 6267.484)
2025-05-04 02:53:35.805 [INFO] [restartedMain] [o.s.b.d.a.ConditionEvaluationDeltaLoggingListener] - Condition evaluation unchanged
2025-05-04 02:54:57.000 [INFO] [File Watcher] [o.s.b.d.a.LocalDevToolsAutoConfiguration$RestartingClassPathChangeChangedEventListener] - Restarting due to 1 class path change (0 additions, 0 deletions, 1 modification)
2025-05-04 02:54:57.002 [INFO] [Thread-155] [o.s.b.w.e.tomcat.GracefulShutdown] - Commencing graceful shutdown. Waiting for active requests to complete
2025-05-04 02:54:57.003 [INFO] [tomcat-shutdown] [o.a.coyote.http11.Http11NioProtocol] - Pausing ProtocolHandler ["http-nio-8080"]
2025-05-04 02:54:57.086 [INFO] [tomcat-shutdown] [o.s.b.w.e.tomcat.GracefulShutdown] - Graceful shutdown complete
2025-05-04 02:54:57.086 [INFO] [Thread-155] [o.a.coyote.http11.Http11NioProtocol] - Stopping ProtocolHandler ["http-nio-8080"]
2025-05-04 02:54:57.088 [INFO] [Thread-155] [o.s.o.j.LocalContainerEntityManagerFactoryBean] - Closing JPA EntityManagerFactory for persistence unit 'default'
2025-05-04 02:54:57.088 [INFO] [Thread-155] [com.zaxxer.hikari.HikariDataSource] - HikariPool-39 - Shutdown initiated...
2025-05-04 02:54:57.090 [INFO] [Thread-155] [com.zaxxer.hikari.HikariDataSource] - HikariPool-39 - Shutdown completed.
2025-05-04 02:54:57.193 [INFO] [restartedMain] [c.g.aigroove.AigrooveApplication] - Starting AigrooveApplication using Java 17.0.15 with PID 17224 (C:\dev\AIGroove_api\aigroove\bin\main started by 문유신 in C:\dev\AIGroove_api\aigroove)
2025-05-04 02:54:57.194 [INFO] [restartedMain] [c.g.aigroove.AigrooveApplication] - No active profile set, falling back to 1 default profile: "default"
2025-05-04 02:54:57.450 [INFO] [restartedMain] [o.s.d.r.c.RepositoryConfigurationDelegate] - Bootstrapping Spring Data JPA repositories in DEFAULT mode.
2025-05-04 02:54:57.490 [INFO] [restartedMain] [o.s.d.r.c.RepositoryConfigurationDelegate] - Finished Spring Data repository scanning in 38 ms. Found 11 JPA repository interfaces.
2025-05-04 02:54:57.575 [INFO] [restartedMain] [o.s.b.w.e.tomcat.TomcatWebServer] - Tomcat initialized with port 8080 (http)
2025-05-04 02:54:57.575 [INFO] [restartedMain] [o.a.coyote.http11.Http11NioProtocol] - Initializing ProtocolHandler ["http-nio-8080"]
2025-05-04 02:54:57.576 [INFO] [restartedMain] [o.a.catalina.core.StandardService] - Starting service [Tomcat]
2025-05-04 02:54:57.576 [INFO] [restartedMain] [o.a.catalina.core.StandardEngine] - Starting Servlet engine: [Apache Tomcat/10.1.39]
2025-05-04 02:54:57.595 [INFO] [restartedMain] [o.a.c.c.C.[Tomcat].[localhost].[/]] - Initializing Spring embedded WebApplicationContext
2025-05-04 02:54:57.596 [INFO] [restartedMain] [o.s.b.w.s.c.ServletWebServerApplicationContext] - Root WebApplicationContext: initialization completed in 400 ms
2025-05-04 02:54:57.617 [INFO] [restartedMain] [o.h.jpa.internal.util.LogHelper] - HHH000204: Processing PersistenceUnitInfo [name: default]
2025-05-04 02:54:57.621 [INFO] [restartedMain] [o.h.c.i.RegionFactoryInitiator] - HHH000026: Second-level cache disabled
2025-05-04 02:54:57.630 [INFO] [restartedMain] [o.s.o.j.p.SpringPersistenceUnitInfo] - No LoadTimeWeaver setup: ignoring JPA class transformer
2025-05-04 02:54:57.632 [INFO] [restartedMain] [com.zaxxer.hikari.HikariDataSource] - HikariPool-40 - Starting...
2025-05-04 02:54:57.634 [INFO] [restartedMain] [com.zaxxer.hikari.pool.HikariPool] - HikariPool-40 - Added connection org.mariadb.jdbc.MariaDbConnection@4b31bdad
2025-05-04 02:54:57.634 [INFO] [restartedMain] [com.zaxxer.hikari.HikariDataSource] - HikariPool-40 - Start completed.
2025-05-04 02:54:57.635 [INFO] [restartedMain] [o.hibernate.orm.connections.pooling] - HHH10001005: Database info:
	Database JDBC URL [Connecting through datasource 'HikariDataSource (HikariPool-40)']
	Database driver: undefined/unknown
	Database version: 11.7.2
	Autocommit mode: undefined/unknown
	Isolation level: undefined/unknown
	Minimum pool size: undefined/unknown
	Maximum pool size: undefined/unknown
2025-05-04 02:54:57.732 [INFO] [restartedMain] [o.h.e.t.j.p.i.JtaPlatformInitiator] - HHH000489: No JTA platform available (set 'hibernate.transaction.jta.platform' to enable JTA platform integration)
2025-05-04 02:54:57.755 [INFO] [restartedMain] [o.s.o.j.LocalContainerEntityManagerFactoryBean] - Initialized JPA EntityManagerFactory for persistence unit 'default'
2025-05-04 02:54:57.888 [INFO] [restartedMain] [o.s.s.c.a.a.c.InitializeUserDetailsBeanManagerConfigurer$InitializeUserDetailsManagerConfigurer] - Global AuthenticationManager configured with UserDetailsService bean with name inMemoryUserDetailsManager
2025-05-04 02:54:57.893 [INFO] [restartedMain] [o.s.b.a.w.s.WelcomePageHandlerMapping] - Adding welcome page: class path resource [static/index.html]
2025-05-04 02:54:58.144 [INFO] [restartedMain] [o.s.v.b.OptionalValidatorFactoryBean] - Failed to set up a Bean Validation provider: jakarta.validation.NoProviderFoundException: Unable to create a Configuration, because no Jakarta Bean Validation provider could be found. Add a provider like Hibernate Validator (RI) to your classpath.
2025-05-04 02:54:58.193 [INFO] [restartedMain] [o.s.b.d.a.OptionalLiveReloadServer] - LiveReload server is running on port 35729
2025-05-04 02:54:58.199 [INFO] [restartedMain] [o.a.coyote.http11.Http11NioProtocol] - Starting ProtocolHandler ["http-nio-8080"]
2025-05-04 02:54:58.202 [INFO] [restartedMain] [o.s.b.w.e.tomcat.TomcatWebServer] - Tomcat started on port 8080 (http) with context path '/'
2025-05-04 02:54:58.205 [INFO] [restartedMain] [c.g.aigroove.AigrooveApplication] - Started AigrooveApplication in 1.04 seconds (process running for 6349.885)
2025-05-04 02:54:58.206 [INFO] [restartedMain] [o.s.b.d.a.ConditionEvaluationDeltaLoggingListener] - Condition evaluation unchanged
2025-05-04 02:55:28.656 [INFO] [File Watcher] [o.s.b.d.a.LocalDevToolsAutoConfiguration$RestartingClassPathChangeChangedEventListener] - Restarting due to 1 class path change (0 additions, 0 deletions, 1 modification)
2025-05-04 02:55:28.658 [INFO] [Thread-159] [o.s.b.w.e.tomcat.GracefulShutdown] - Commencing graceful shutdown. Waiting for active requests to complete
2025-05-04 02:55:28.658 [INFO] [tomcat-shutdown] [o.a.coyote.http11.Http11NioProtocol] - Pausing ProtocolHandler ["http-nio-8080"]
2025-05-04 02:55:28.746 [INFO] [tomcat-shutdown] [o.s.b.w.e.tomcat.GracefulShutdown] - Graceful shutdown complete
2025-05-04 02:55:28.746 [INFO] [Thread-159] [o.a.coyote.http11.Http11NioProtocol] - Stopping ProtocolHandler ["http-nio-8080"]
2025-05-04 02:55:28.747 [INFO] [Thread-159] [o.s.o.j.LocalContainerEntityManagerFactoryBean] - Closing JPA EntityManagerFactory for persistence unit 'default'
2025-05-04 02:55:28.748 [INFO] [Thread-159] [com.zaxxer.hikari.HikariDataSource] - HikariPool-40 - Shutdown initiated...
2025-05-04 02:55:28.750 [INFO] [Thread-159] [com.zaxxer.hikari.HikariDataSource] - HikariPool-40 - Shutdown completed.
2025-05-04 02:55:28.856 [INFO] [restartedMain] [c.g.aigroove.AigrooveApplication] - Starting AigrooveApplication using Java 17.0.15 with PID 17224 (C:\dev\AIGroove_api\aigroove\bin\main started by 문유신 in C:\dev\AIGroove_api\aigroove)
2025-05-04 02:55:28.857 [INFO] [restartedMain] [c.g.aigroove.AigrooveApplication] - No active profile set, falling back to 1 default profile: "default"
2025-05-04 02:55:29.106 [INFO] [restartedMain] [o.s.d.r.c.RepositoryConfigurationDelegate] - Bootstrapping Spring Data JPA repositories in DEFAULT mode.
2025-05-04 02:55:29.143 [INFO] [restartedMain] [o.s.d.r.c.RepositoryConfigurationDelegate] - Finished Spring Data repository scanning in 35 ms. Found 11 JPA repository interfaces.
2025-05-04 02:55:29.221 [INFO] [restartedMain] [o.s.b.w.e.tomcat.TomcatWebServer] - Tomcat initialized with port 8080 (http)
2025-05-04 02:55:29.221 [INFO] [restartedMain] [o.a.coyote.http11.Http11NioProtocol] - Initializing ProtocolHandler ["http-nio-8080"]
2025-05-04 02:55:29.222 [INFO] [restartedMain] [o.a.catalina.core.StandardService] - Starting service [Tomcat]
2025-05-04 02:55:29.222 [INFO] [restartedMain] [o.a.catalina.core.StandardEngine] - Starting Servlet engine: [Apache Tomcat/10.1.39]
2025-05-04 02:55:29.242 [INFO] [restartedMain] [o.a.c.c.C.[Tomcat].[localhost].[/]] - Initializing Spring embedded WebApplicationContext
2025-05-04 02:55:29.242 [INFO] [restartedMain] [o.s.b.w.s.c.ServletWebServerApplicationContext] - Root WebApplicationContext: initialization completed in 383 ms
2025-05-04 02:55:29.265 [INFO] [restartedMain] [o.h.jpa.internal.util.LogHelper] - HHH000204: Processing PersistenceUnitInfo [name: default]
2025-05-04 02:55:29.269 [INFO] [restartedMain] [o.h.c.i.RegionFactoryInitiator] - HHH000026: Second-level cache disabled
2025-05-04 02:55:29.279 [INFO] [restartedMain] [o.s.o.j.p.SpringPersistenceUnitInfo] - No LoadTimeWeaver setup: ignoring JPA class transformer
2025-05-04 02:55:29.280 [INFO] [restartedMain] [com.zaxxer.hikari.HikariDataSource] - HikariPool-41 - Starting...
2025-05-04 02:55:29.282 [INFO] [restartedMain] [com.zaxxer.hikari.pool.HikariPool] - HikariPool-41 - Added connection org.mariadb.jdbc.MariaDbConnection@531f3593
2025-05-04 02:55:29.283 [INFO] [restartedMain] [com.zaxxer.hikari.HikariDataSource] - HikariPool-41 - Start completed.
2025-05-04 02:55:29.284 [INFO] [restartedMain] [o.hibernate.orm.connections.pooling] - HHH10001005: Database info:
	Database JDBC URL [Connecting through datasource 'HikariDataSource (HikariPool-41)']
	Database driver: undefined/unknown
	Database version: 11.7.2
	Autocommit mode: undefined/unknown
	Isolation level: undefined/unknown
	Minimum pool size: undefined/unknown
	Maximum pool size: undefined/unknown
2025-05-04 02:55:29.427 [INFO] [restartedMain] [o.h.e.t.j.p.i.JtaPlatformInitiator] - HHH000489: No JTA platform available (set 'hibernate.transaction.jta.platform' to enable JTA platform integration)
2025-05-04 02:55:29.461 [INFO] [restartedMain] [o.s.o.j.LocalContainerEntityManagerFactoryBean] - Initialized JPA EntityManagerFactory for persistence unit 'default'
2025-05-04 02:55:29.630 [INFO] [restartedMain] [o.s.s.c.a.a.c.InitializeUserDetailsBeanManagerConfigurer$InitializeUserDetailsManagerConfigurer] - Global AuthenticationManager configured with UserDetailsService bean with name inMemoryUserDetailsManager
2025-05-04 02:55:29.634 [INFO] [restartedMain] [o.s.b.a.w.s.WelcomePageHandlerMapping] - Adding welcome page: class path resource [static/index.html]
2025-05-04 02:55:29.892 [INFO] [restartedMain] [o.s.v.b.OptionalValidatorFactoryBean] - Failed to set up a Bean Validation provider: jakarta.validation.NoProviderFoundException: Unable to create a Configuration, because no Jakarta Bean Validation provider could be found. Add a provider like Hibernate Validator (RI) to your classpath.
2025-05-04 02:55:29.940 [INFO] [restartedMain] [o.s.b.d.a.OptionalLiveReloadServer] - LiveReload server is running on port 35729
2025-05-04 02:55:29.946 [INFO] [restartedMain] [o.a.coyote.http11.Http11NioProtocol] - Starting ProtocolHandler ["http-nio-8080"]
2025-05-04 02:55:29.949 [INFO] [restartedMain] [o.s.b.w.e.tomcat.TomcatWebServer] - Tomcat started on port 8080 (http) with context path '/'
2025-05-04 02:55:29.952 [INFO] [restartedMain] [c.g.aigroove.AigrooveApplication] - Started AigrooveApplication in 1.122 seconds (process running for 6381.632)
2025-05-04 02:55:29.953 [INFO] [restartedMain] [o.s.b.d.a.ConditionEvaluationDeltaLoggingListener] - Condition evaluation unchanged
2025-05-04 02:56:58.381 [INFO] [File Watcher] [o.s.b.d.a.LocalDevToolsAutoConfiguration$RestartingClassPathChangeChangedEventListener] - Restarting due to 1 class path change (0 additions, 0 deletions, 1 modification)
2025-05-04 02:56:58.382 [INFO] [Thread-163] [o.s.b.w.e.tomcat.GracefulShutdown] - Commencing graceful shutdown. Waiting for active requests to complete
2025-05-04 02:56:58.382 [INFO] [tomcat-shutdown] [o.a.coyote.http11.Http11NioProtocol] - Pausing ProtocolHandler ["http-nio-8080"]
2025-05-04 02:56:58.491 [INFO] [tomcat-shutdown] [o.s.b.w.e.tomcat.GracefulShutdown] - Graceful shutdown complete
2025-05-04 02:56:58.492 [INFO] [Thread-163] [o.a.coyote.http11.Http11NioProtocol] - Stopping ProtocolHandler ["http-nio-8080"]
2025-05-04 02:56:58.494 [INFO] [Thread-163] [o.s.o.j.LocalContainerEntityManagerFactoryBean] - Closing JPA EntityManagerFactory for persistence unit 'default'
2025-05-04 02:56:58.495 [INFO] [Thread-163] [com.zaxxer.hikari.HikariDataSource] - HikariPool-41 - Shutdown initiated...
2025-05-04 02:56:58.496 [INFO] [Thread-163] [com.zaxxer.hikari.HikariDataSource] - HikariPool-41 - Shutdown completed.
2025-05-04 02:56:58.606 [INFO] [restartedMain] [c.g.aigroove.AigrooveApplication] - Starting AigrooveApplication using Java 17.0.15 with PID 17224 (C:\dev\AIGroove_api\aigroove\bin\main started by 문유신 in C:\dev\AIGroove_api\aigroove)
2025-05-04 02:56:58.607 [INFO] [restartedMain] [c.g.aigroove.AigrooveApplication] - No active profile set, falling back to 1 default profile: "default"
2025-05-04 02:56:58.936 [INFO] [restartedMain] [o.s.d.r.c.RepositoryConfigurationDelegate] - Bootstrapping Spring Data JPA repositories in DEFAULT mode.
2025-05-04 02:56:58.984 [INFO] [restartedMain] [o.s.d.r.c.RepositoryConfigurationDelegate] - Finished Spring Data repository scanning in 46 ms. Found 11 JPA repository interfaces.
2025-05-04 02:56:59.078 [INFO] [restartedMain] [o.s.b.w.e.tomcat.TomcatWebServer] - Tomcat initialized with port 8080 (http)
2025-05-04 02:56:59.078 [INFO] [restartedMain] [o.a.coyote.http11.Http11NioProtocol] - Initializing ProtocolHandler ["http-nio-8080"]
2025-05-04 02:56:59.079 [INFO] [restartedMain] [o.a.catalina.core.StandardService] - Starting service [Tomcat]
2025-05-04 02:56:59.079 [INFO] [restartedMain] [o.a.catalina.core.StandardEngine] - Starting Servlet engine: [Apache Tomcat/10.1.39]
2025-05-04 02:56:59.101 [INFO] [restartedMain] [o.a.c.c.C.[Tomcat].[localhost].[/]] - Initializing Spring embedded WebApplicationContext
2025-05-04 02:56:59.101 [INFO] [restartedMain] [o.s.b.w.s.c.ServletWebServerApplicationContext] - Root WebApplicationContext: initialization completed in 492 ms
2025-05-04 02:56:59.124 [INFO] [restartedMain] [o.h.jpa.internal.util.LogHelper] - HHH000204: Processing PersistenceUnitInfo [name: default]
2025-05-04 02:56:59.130 [INFO] [restartedMain] [o.h.c.i.RegionFactoryInitiator] - HHH000026: Second-level cache disabled
2025-05-04 02:56:59.141 [INFO] [restartedMain] [o.s.o.j.p.SpringPersistenceUnitInfo] - No LoadTimeWeaver setup: ignoring JPA class transformer
2025-05-04 02:56:59.143 [INFO] [restartedMain] [com.zaxxer.hikari.HikariDataSource] - HikariPool-42 - Starting...
2025-05-04 02:56:59.145 [INFO] [restartedMain] [com.zaxxer.hikari.pool.HikariPool] - HikariPool-42 - Added connection org.mariadb.jdbc.MariaDbConnection@21ce5ce2
2025-05-04 02:56:59.146 [INFO] [restartedMain] [com.zaxxer.hikari.HikariDataSource] - HikariPool-42 - Start completed.
2025-05-04 02:56:59.147 [INFO] [restartedMain] [o.hibernate.orm.connections.pooling] - HHH10001005: Database info:
	Database JDBC URL [Connecting through datasource 'HikariDataSource (HikariPool-42)']
	Database driver: undefined/unknown
	Database version: 11.7.2
	Autocommit mode: undefined/unknown
	Isolation level: undefined/unknown
	Minimum pool size: undefined/unknown
	Maximum pool size: undefined/unknown
2025-05-04 02:56:59.253 [INFO] [restartedMain] [o.h.e.t.j.p.i.JtaPlatformInitiator] - HHH000489: No JTA platform available (set 'hibernate.transaction.jta.platform' to enable JTA platform integration)
2025-05-04 02:56:59.281 [INFO] [restartedMain] [o.s.o.j.LocalContainerEntityManagerFactoryBean] - Initialized JPA EntityManagerFactory for persistence unit 'default'
2025-05-04 02:56:59.450 [INFO] [restartedMain] [o.s.s.c.a.a.c.InitializeUserDetailsBeanManagerConfigurer$InitializeUserDetailsManagerConfigurer] - Global AuthenticationManager configured with UserDetailsService bean with name inMemoryUserDetailsManager
2025-05-04 02:56:59.455 [INFO] [restartedMain] [o.s.b.a.w.s.WelcomePageHandlerMapping] - Adding welcome page: class path resource [static/index.html]
2025-05-04 02:56:59.768 [INFO] [restartedMain] [o.s.v.b.OptionalValidatorFactoryBean] - Failed to set up a Bean Validation provider: jakarta.validation.NoProviderFoundException: Unable to create a Configuration, because no Jakarta Bean Validation provider could be found. Add a provider like Hibernate Validator (RI) to your classpath.
2025-05-04 02:56:59.816 [INFO] [restartedMain] [o.s.b.d.a.OptionalLiveReloadServer] - LiveReload server is running on port 35729
2025-05-04 02:56:59.821 [INFO] [restartedMain] [o.a.coyote.http11.Http11NioProtocol] - Starting ProtocolHandler ["http-nio-8080"]
2025-05-04 02:56:59.824 [INFO] [restartedMain] [o.s.b.w.e.tomcat.TomcatWebServer] - Tomcat started on port 8080 (http) with context path '/'
2025-05-04 02:56:59.828 [INFO] [restartedMain] [c.g.aigroove.AigrooveApplication] - Started AigrooveApplication in 1.248 seconds (process running for 6471.508)
2025-05-04 02:56:59.829 [INFO] [restartedMain] [o.s.b.d.a.ConditionEvaluationDeltaLoggingListener] - Condition evaluation unchanged
2025-05-04 03:12:45.352 [INFO] [File Watcher] [o.s.b.d.a.LocalDevToolsAutoConfiguration$RestartingClassPathChangeChangedEventListener] - Restarting due to 2 class path changes (0 additions, 0 deletions, 2 modifications)
2025-05-04 03:12:45.353 [INFO] [Thread-167] [o.s.b.w.e.tomcat.GracefulShutdown] - Commencing graceful shutdown. Waiting for active requests to complete
2025-05-04 03:12:45.354 [INFO] [tomcat-shutdown] [o.a.coyote.http11.Http11NioProtocol] - Pausing ProtocolHandler ["http-nio-8080"]
2025-05-04 03:12:45.462 [INFO] [tomcat-shutdown] [o.s.b.w.e.tomcat.GracefulShutdown] - Graceful shutdown complete
2025-05-04 03:12:45.462 [INFO] [Thread-167] [o.a.coyote.http11.Http11NioProtocol] - Stopping ProtocolHandler ["http-nio-8080"]
2025-05-04 03:12:45.464 [INFO] [Thread-167] [o.s.o.j.LocalContainerEntityManagerFactoryBean] - Closing JPA EntityManagerFactory for persistence unit 'default'
2025-05-04 03:12:45.464 [INFO] [Thread-167] [com.zaxxer.hikari.HikariDataSource] - HikariPool-42 - Shutdown initiated...
2025-05-04 03:12:45.466 [INFO] [Thread-167] [com.zaxxer.hikari.HikariDataSource] - HikariPool-42 - Shutdown completed.
2025-05-04 03:12:45.573 [INFO] [restartedMain] [c.g.aigroove.AigrooveApplication] - Starting AigrooveApplication using Java 17.0.15 with PID 17224 (C:\dev\AIGroove_api\aigroove\bin\main started by 문유신 in C:\dev\AIGroove_api\aigroove)
2025-05-04 03:12:45.574 [INFO] [restartedMain] [c.g.aigroove.AigrooveApplication] - No active profile set, falling back to 1 default profile: "default"
2025-05-04 03:12:45.826 [INFO] [restartedMain] [o.s.d.r.c.RepositoryConfigurationDelegate] - Bootstrapping Spring Data JPA repositories in DEFAULT mode.
2025-05-04 03:12:45.859 [INFO] [restartedMain] [o.s.d.r.c.RepositoryConfigurationDelegate] - Finished Spring Data repository scanning in 32 ms. Found 11 JPA repository interfaces.
2025-05-04 03:12:45.947 [INFO] [restartedMain] [o.s.b.w.e.tomcat.TomcatWebServer] - Tomcat initialized with port 8080 (http)
2025-05-04 03:12:45.947 [INFO] [restartedMain] [o.a.coyote.http11.Http11NioProtocol] - Initializing ProtocolHandler ["http-nio-8080"]
2025-05-04 03:12:45.948 [INFO] [restartedMain] [o.a.catalina.core.StandardService] - Starting service [Tomcat]
2025-05-04 03:12:45.948 [INFO] [restartedMain] [o.a.catalina.core.StandardEngine] - Starting Servlet engine: [Apache Tomcat/10.1.39]
2025-05-04 03:12:45.968 [INFO] [restartedMain] [o.a.c.c.C.[Tomcat].[localhost].[/]] - Initializing Spring embedded WebApplicationContext
2025-05-04 03:12:45.968 [INFO] [restartedMain] [o.s.b.w.s.c.ServletWebServerApplicationContext] - Root WebApplicationContext: initialization completed in 392 ms
2025-05-04 03:12:45.991 [INFO] [restartedMain] [o.h.jpa.internal.util.LogHelper] - HHH000204: Processing PersistenceUnitInfo [name: default]
2025-05-04 03:12:45.995 [INFO] [restartedMain] [o.h.c.i.RegionFactoryInitiator] - HHH000026: Second-level cache disabled
2025-05-04 03:12:46.005 [INFO] [restartedMain] [o.s.o.j.p.SpringPersistenceUnitInfo] - No LoadTimeWeaver setup: ignoring JPA class transformer
2025-05-04 03:12:46.007 [INFO] [restartedMain] [com.zaxxer.hikari.HikariDataSource] - HikariPool-43 - Starting...
2025-05-04 03:12:46.009 [INFO] [restartedMain] [com.zaxxer.hikari.pool.HikariPool] - HikariPool-43 - Added connection org.mariadb.jdbc.MariaDbConnection@53ac033d
2025-05-04 03:12:46.009 [INFO] [restartedMain] [com.zaxxer.hikari.HikariDataSource] - HikariPool-43 - Start completed.
2025-05-04 03:12:46.010 [INFO] [restartedMain] [o.hibernate.orm.connections.pooling] - HHH10001005: Database info:
	Database JDBC URL [Connecting through datasource 'HikariDataSource (HikariPool-43)']
	Database driver: undefined/unknown
	Database version: 11.7.2
	Autocommit mode: undefined/unknown
	Isolation level: undefined/unknown
	Minimum pool size: undefined/unknown
	Maximum pool size: undefined/unknown
2025-05-04 03:12:46.105 [INFO] [restartedMain] [o.h.e.t.j.p.i.JtaPlatformInitiator] - HHH000489: No JTA platform available (set 'hibernate.transaction.jta.platform' to enable JTA platform integration)
2025-05-04 03:12:46.131 [INFO] [restartedMain] [o.s.o.j.LocalContainerEntityManagerFactoryBean] - Initialized JPA EntityManagerFactory for persistence unit 'default'
2025-05-04 03:12:46.272 [INFO] [restartedMain] [o.s.s.c.a.a.c.InitializeUserDetailsBeanManagerConfigurer$InitializeUserDetailsManagerConfigurer] - Global AuthenticationManager configured with UserDetailsService bean with name inMemoryUserDetailsManager
2025-05-04 03:12:46.277 [INFO] [restartedMain] [o.s.b.a.w.s.WelcomePageHandlerMapping] - Adding welcome page: class path resource [static/index.html]
2025-05-04 03:12:46.560 [INFO] [restartedMain] [o.s.v.b.OptionalValidatorFactoryBean] - Failed to set up a Bean Validation provider: jakarta.validation.NoProviderFoundException: Unable to create a Configuration, because no Jakarta Bean Validation provider could be found. Add a provider like Hibernate Validator (RI) to your classpath.
2025-05-04 03:12:46.621 [INFO] [restartedMain] [o.s.b.d.a.OptionalLiveReloadServer] - LiveReload server is running on port 35729
2025-05-04 03:12:46.629 [INFO] [restartedMain] [o.a.coyote.http11.Http11NioProtocol] - Starting ProtocolHandler ["http-nio-8080"]
2025-05-04 03:12:46.632 [INFO] [restartedMain] [o.s.b.w.e.tomcat.TomcatWebServer] - Tomcat started on port 8080 (http) with context path '/'
2025-05-04 03:12:46.636 [INFO] [restartedMain] [c.g.aigroove.AigrooveApplication] - Started AigrooveApplication in 1.088 seconds (process running for 7418.316)
2025-05-04 03:12:46.637 [INFO] [restartedMain] [o.s.b.d.a.ConditionEvaluationDeltaLoggingListener] - Condition evaluation unchanged
2025-05-04 03:15:29.510 [INFO] [File Watcher] [o.s.b.d.a.LocalDevToolsAutoConfiguration$RestartingClassPathChangeChangedEventListener] - Restarting due to 1 class path change (0 additions, 0 deletions, 1 modification)
2025-05-04 03:15:29.512 [INFO] [Thread-171] [o.s.b.w.e.tomcat.GracefulShutdown] - Commencing graceful shutdown. Waiting for active requests to complete
2025-05-04 03:15:29.512 [INFO] [tomcat-shutdown] [o.a.coyote.http11.Http11NioProtocol] - Pausing ProtocolHandler ["http-nio-8080"]
2025-05-04 03:15:29.596 [INFO] [tomcat-shutdown] [o.s.b.w.e.tomcat.GracefulShutdown] - Graceful shutdown complete
2025-05-04 03:15:29.597 [INFO] [Thread-171] [o.a.coyote.http11.Http11NioProtocol] - Stopping ProtocolHandler ["http-nio-8080"]
2025-05-04 03:15:29.598 [INFO] [Thread-171] [o.s.o.j.LocalContainerEntityManagerFactoryBean] - Closing JPA EntityManagerFactory for persistence unit 'default'
2025-05-04 03:15:29.599 [INFO] [Thread-171] [com.zaxxer.hikari.HikariDataSource] - HikariPool-43 - Shutdown initiated...
2025-05-04 03:15:29.601 [INFO] [Thread-171] [com.zaxxer.hikari.HikariDataSource] - HikariPool-43 - Shutdown completed.
2025-05-04 03:15:29.706 [INFO] [restartedMain] [c.g.aigroove.AigrooveApplication] - Starting AigrooveApplication using Java 17.0.15 with PID 17224 (C:\dev\AIGroove_api\aigroove\bin\main started by 문유신 in C:\dev\AIGroove_api\aigroove)
2025-05-04 03:15:29.706 [INFO] [restartedMain] [c.g.aigroove.AigrooveApplication] - No active profile set, falling back to 1 default profile: "default"
2025-05-04 03:15:29.955 [INFO] [restartedMain] [o.s.d.r.c.RepositoryConfigurationDelegate] - Bootstrapping Spring Data JPA repositories in DEFAULT mode.
2025-05-04 03:15:29.987 [INFO] [restartedMain] [o.s.d.r.c.RepositoryConfigurationDelegate] - Finished Spring Data repository scanning in 30 ms. Found 11 JPA repository interfaces.
2025-05-04 03:15:30.059 [INFO] [restartedMain] [o.s.b.w.e.tomcat.TomcatWebServer] - Tomcat initialized with port 8080 (http)
2025-05-04 03:15:30.059 [INFO] [restartedMain] [o.a.coyote.http11.Http11NioProtocol] - Initializing ProtocolHandler ["http-nio-8080"]
2025-05-04 03:15:30.060 [INFO] [restartedMain] [o.a.catalina.core.StandardService] - Starting service [Tomcat]
2025-05-04 03:15:30.060 [INFO] [restartedMain] [o.a.catalina.core.StandardEngine] - Starting Servlet engine: [Apache Tomcat/10.1.39]
2025-05-04 03:15:30.082 [INFO] [restartedMain] [o.a.c.c.C.[Tomcat].[localhost].[/]] - Initializing Spring embedded WebApplicationContext
2025-05-04 03:15:30.082 [INFO] [restartedMain] [o.s.b.w.s.c.ServletWebServerApplicationContext] - Root WebApplicationContext: initialization completed in 374 ms
2025-05-04 03:15:30.102 [INFO] [restartedMain] [o.h.jpa.internal.util.LogHelper] - HHH000204: Processing PersistenceUnitInfo [name: default]
2025-05-04 03:15:30.106 [INFO] [restartedMain] [o.h.c.i.RegionFactoryInitiator] - HHH000026: Second-level cache disabled
2025-05-04 03:15:30.117 [INFO] [restartedMain] [o.s.o.j.p.SpringPersistenceUnitInfo] - No LoadTimeWeaver setup: ignoring JPA class transformer
2025-05-04 03:15:30.118 [INFO] [restartedMain] [com.zaxxer.hikari.HikariDataSource] - HikariPool-44 - Starting...
2025-05-04 03:15:30.120 [INFO] [restartedMain] [com.zaxxer.hikari.pool.HikariPool] - HikariPool-44 - Added connection org.mariadb.jdbc.MariaDbConnection@6c25aa1c
2025-05-04 03:15:30.120 [INFO] [restartedMain] [com.zaxxer.hikari.HikariDataSource] - HikariPool-44 - Start completed.
2025-05-04 03:15:30.121 [INFO] [restartedMain] [o.hibernate.orm.connections.pooling] - HHH10001005: Database info:
	Database JDBC URL [Connecting through datasource 'HikariDataSource (HikariPool-44)']
	Database driver: undefined/unknown
	Database version: 11.7.2
	Autocommit mode: undefined/unknown
	Isolation level: undefined/unknown
	Minimum pool size: undefined/unknown
	Maximum pool size: undefined/unknown
2025-05-04 03:15:30.216 [INFO] [restartedMain] [o.h.e.t.j.p.i.JtaPlatformInitiator] - HHH000489: No JTA platform available (set 'hibernate.transaction.jta.platform' to enable JTA platform integration)
2025-05-04 03:15:30.240 [INFO] [restartedMain] [o.s.o.j.LocalContainerEntityManagerFactoryBean] - Initialized JPA EntityManagerFactory for persistence unit 'default'
2025-05-04 03:15:30.385 [INFO] [restartedMain] [o.s.s.c.a.a.c.InitializeUserDetailsBeanManagerConfigurer$InitializeUserDetailsManagerConfigurer] - Global AuthenticationManager configured with UserDetailsService bean with name inMemoryUserDetailsManager
2025-05-04 03:15:30.390 [INFO] [restartedMain] [o.s.b.a.w.s.WelcomePageHandlerMapping] - Adding welcome page: class path resource [static/index.html]
2025-05-04 03:15:30.642 [INFO] [restartedMain] [o.s.v.b.OptionalValidatorFactoryBean] - Failed to set up a Bean Validation provider: jakarta.validation.NoProviderFoundException: Unable to create a Configuration, because no Jakarta Bean Validation provider could be found. Add a provider like Hibernate Validator (RI) to your classpath.
2025-05-04 03:15:30.688 [INFO] [restartedMain] [o.s.b.d.a.OptionalLiveReloadServer] - LiveReload server is running on port 35729
2025-05-04 03:15:30.693 [INFO] [restartedMain] [o.a.coyote.http11.Http11NioProtocol] - Starting ProtocolHandler ["http-nio-8080"]
2025-05-04 03:15:30.696 [INFO] [restartedMain] [o.s.b.w.e.tomcat.TomcatWebServer] - Tomcat started on port 8080 (http) with context path '/'
2025-05-04 03:15:30.698 [INFO] [restartedMain] [c.g.aigroove.AigrooveApplication] - Started AigrooveApplication in 1.018 seconds (process running for 7582.379)
2025-05-04 03:15:30.699 [INFO] [restartedMain] [o.s.b.d.a.ConditionEvaluationDeltaLoggingListener] - Condition evaluation unchanged
2025-05-04 03:28:31.474 [INFO] [File Watcher] [o.s.b.d.a.LocalDevToolsAutoConfiguration$RestartingClassPathChangeChangedEventListener] - Restarting due to 1 class path change (0 additions, 0 deletions, 1 modification)
2025-05-04 03:28:31.475 [INFO] [Thread-175] [o.s.b.w.e.tomcat.GracefulShutdown] - Commencing graceful shutdown. Waiting for active requests to complete
2025-05-04 03:28:31.476 [INFO] [tomcat-shutdown] [o.a.coyote.http11.Http11NioProtocol] - Pausing ProtocolHandler ["http-nio-8080"]
2025-05-04 03:28:31.565 [INFO] [tomcat-shutdown] [o.s.b.w.e.tomcat.GracefulShutdown] - Graceful shutdown complete
2025-05-04 03:28:31.566 [INFO] [Thread-175] [o.a.coyote.http11.Http11NioProtocol] - Stopping ProtocolHandler ["http-nio-8080"]
2025-05-04 03:28:31.568 [INFO] [Thread-175] [o.s.o.j.LocalContainerEntityManagerFactoryBean] - Closing JPA EntityManagerFactory for persistence unit 'default'
2025-05-04 03:28:31.568 [INFO] [Thread-175] [com.zaxxer.hikari.HikariDataSource] - HikariPool-44 - Shutdown initiated...
2025-05-04 03:28:31.570 [INFO] [Thread-175] [com.zaxxer.hikari.HikariDataSource] - HikariPool-44 - Shutdown completed.
2025-05-04 03:28:31.678 [INFO] [restartedMain] [c.g.aigroove.AigrooveApplication] - Starting AigrooveApplication using Java 17.0.15 with PID 17224 (C:\dev\AIGroove_api\aigroove\bin\main started by 문유신 in C:\dev\AIGroove_api\aigroove)
2025-05-04 03:28:31.678 [INFO] [restartedMain] [c.g.aigroove.AigrooveApplication] - No active profile set, falling back to 1 default profile: "default"
2025-05-04 03:28:31.937 [INFO] [restartedMain] [o.s.d.r.c.RepositoryConfigurationDelegate] - Bootstrapping Spring Data JPA repositories in DEFAULT mode.
2025-05-04 03:28:31.970 [INFO] [restartedMain] [o.s.d.r.c.RepositoryConfigurationDelegate] - Finished Spring Data repository scanning in 32 ms. Found 11 JPA repository interfaces.
2025-05-04 03:28:32.043 [INFO] [restartedMain] [o.s.b.w.e.tomcat.TomcatWebServer] - Tomcat initialized with port 8080 (http)
2025-05-04 03:28:32.043 [INFO] [restartedMain] [o.a.coyote.http11.Http11NioProtocol] - Initializing ProtocolHandler ["http-nio-8080"]
2025-05-04 03:28:32.044 [INFO] [restartedMain] [o.a.catalina.core.StandardService] - Starting service [Tomcat]
2025-05-04 03:28:32.044 [INFO] [restartedMain] [o.a.catalina.core.StandardEngine] - Starting Servlet engine: [Apache Tomcat/10.1.39]
2025-05-04 03:28:32.064 [INFO] [restartedMain] [o.a.c.c.C.[Tomcat].[localhost].[/]] - Initializing Spring embedded WebApplicationContext
2025-05-04 03:28:32.064 [INFO] [restartedMain] [o.s.b.w.s.c.ServletWebServerApplicationContext] - Root WebApplicationContext: initialization completed in 384 ms
2025-05-04 03:28:32.086 [INFO] [restartedMain] [o.h.jpa.internal.util.LogHelper] - HHH000204: Processing PersistenceUnitInfo [name: default]
2025-05-04 03:28:32.091 [INFO] [restartedMain] [o.h.c.i.RegionFactoryInitiator] - HHH000026: Second-level cache disabled
2025-05-04 03:28:32.100 [INFO] [restartedMain] [o.s.o.j.p.SpringPersistenceUnitInfo] - No LoadTimeWeaver setup: ignoring JPA class transformer
2025-05-04 03:28:32.102 [INFO] [restartedMain] [com.zaxxer.hikari.HikariDataSource] - HikariPool-45 - Starting...
2025-05-04 03:28:32.103 [INFO] [restartedMain] [com.zaxxer.hikari.pool.HikariPool] - HikariPool-45 - Added connection org.mariadb.jdbc.MariaDbConnection@bdd918
2025-05-04 03:28:32.104 [INFO] [restartedMain] [com.zaxxer.hikari.HikariDataSource] - HikariPool-45 - Start completed.
2025-05-04 03:28:32.104 [INFO] [restartedMain] [o.hibernate.orm.connections.pooling] - HHH10001005: Database info:
	Database JDBC URL [Connecting through datasource 'HikariDataSource (HikariPool-45)']
	Database driver: undefined/unknown
	Database version: 11.7.2
	Autocommit mode: undefined/unknown
	Isolation level: undefined/unknown
	Minimum pool size: undefined/unknown
	Maximum pool size: undefined/unknown
2025-05-04 03:28:32.196 [INFO] [restartedMain] [o.h.e.t.j.p.i.JtaPlatformInitiator] - HHH000489: No JTA platform available (set 'hibernate.transaction.jta.platform' to enable JTA platform integration)
2025-05-04 03:28:32.219 [INFO] [restartedMain] [o.s.o.j.LocalContainerEntityManagerFactoryBean] - Initialized JPA EntityManagerFactory for persistence unit 'default'
2025-05-04 03:28:32.358 [INFO] [restartedMain] [o.s.s.c.a.a.c.InitializeUserDetailsBeanManagerConfigurer$InitializeUserDetailsManagerConfigurer] - Global AuthenticationManager configured with UserDetailsService bean with name inMemoryUserDetailsManager
2025-05-04 03:28:32.362 [INFO] [restartedMain] [o.s.b.a.w.s.WelcomePageHandlerMapping] - Adding welcome page: class path resource [static/index.html]
2025-05-04 03:28:32.616 [INFO] [restartedMain] [o.s.v.b.OptionalValidatorFactoryBean] - Failed to set up a Bean Validation provider: jakarta.validation.NoProviderFoundException: Unable to create a Configuration, because no Jakarta Bean Validation provider could be found. Add a provider like Hibernate Validator (RI) to your classpath.
2025-05-04 03:28:32.668 [INFO] [restartedMain] [o.s.b.d.a.OptionalLiveReloadServer] - LiveReload server is running on port 35729
2025-05-04 03:28:32.674 [INFO] [restartedMain] [o.a.coyote.http11.Http11NioProtocol] - Starting ProtocolHandler ["http-nio-8080"]
2025-05-04 03:28:32.677 [INFO] [restartedMain] [o.s.b.w.e.tomcat.TomcatWebServer] - Tomcat started on port 8080 (http) with context path '/'
2025-05-04 03:28:32.680 [INFO] [restartedMain] [c.g.aigroove.AigrooveApplication] - Started AigrooveApplication in 1.027 seconds (process running for 8364.36)
2025-05-04 03:28:32.681 [INFO] [restartedMain] [o.s.b.d.a.ConditionEvaluationDeltaLoggingListener] - Condition evaluation unchanged
2025-05-04 03:35:00.987 [INFO] [File Watcher] [o.s.b.d.a.LocalDevToolsAutoConfiguration$RestartingClassPathChangeChangedEventListener] - Restarting due to 1 class path change (0 additions, 0 deletions, 1 modification)
2025-05-04 03:35:00.989 [INFO] [Thread-179] [o.s.b.w.e.tomcat.GracefulShutdown] - Commencing graceful shutdown. Waiting for active requests to complete
2025-05-04 03:35:00.989 [INFO] [tomcat-shutdown] [o.a.coyote.http11.Http11NioProtocol] - Pausing ProtocolHandler ["http-nio-8080"]
2025-05-04 03:35:01.074 [INFO] [tomcat-shutdown] [o.s.b.w.e.tomcat.GracefulShutdown] - Graceful shutdown complete
2025-05-04 03:35:01.074 [INFO] [Thread-179] [o.a.coyote.http11.Http11NioProtocol] - Stopping ProtocolHandler ["http-nio-8080"]
2025-05-04 03:35:01.076 [INFO] [Thread-179] [o.s.o.j.LocalContainerEntityManagerFactoryBean] - Closing JPA EntityManagerFactory for persistence unit 'default'
2025-05-04 03:35:01.076 [INFO] [Thread-179] [com.zaxxer.hikari.HikariDataSource] - HikariPool-45 - Shutdown initiated...
2025-05-04 03:35:01.078 [INFO] [Thread-179] [com.zaxxer.hikari.HikariDataSource] - HikariPool-45 - Shutdown completed.
2025-05-04 03:35:01.185 [INFO] [restartedMain] [c.g.aigroove.AigrooveApplication] - Starting AigrooveApplication using Java 17.0.15 with PID 17224 (C:\dev\AIGroove_api\aigroove\bin\main started by 문유신 in C:\dev\AIGroove_api\aigroove)
2025-05-04 03:35:01.186 [INFO] [restartedMain] [c.g.aigroove.AigrooveApplication] - No active profile set, falling back to 1 default profile: "default"
2025-05-04 03:35:01.440 [INFO] [restartedMain] [o.s.d.r.c.RepositoryConfigurationDelegate] - Bootstrapping Spring Data JPA repositories in DEFAULT mode.
2025-05-04 03:35:01.487 [INFO] [restartedMain] [o.s.d.r.c.RepositoryConfigurationDelegate] - Finished Spring Data repository scanning in 45 ms. Found 11 JPA repository interfaces.
2025-05-04 03:35:01.590 [INFO] [restartedMain] [o.s.b.w.e.tomcat.TomcatWebServer] - Tomcat initialized with port 8080 (http)
2025-05-04 03:35:01.591 [INFO] [restartedMain] [o.a.coyote.http11.Http11NioProtocol] - Initializing ProtocolHandler ["http-nio-8080"]
2025-05-04 03:35:01.591 [INFO] [restartedMain] [o.a.catalina.core.StandardService] - Starting service [Tomcat]
2025-05-04 03:35:01.591 [INFO] [restartedMain] [o.a.catalina.core.StandardEngine] - Starting Servlet engine: [Apache Tomcat/10.1.39]
2025-05-04 03:35:01.612 [INFO] [restartedMain] [o.a.c.c.C.[Tomcat].[localhost].[/]] - Initializing Spring embedded WebApplicationContext
2025-05-04 03:35:01.612 [INFO] [restartedMain] [o.s.b.w.s.c.ServletWebServerApplicationContext] - Root WebApplicationContext: initialization completed in 424 ms
2025-05-04 03:35:01.637 [INFO] [restartedMain] [o.h.jpa.internal.util.LogHelper] - HHH000204: Processing PersistenceUnitInfo [name: default]
2025-05-04 03:35:01.641 [INFO] [restartedMain] [o.h.c.i.RegionFactoryInitiator] - HHH000026: Second-level cache disabled
2025-05-04 03:35:01.651 [INFO] [restartedMain] [o.s.o.j.p.SpringPersistenceUnitInfo] - No LoadTimeWeaver setup: ignoring JPA class transformer
2025-05-04 03:35:01.653 [INFO] [restartedMain] [com.zaxxer.hikari.HikariDataSource] - HikariPool-46 - Starting...
2025-05-04 03:35:01.655 [INFO] [restartedMain] [com.zaxxer.hikari.pool.HikariPool] - HikariPool-46 - Added connection org.mariadb.jdbc.MariaDbConnection@49232170
2025-05-04 03:35:01.655 [INFO] [restartedMain] [com.zaxxer.hikari.HikariDataSource] - HikariPool-46 - Start completed.
2025-05-04 03:35:01.656 [INFO] [restartedMain] [o.hibernate.orm.connections.pooling] - HHH10001005: Database info:
	Database JDBC URL [Connecting through datasource 'HikariDataSource (HikariPool-46)']
	Database driver: undefined/unknown
	Database version: 11.7.2
	Autocommit mode: undefined/unknown
	Isolation level: undefined/unknown
	Minimum pool size: undefined/unknown
	Maximum pool size: undefined/unknown
2025-05-04 03:35:01.761 [INFO] [restartedMain] [o.h.e.t.j.p.i.JtaPlatformInitiator] - HHH000489: No JTA platform available (set 'hibernate.transaction.jta.platform' to enable JTA platform integration)
2025-05-04 03:35:01.787 [INFO] [restartedMain] [o.s.o.j.LocalContainerEntityManagerFactoryBean] - Initialized JPA EntityManagerFactory for persistence unit 'default'
2025-05-04 03:35:01.859 [INFO] [restartedMain] [o.s.o.j.LocalContainerEntityManagerFactoryBean] - Closing JPA EntityManagerFactory for persistence unit 'default'
2025-05-04 03:35:01.860 [INFO] [restartedMain] [com.zaxxer.hikari.HikariDataSource] - HikariPool-46 - Shutdown initiated...
2025-05-04 03:35:01.876 [INFO] [restartedMain] [com.zaxxer.hikari.HikariDataSource] - HikariPool-46 - Shutdown completed.
2025-05-04 03:35:01.877 [INFO] [restartedMain] [o.a.catalina.core.StandardService] - Stopping service [Tomcat]
2025-05-04 03:35:01.884 [INFO] [restartedMain] [o.s.b.a.l.ConditionEvaluationReportLogger] - 

Error starting ApplicationContext. To display the condition evaluation report re-run your application with 'debug' enabled.
2025-05-04 03:35:52.219 [INFO] [restartedMain] [c.g.aigroove.AigrooveApplication] - Starting AigrooveApplication using Java 17.0.15 with PID 17224 (C:\dev\AIGroove_api\aigroove\bin\main started by 문유신 in C:\dev\AIGroove_api\aigroove)
2025-05-04 03:35:52.220 [INFO] [restartedMain] [c.g.aigroove.AigrooveApplication] - No active profile set, falling back to 1 default profile: "default"
2025-05-04 03:35:52.471 [INFO] [restartedMain] [o.s.d.r.c.RepositoryConfigurationDelegate] - Bootstrapping Spring Data JPA repositories in DEFAULT mode.
2025-05-04 03:35:52.511 [INFO] [restartedMain] [o.s.d.r.c.RepositoryConfigurationDelegate] - Finished Spring Data repository scanning in 38 ms. Found 11 JPA repository interfaces.
2025-05-04 03:35:52.602 [INFO] [restartedMain] [o.s.b.w.e.tomcat.TomcatWebServer] - Tomcat initialized with port 8080 (http)
2025-05-04 03:35:52.604 [INFO] [restartedMain] [o.a.coyote.http11.Http11NioProtocol] - Initializing ProtocolHandler ["http-nio-8080"]
2025-05-04 03:35:52.605 [INFO] [restartedMain] [o.a.catalina.core.StandardService] - Starting service [Tomcat]
2025-05-04 03:35:52.605 [INFO] [restartedMain] [o.a.catalina.core.StandardEngine] - Starting Servlet engine: [Apache Tomcat/10.1.39]
2025-05-04 03:35:52.627 [INFO] [restartedMain] [o.a.c.c.C.[Tomcat-1].[localhost].[/]] - Initializing Spring embedded WebApplicationContext
2025-05-04 03:35:52.627 [INFO] [restartedMain] [o.s.b.w.s.c.ServletWebServerApplicationContext] - Root WebApplicationContext: initialization completed in 405 ms
2025-05-04 03:35:52.648 [INFO] [restartedMain] [o.h.jpa.internal.util.LogHelper] - HHH000204: Processing PersistenceUnitInfo [name: default]
2025-05-04 03:35:52.653 [INFO] [restartedMain] [o.h.c.i.RegionFactoryInitiator] - HHH000026: Second-level cache disabled
2025-05-04 03:35:52.664 [INFO] [restartedMain] [o.s.o.j.p.SpringPersistenceUnitInfo] - No LoadTimeWeaver setup: ignoring JPA class transformer
2025-05-04 03:35:52.665 [INFO] [restartedMain] [com.zaxxer.hikari.HikariDataSource] - HikariPool-47 - Starting...
2025-05-04 03:35:52.667 [INFO] [restartedMain] [com.zaxxer.hikari.pool.HikariPool] - HikariPool-47 - Added connection org.mariadb.jdbc.MariaDbConnection@6c473c8b
2025-05-04 03:35:52.668 [INFO] [restartedMain] [com.zaxxer.hikari.HikariDataSource] - HikariPool-47 - Start completed.
2025-05-04 03:35:52.668 [INFO] [restartedMain] [o.hibernate.orm.connections.pooling] - HHH10001005: Database info:
	Database JDBC URL [Connecting through datasource 'HikariDataSource (HikariPool-47)']
	Database driver: undefined/unknown
	Database version: 11.7.2
	Autocommit mode: undefined/unknown
	Isolation level: undefined/unknown
	Minimum pool size: undefined/unknown
	Maximum pool size: undefined/unknown
2025-05-04 03:35:52.764 [INFO] [restartedMain] [o.h.e.t.j.p.i.JtaPlatformInitiator] - HHH000489: No JTA platform available (set 'hibernate.transaction.jta.platform' to enable JTA platform integration)
2025-05-04 03:35:52.791 [INFO] [restartedMain] [o.s.o.j.LocalContainerEntityManagerFactoryBean] - Initialized JPA EntityManagerFactory for persistence unit 'default'
2025-05-04 03:35:52.855 [INFO] [restartedMain] [o.s.o.j.LocalContainerEntityManagerFactoryBean] - Closing JPA EntityManagerFactory for persistence unit 'default'
2025-05-04 03:35:52.856 [INFO] [restartedMain] [com.zaxxer.hikari.HikariDataSource] - HikariPool-47 - Shutdown initiated...
2025-05-04 03:35:52.897 [INFO] [restartedMain] [com.zaxxer.hikari.HikariDataSource] - HikariPool-47 - Shutdown completed.
2025-05-04 03:35:52.898 [INFO] [restartedMain] [o.a.catalina.core.StandardService] - Stopping service [Tomcat]
2025-05-04 03:35:52.903 [INFO] [restartedMain] [o.s.b.a.l.ConditionEvaluationReportLogger] - 

Error starting ApplicationContext. To display the condition evaluation report re-run your application with 'debug' enabled.
2025-05-04 03:36:31.697 [INFO] [restartedMain] [c.g.aigroove.AigrooveApplication] - Starting AigrooveApplication using Java 17.0.15 with PID 17224 (C:\dev\AIGroove_api\aigroove\bin\main started by 문유신 in C:\dev\AIGroove_api\aigroove)
2025-05-04 03:36:31.698 [INFO] [restartedMain] [c.g.aigroove.AigrooveApplication] - No active profile set, falling back to 1 default profile: "default"
2025-05-04 03:36:31.975 [INFO] [restartedMain] [o.s.d.r.c.RepositoryConfigurationDelegate] - Bootstrapping Spring Data JPA repositories in DEFAULT mode.
2025-05-04 03:36:32.010 [INFO] [restartedMain] [o.s.d.r.c.RepositoryConfigurationDelegate] - Finished Spring Data repository scanning in 33 ms. Found 11 JPA repository interfaces.
2025-05-04 03:36:32.084 [INFO] [restartedMain] [o.s.b.w.e.tomcat.TomcatWebServer] - Tomcat initialized with port 8080 (http)
2025-05-04 03:36:32.085 [INFO] [restartedMain] [o.a.coyote.http11.Http11NioProtocol] - Initializing ProtocolHandler ["http-nio-8080"]
2025-05-04 03:36:32.086 [INFO] [restartedMain] [o.a.catalina.core.StandardService] - Starting service [Tomcat]
2025-05-04 03:36:32.086 [INFO] [restartedMain] [o.a.catalina.core.StandardEngine] - Starting Servlet engine: [Apache Tomcat/10.1.39]
2025-05-04 03:36:32.107 [INFO] [restartedMain] [o.a.c.c.C.[Tomcat-2].[localhost].[/]] - Initializing Spring embedded WebApplicationContext
2025-05-04 03:36:32.107 [INFO] [restartedMain] [o.s.b.w.s.c.ServletWebServerApplicationContext] - Root WebApplicationContext: initialization completed in 407 ms
2025-05-04 03:36:32.133 [INFO] [restartedMain] [o.h.jpa.internal.util.LogHelper] - HHH000204: Processing PersistenceUnitInfo [name: default]
2025-05-04 03:36:32.138 [INFO] [restartedMain] [o.h.c.i.RegionFactoryInitiator] - HHH000026: Second-level cache disabled
2025-05-04 03:36:32.148 [INFO] [restartedMain] [o.s.o.j.p.SpringPersistenceUnitInfo] - No LoadTimeWeaver setup: ignoring JPA class transformer
2025-05-04 03:36:32.150 [INFO] [restartedMain] [com.zaxxer.hikari.HikariDataSource] - HikariPool-48 - Starting...
2025-05-04 03:36:32.152 [INFO] [restartedMain] [com.zaxxer.hikari.pool.HikariPool] - HikariPool-48 - Added connection org.mariadb.jdbc.MariaDbConnection@2a21f40d
2025-05-04 03:36:32.152 [INFO] [restartedMain] [com.zaxxer.hikari.HikariDataSource] - HikariPool-48 - Start completed.
2025-05-04 03:36:32.153 [INFO] [restartedMain] [o.hibernate.orm.connections.pooling] - HHH10001005: Database info:
	Database JDBC URL [Connecting through datasource 'HikariDataSource (HikariPool-48)']
	Database driver: undefined/unknown
	Database version: 11.7.2
	Autocommit mode: undefined/unknown
	Isolation level: undefined/unknown
	Minimum pool size: undefined/unknown
	Maximum pool size: undefined/unknown
2025-05-04 03:36:32.247 [INFO] [restartedMain] [o.h.e.t.j.p.i.JtaPlatformInitiator] - HHH000489: No JTA platform available (set 'hibernate.transaction.jta.platform' to enable JTA platform integration)
2025-05-04 03:36:32.268 [INFO] [restartedMain] [o.s.o.j.LocalContainerEntityManagerFactoryBean] - Initialized JPA EntityManagerFactory for persistence unit 'default'
2025-05-04 03:36:32.338 [INFO] [restartedMain] [o.s.o.j.LocalContainerEntityManagerFactoryBean] - Closing JPA EntityManagerFactory for persistence unit 'default'
2025-05-04 03:36:32.338 [INFO] [restartedMain] [com.zaxxer.hikari.HikariDataSource] - HikariPool-48 - Shutdown initiated...
2025-05-04 03:36:32.351 [INFO] [restartedMain] [com.zaxxer.hikari.HikariDataSource] - HikariPool-48 - Shutdown completed.
2025-05-04 03:36:32.351 [INFO] [restartedMain] [o.a.catalina.core.StandardService] - Stopping service [Tomcat]
2025-05-04 03:36:32.356 [INFO] [restartedMain] [o.s.b.a.l.ConditionEvaluationReportLogger] - 

Error starting ApplicationContext. To display the condition evaluation report re-run your application with 'debug' enabled.
2025-05-04 03:36:41.113 [INFO] [restartedMain] [c.g.aigroove.AigrooveApplication] - Starting AigrooveApplication using Java 17.0.15 with PID 17224 (C:\dev\AIGroove_api\aigroove\bin\main started by 문유신 in C:\dev\AIGroove_api\aigroove)
2025-05-04 03:36:41.114 [INFO] [restartedMain] [c.g.aigroove.AigrooveApplication] - No active profile set, falling back to 1 default profile: "default"
2025-05-04 03:36:41.355 [INFO] [restartedMain] [o.s.d.r.c.RepositoryConfigurationDelegate] - Bootstrapping Spring Data JPA repositories in DEFAULT mode.
2025-05-04 03:36:41.389 [INFO] [restartedMain] [o.s.d.r.c.RepositoryConfigurationDelegate] - Finished Spring Data repository scanning in 33 ms. Found 11 JPA repository interfaces.
2025-05-04 03:36:41.463 [INFO] [restartedMain] [o.s.b.w.e.tomcat.TomcatWebServer] - Tomcat initialized with port 8080 (http)
2025-05-04 03:36:41.464 [INFO] [restartedMain] [o.a.coyote.http11.Http11NioProtocol] - Initializing ProtocolHandler ["http-nio-8080"]
2025-05-04 03:36:41.464 [INFO] [restartedMain] [o.a.catalina.core.StandardService] - Starting service [Tomcat]
2025-05-04 03:36:41.465 [INFO] [restartedMain] [o.a.catalina.core.StandardEngine] - Starting Servlet engine: [Apache Tomcat/10.1.39]
2025-05-04 03:36:41.484 [INFO] [restartedMain] [o.a.c.c.C.[Tomcat-3].[localhost].[/]] - Initializing Spring embedded WebApplicationContext
2025-05-04 03:36:41.484 [INFO] [restartedMain] [o.s.b.w.s.c.ServletWebServerApplicationContext] - Root WebApplicationContext: initialization completed in 368 ms
2025-05-04 03:36:41.507 [INFO] [restartedMain] [o.h.jpa.internal.util.LogHelper] - HHH000204: Processing PersistenceUnitInfo [name: default]
2025-05-04 03:36:41.512 [INFO] [restartedMain] [o.h.c.i.RegionFactoryInitiator] - HHH000026: Second-level cache disabled
2025-05-04 03:36:41.521 [INFO] [restartedMain] [o.s.o.j.p.SpringPersistenceUnitInfo] - No LoadTimeWeaver setup: ignoring JPA class transformer
2025-05-04 03:36:41.523 [INFO] [restartedMain] [com.zaxxer.hikari.HikariDataSource] - HikariPool-49 - Starting...
2025-05-04 03:36:41.525 [INFO] [restartedMain] [com.zaxxer.hikari.pool.HikariPool] - HikariPool-49 - Added connection org.mariadb.jdbc.MariaDbConnection@cb1c93e
2025-05-04 03:36:41.525 [INFO] [restartedMain] [com.zaxxer.hikari.HikariDataSource] - HikariPool-49 - Start completed.
2025-05-04 03:36:41.526 [INFO] [restartedMain] [o.hibernate.orm.connections.pooling] - HHH10001005: Database info:
	Database JDBC URL [Connecting through datasource 'HikariDataSource (HikariPool-49)']
	Database driver: undefined/unknown
	Database version: 11.7.2
	Autocommit mode: undefined/unknown
	Isolation level: undefined/unknown
	Minimum pool size: undefined/unknown
	Maximum pool size: undefined/unknown
2025-05-04 03:36:41.631 [INFO] [restartedMain] [o.h.e.t.j.p.i.JtaPlatformInitiator] - HHH000489: No JTA platform available (set 'hibernate.transaction.jta.platform' to enable JTA platform integration)
2025-05-04 03:36:41.653 [INFO] [restartedMain] [o.s.o.j.LocalContainerEntityManagerFactoryBean] - Initialized JPA EntityManagerFactory for persistence unit 'default'
2025-05-04 03:36:41.709 [INFO] [restartedMain] [o.s.o.j.LocalContainerEntityManagerFactoryBean] - Closing JPA EntityManagerFactory for persistence unit 'default'
2025-05-04 03:36:41.710 [INFO] [restartedMain] [com.zaxxer.hikari.HikariDataSource] - HikariPool-49 - Shutdown initiated...
2025-05-04 03:36:41.719 [INFO] [restartedMain] [com.zaxxer.hikari.HikariDataSource] - HikariPool-49 - Shutdown completed.
2025-05-04 03:36:41.720 [INFO] [restartedMain] [o.a.catalina.core.StandardService] - Stopping service [Tomcat]
2025-05-04 03:36:41.724 [INFO] [restartedMain] [o.s.b.a.l.ConditionEvaluationReportLogger] - 

Error starting ApplicationContext. To display the condition evaluation report re-run your application with 'debug' enabled.
2025-05-04 03:37:53.887 [INFO] [restartedMain] [c.g.aigroove.AigrooveApplication] - Starting AigrooveApplication using Java 17.0.15 with PID 17224 (C:\dev\AIGroove_api\aigroove\bin\main started by 문유신 in C:\dev\AIGroove_api\aigroove)
2025-05-04 03:37:53.887 [INFO] [restartedMain] [c.g.aigroove.AigrooveApplication] - No active profile set, falling back to 1 default profile: "default"
2025-05-04 03:37:54.162 [INFO] [restartedMain] [o.s.d.r.c.RepositoryConfigurationDelegate] - Bootstrapping Spring Data JPA repositories in DEFAULT mode.
2025-05-04 03:37:54.198 [INFO] [restartedMain] [o.s.d.r.c.RepositoryConfigurationDelegate] - Finished Spring Data repository scanning in 34 ms. Found 11 JPA repository interfaces.
2025-05-04 03:37:54.273 [INFO] [restartedMain] [o.s.b.w.e.tomcat.TomcatWebServer] - Tomcat initialized with port 8080 (http)
2025-05-04 03:37:54.274 [INFO] [restartedMain] [o.a.coyote.http11.Http11NioProtocol] - Initializing ProtocolHandler ["http-nio-8080"]
2025-05-04 03:37:54.274 [INFO] [restartedMain] [o.a.catalina.core.StandardService] - Starting service [Tomcat]
2025-05-04 03:37:54.274 [INFO] [restartedMain] [o.a.catalina.core.StandardEngine] - Starting Servlet engine: [Apache Tomcat/10.1.39]
2025-05-04 03:37:54.295 [INFO] [restartedMain] [o.a.c.c.C.[Tomcat-4].[localhost].[/]] - Initializing Spring embedded WebApplicationContext
2025-05-04 03:37:54.295 [INFO] [restartedMain] [o.s.b.w.s.c.ServletWebServerApplicationContext] - Root WebApplicationContext: initialization completed in 404 ms
2025-05-04 03:37:54.317 [INFO] [restartedMain] [o.h.jpa.internal.util.LogHelper] - HHH000204: Processing PersistenceUnitInfo [name: default]
2025-05-04 03:37:54.321 [INFO] [restartedMain] [o.h.c.i.RegionFactoryInitiator] - HHH000026: Second-level cache disabled
2025-05-04 03:37:54.331 [INFO] [restartedMain] [o.s.o.j.p.SpringPersistenceUnitInfo] - No LoadTimeWeaver setup: ignoring JPA class transformer
2025-05-04 03:37:54.332 [INFO] [restartedMain] [com.zaxxer.hikari.HikariDataSource] - HikariPool-50 - Starting...
2025-05-04 03:37:54.334 [INFO] [restartedMain] [com.zaxxer.hikari.pool.HikariPool] - HikariPool-50 - Added connection org.mariadb.jdbc.MariaDbConnection@dc4164a
2025-05-04 03:37:54.334 [INFO] [restartedMain] [com.zaxxer.hikari.HikariDataSource] - HikariPool-50 - Start completed.
2025-05-04 03:37:54.335 [INFO] [restartedMain] [o.hibernate.orm.connections.pooling] - HHH10001005: Database info:
	Database JDBC URL [Connecting through datasource 'HikariDataSource (HikariPool-50)']
	Database driver: undefined/unknown
	Database version: 11.7.2
	Autocommit mode: undefined/unknown
	Isolation level: undefined/unknown
	Minimum pool size: undefined/unknown
	Maximum pool size: undefined/unknown
2025-05-04 03:37:54.439 [INFO] [restartedMain] [o.h.e.t.j.p.i.JtaPlatformInitiator] - HHH000489: No JTA platform available (set 'hibernate.transaction.jta.platform' to enable JTA platform integration)
2025-05-04 03:37:54.471 [INFO] [restartedMain] [o.s.o.j.LocalContainerEntityManagerFactoryBean] - Initialized JPA EntityManagerFactory for persistence unit 'default'
2025-05-04 03:37:54.634 [INFO] [restartedMain] [o.s.s.c.a.a.c.InitializeUserDetailsBeanManagerConfigurer$InitializeUserDetailsManagerConfigurer] - Global AuthenticationManager configured with UserDetailsService bean with name inMemoryUserDetailsManager
2025-05-04 03:37:54.641 [INFO] [restartedMain] [o.s.b.a.w.s.WelcomePageHandlerMapping] - Adding welcome page: class path resource [static/index.html]
2025-05-04 03:37:54.911 [INFO] [restartedMain] [o.s.v.b.OptionalValidatorFactoryBean] - Failed to set up a Bean Validation provider: jakarta.validation.NoProviderFoundException: Unable to create a Configuration, because no Jakarta Bean Validation provider could be found. Add a provider like Hibernate Validator (RI) to your classpath.
2025-05-04 03:37:54.960 [INFO] [restartedMain] [o.s.b.d.a.OptionalLiveReloadServer] - LiveReload server is running on port 35729
2025-05-04 03:37:54.966 [INFO] [restartedMain] [o.a.coyote.http11.Http11NioProtocol] - Starting ProtocolHandler ["http-nio-8080"]
2025-05-04 03:37:54.970 [INFO] [restartedMain] [o.s.b.w.e.tomcat.TomcatWebServer] - Tomcat started on port 8080 (http) with context path '/'
2025-05-04 03:37:54.973 [INFO] [restartedMain] [c.g.aigroove.AigrooveApplication] - Started AigrooveApplication in 1.114 seconds (process running for 8926.653)
2025-05-04 03:37:54.973 [INFO] [restartedMain] [o.s.b.d.a.ConditionEvaluationDeltaLoggingListener] - Condition evaluation unchanged
2025-05-04 03:42:18.020 [INFO] [File Watcher] [o.s.b.d.a.LocalDevToolsAutoConfiguration$RestartingClassPathChangeChangedEventListener] - Restarting due to 2 class path changes (0 additions, 0 deletions, 2 modifications)
2025-05-04 03:42:18.021 [INFO] [Thread-183] [o.s.b.w.e.tomcat.GracefulShutdown] - Commencing graceful shutdown. Waiting for active requests to complete
2025-05-04 03:42:18.022 [INFO] [tomcat-shutdown] [o.a.coyote.http11.Http11NioProtocol] - Pausing ProtocolHandler ["http-nio-8080"]
2025-05-04 03:42:18.103 [INFO] [tomcat-shutdown] [o.s.b.w.e.tomcat.GracefulShutdown] - Graceful shutdown complete
2025-05-04 03:42:18.103 [INFO] [Thread-183] [o.a.coyote.http11.Http11NioProtocol] - Stopping ProtocolHandler ["http-nio-8080"]
2025-05-04 03:42:18.105 [INFO] [Thread-183] [o.s.o.j.LocalContainerEntityManagerFactoryBean] - Closing JPA EntityManagerFactory for persistence unit 'default'
2025-05-04 03:42:18.105 [INFO] [Thread-183] [com.zaxxer.hikari.HikariDataSource] - HikariPool-50 - Shutdown initiated...
2025-05-04 03:42:18.107 [INFO] [Thread-183] [com.zaxxer.hikari.HikariDataSource] - HikariPool-50 - Shutdown completed.
2025-05-04 03:42:18.230 [INFO] [restartedMain] [c.g.aigroove.AigrooveApplication] - Starting AigrooveApplication using Java 17.0.15 with PID 17224 (C:\dev\AIGroove_api\aigroove\bin\main started by 문유신 in C:\dev\AIGroove_api\aigroove)
2025-05-04 03:42:18.230 [INFO] [restartedMain] [c.g.aigroove.AigrooveApplication] - No active profile set, falling back to 1 default profile: "default"
2025-05-04 03:42:18.534 [INFO] [restartedMain] [o.s.d.r.c.RepositoryConfigurationDelegate] - Bootstrapping Spring Data JPA repositories in DEFAULT mode.
2025-05-04 03:42:18.565 [INFO] [restartedMain] [o.s.d.r.c.RepositoryConfigurationDelegate] - Finished Spring Data repository scanning in 29 ms. Found 11 JPA repository interfaces.
2025-05-04 03:42:18.643 [INFO] [restartedMain] [o.s.b.w.e.tomcat.TomcatWebServer] - Tomcat initialized with port 8080 (http)
2025-05-04 03:42:18.644 [INFO] [restartedMain] [o.a.coyote.http11.Http11NioProtocol] - Initializing ProtocolHandler ["http-nio-8080"]
2025-05-04 03:42:18.644 [INFO] [restartedMain] [o.a.catalina.core.StandardService] - Starting service [Tomcat]
2025-05-04 03:42:18.644 [INFO] [restartedMain] [o.a.catalina.core.StandardEngine] - Starting Servlet engine: [Apache Tomcat/10.1.39]
2025-05-04 03:42:18.664 [INFO] [restartedMain] [o.a.c.c.C.[Tomcat-4].[localhost].[/]] - Initializing Spring embedded WebApplicationContext
2025-05-04 03:42:18.664 [INFO] [restartedMain] [o.s.b.w.s.c.ServletWebServerApplicationContext] - Root WebApplicationContext: initialization completed in 431 ms
2025-05-04 03:42:18.686 [INFO] [restartedMain] [o.h.jpa.internal.util.LogHelper] - HHH000204: Processing PersistenceUnitInfo [name: default]
2025-05-04 03:42:18.692 [INFO] [restartedMain] [o.h.c.i.RegionFactoryInitiator] - HHH000026: Second-level cache disabled
2025-05-04 03:42:18.704 [INFO] [restartedMain] [o.s.o.j.p.SpringPersistenceUnitInfo] - No LoadTimeWeaver setup: ignoring JPA class transformer
2025-05-04 03:42:18.706 [INFO] [restartedMain] [com.zaxxer.hikari.HikariDataSource] - HikariPool-51 - Starting...
2025-05-04 03:42:18.708 [INFO] [restartedMain] [com.zaxxer.hikari.pool.HikariPool] - HikariPool-51 - Added connection org.mariadb.jdbc.MariaDbConnection@ad1f99
2025-05-04 03:42:18.708 [INFO] [restartedMain] [com.zaxxer.hikari.HikariDataSource] - HikariPool-51 - Start completed.
2025-05-04 03:42:18.710 [INFO] [restartedMain] [o.hibernate.orm.connections.pooling] - HHH10001005: Database info:
	Database JDBC URL [Connecting through datasource 'HikariDataSource (HikariPool-51)']
	Database driver: undefined/unknown
	Database version: 11.7.2
	Autocommit mode: undefined/unknown
	Isolation level: undefined/unknown
	Minimum pool size: undefined/unknown
	Maximum pool size: undefined/unknown
2025-05-04 03:42:18.841 [INFO] [restartedMain] [o.h.e.t.j.p.i.JtaPlatformInitiator] - HHH000489: No JTA platform available (set 'hibernate.transaction.jta.platform' to enable JTA platform integration)
2025-05-04 03:42:18.866 [INFO] [restartedMain] [o.s.o.j.LocalContainerEntityManagerFactoryBean] - Initialized JPA EntityManagerFactory for persistence unit 'default'
2025-05-04 03:42:19.021 [INFO] [restartedMain] [o.s.s.c.a.a.c.InitializeUserDetailsBeanManagerConfigurer$InitializeUserDetailsManagerConfigurer] - Global AuthenticationManager configured with UserDetailsService bean with name inMemoryUserDetailsManager
2025-05-04 03:42:19.029 [INFO] [restartedMain] [o.s.b.a.w.s.WelcomePageHandlerMapping] - Adding welcome page: class path resource [static/index.html]
2025-05-04 03:42:19.315 [INFO] [restartedMain] [o.s.v.b.OptionalValidatorFactoryBean] - Failed to set up a Bean Validation provider: jakarta.validation.NoProviderFoundException: Unable to create a Configuration, because no Jakarta Bean Validation provider could be found. Add a provider like Hibernate Validator (RI) to your classpath.
2025-05-04 03:42:19.384 [INFO] [restartedMain] [o.s.b.d.a.OptionalLiveReloadServer] - LiveReload server is running on port 35729
2025-05-04 03:42:19.397 [INFO] [restartedMain] [o.a.coyote.http11.Http11NioProtocol] - Starting ProtocolHandler ["http-nio-8080"]
2025-05-04 03:42:19.402 [INFO] [restartedMain] [o.s.b.w.e.tomcat.TomcatWebServer] - Tomcat started on port 8080 (http) with context path '/'
2025-05-04 03:42:19.405 [INFO] [restartedMain] [c.g.aigroove.AigrooveApplication] - Started AigrooveApplication in 1.208 seconds (process running for 9191.086)
2025-05-04 03:42:19.407 [INFO] [restartedMain] [o.s.b.d.a.ConditionEvaluationDeltaLoggingListener] - Condition evaluation unchanged
2025-05-04 03:42:33.276 [INFO] [File Watcher] [o.s.b.d.a.LocalDevToolsAutoConfiguration$RestartingClassPathChangeChangedEventListener] - Restarting due to 1 class path change (0 additions, 0 deletions, 1 modification)
2025-05-04 03:42:33.284 [INFO] [Thread-199] [o.s.b.w.e.tomcat.GracefulShutdown] - Commencing graceful shutdown. Waiting for active requests to complete
2025-05-04 03:42:33.286 [INFO] [tomcat-shutdown] [o.a.coyote.http11.Http11NioProtocol] - Pausing ProtocolHandler ["http-nio-8080"]
2025-05-04 03:42:33.386 [INFO] [tomcat-shutdown] [o.s.b.w.e.tomcat.GracefulShutdown] - Graceful shutdown complete
2025-05-04 03:42:33.386 [INFO] [Thread-199] [o.a.coyote.http11.Http11NioProtocol] - Stopping ProtocolHandler ["http-nio-8080"]
2025-05-04 03:42:33.388 [INFO] [Thread-199] [o.s.o.j.LocalContainerEntityManagerFactoryBean] - Closing JPA EntityManagerFactory for persistence unit 'default'
2025-05-04 03:42:33.388 [INFO] [Thread-199] [com.zaxxer.hikari.HikariDataSource] - HikariPool-51 - Shutdown initiated...
2025-05-04 03:42:33.390 [INFO] [Thread-199] [com.zaxxer.hikari.HikariDataSource] - HikariPool-51 - Shutdown completed.
2025-05-04 03:42:33.505 [INFO] [restartedMain] [c.g.aigroove.AigrooveApplication] - Starting AigrooveApplication using Java 17.0.15 with PID 17224 (C:\dev\AIGroove_api\aigroove\bin\main started by 문유신 in C:\dev\AIGroove_api\aigroove)
2025-05-04 03:42:33.505 [INFO] [restartedMain] [c.g.aigroove.AigrooveApplication] - No active profile set, falling back to 1 default profile: "default"
2025-05-04 03:42:33.750 [INFO] [restartedMain] [o.s.d.r.c.RepositoryConfigurationDelegate] - Bootstrapping Spring Data JPA repositories in DEFAULT mode.
2025-05-04 03:42:33.781 [INFO] [restartedMain] [o.s.d.r.c.RepositoryConfigurationDelegate] - Finished Spring Data repository scanning in 29 ms. Found 11 JPA repository interfaces.
2025-05-04 03:42:33.858 [INFO] [restartedMain] [o.s.b.w.e.tomcat.TomcatWebServer] - Tomcat initialized with port 8080 (http)
2025-05-04 03:42:33.859 [INFO] [restartedMain] [o.a.coyote.http11.Http11NioProtocol] - Initializing ProtocolHandler ["http-nio-8080"]
2025-05-04 03:42:33.859 [INFO] [restartedMain] [o.a.catalina.core.StandardService] - Starting service [Tomcat]
2025-05-04 03:42:33.859 [INFO] [restartedMain] [o.a.catalina.core.StandardEngine] - Starting Servlet engine: [Apache Tomcat/10.1.39]
2025-05-04 03:42:33.879 [INFO] [restartedMain] [o.a.c.c.C.[Tomcat-4].[localhost].[/]] - Initializing Spring embedded WebApplicationContext
2025-05-04 03:42:33.879 [INFO] [restartedMain] [o.s.b.w.s.c.ServletWebServerApplicationContext] - Root WebApplicationContext: initialization completed in 371 ms
2025-05-04 03:42:33.900 [INFO] [restartedMain] [o.h.jpa.internal.util.LogHelper] - HHH000204: Processing PersistenceUnitInfo [name: default]
2025-05-04 03:42:33.905 [INFO] [restartedMain] [o.h.c.i.RegionFactoryInitiator] - HHH000026: Second-level cache disabled
2025-05-04 03:42:33.915 [INFO] [restartedMain] [o.s.o.j.p.SpringPersistenceUnitInfo] - No LoadTimeWeaver setup: ignoring JPA class transformer
2025-05-04 03:42:33.916 [INFO] [restartedMain] [com.zaxxer.hikari.HikariDataSource] - HikariPool-52 - Starting...
2025-05-04 03:42:33.918 [INFO] [restartedMain] [com.zaxxer.hikari.pool.HikariPool] - HikariPool-52 - Added connection org.mariadb.jdbc.MariaDbConnection@17c6e035
2025-05-04 03:42:33.918 [INFO] [restartedMain] [com.zaxxer.hikari.HikariDataSource] - HikariPool-52 - Start completed.
2025-05-04 03:42:33.919 [INFO] [restartedMain] [o.hibernate.orm.connections.pooling] - HHH10001005: Database info:
	Database JDBC URL [Connecting through datasource 'HikariDataSource (HikariPool-52)']
	Database driver: undefined/unknown
	Database version: 11.7.2
	Autocommit mode: undefined/unknown
	Isolation level: undefined/unknown
	Minimum pool size: undefined/unknown
	Maximum pool size: undefined/unknown
2025-05-04 03:42:34.019 [INFO] [restartedMain] [o.h.e.t.j.p.i.JtaPlatformInitiator] - HHH000489: No JTA platform available (set 'hibernate.transaction.jta.platform' to enable JTA platform integration)
2025-05-04 03:42:34.042 [INFO] [restartedMain] [o.s.o.j.LocalContainerEntityManagerFactoryBean] - Initialized JPA EntityManagerFactory for persistence unit 'default'
2025-05-04 03:42:34.178 [INFO] [restartedMain] [o.s.s.c.a.a.c.InitializeUserDetailsBeanManagerConfigurer$InitializeUserDetailsManagerConfigurer] - Global AuthenticationManager configured with UserDetailsService bean with name inMemoryUserDetailsManager
2025-05-04 03:42:34.184 [INFO] [restartedMain] [o.s.b.a.w.s.WelcomePageHandlerMapping] - Adding welcome page: class path resource [static/index.html]
2025-05-04 03:42:34.522 [INFO] [restartedMain] [o.s.v.b.OptionalValidatorFactoryBean] - Failed to set up a Bean Validation provider: jakarta.validation.NoProviderFoundException: Unable to create a Configuration, because no Jakarta Bean Validation provider could be found. Add a provider like Hibernate Validator (RI) to your classpath.
2025-05-04 03:42:34.599 [INFO] [restartedMain] [o.s.b.d.a.OptionalLiveReloadServer] - LiveReload server is running on port 35729
2025-05-04 03:42:34.605 [INFO] [restartedMain] [o.a.coyote.http11.Http11NioProtocol] - Starting ProtocolHandler ["http-nio-8080"]
2025-05-04 03:42:34.608 [INFO] [restartedMain] [o.s.b.w.e.tomcat.TomcatWebServer] - Tomcat started on port 8080 (http) with context path '/'
2025-05-04 03:42:34.611 [INFO] [restartedMain] [c.g.aigroove.AigrooveApplication] - Started AigrooveApplication in 1.137 seconds (process running for 9206.291)
2025-05-04 03:42:34.611 [INFO] [restartedMain] [o.s.b.d.a.ConditionEvaluationDeltaLoggingListener] - Condition evaluation unchanged
2025-05-04 03:45:16.926 [INFO] [File Watcher] [o.s.b.d.a.LocalDevToolsAutoConfiguration$RestartingClassPathChangeChangedEventListener] - Restarting due to 1 class path change (0 additions, 0 deletions, 1 modification)
2025-05-04 03:45:16.928 [INFO] [Thread-203] [o.s.b.w.e.tomcat.GracefulShutdown] - Commencing graceful shutdown. Waiting for active requests to complete
2025-05-04 03:45:16.928 [INFO] [tomcat-shutdown] [o.a.coyote.http11.Http11NioProtocol] - Pausing ProtocolHandler ["http-nio-8080"]
2025-05-04 03:45:17.010 [INFO] [tomcat-shutdown] [o.s.b.w.e.tomcat.GracefulShutdown] - Graceful shutdown complete
2025-05-04 03:45:17.011 [INFO] [Thread-203] [o.a.coyote.http11.Http11NioProtocol] - Stopping ProtocolHandler ["http-nio-8080"]
2025-05-04 03:45:17.012 [INFO] [Thread-203] [o.s.o.j.LocalContainerEntityManagerFactoryBean] - Closing JPA EntityManagerFactory for persistence unit 'default'
2025-05-04 03:45:17.013 [INFO] [Thread-203] [com.zaxxer.hikari.HikariDataSource] - HikariPool-52 - Shutdown initiated...
2025-05-04 03:45:17.014 [INFO] [Thread-203] [com.zaxxer.hikari.HikariDataSource] - HikariPool-52 - Shutdown completed.
2025-05-04 03:45:17.129 [INFO] [restartedMain] [c.g.aigroove.AigrooveApplication] - Starting AigrooveApplication using Java 17.0.15 with PID 17224 (C:\dev\AIGroove_api\aigroove\bin\main started by 문유신 in C:\dev\AIGroove_api\aigroove)
2025-05-04 03:45:17.129 [INFO] [restartedMain] [c.g.aigroove.AigrooveApplication] - No active profile set, falling back to 1 default profile: "default"
2025-05-04 03:45:17.380 [INFO] [restartedMain] [o.s.d.r.c.RepositoryConfigurationDelegate] - Bootstrapping Spring Data JPA repositories in DEFAULT mode.
2025-05-04 03:45:17.414 [INFO] [restartedMain] [o.s.d.r.c.RepositoryConfigurationDelegate] - Finished Spring Data repository scanning in 32 ms. Found 11 JPA repository interfaces.
2025-05-04 03:45:17.486 [INFO] [restartedMain] [o.s.b.w.e.tomcat.TomcatWebServer] - Tomcat initialized with port 8080 (http)
2025-05-04 03:45:17.487 [INFO] [restartedMain] [o.a.coyote.http11.Http11NioProtocol] - Initializing ProtocolHandler ["http-nio-8080"]
2025-05-04 03:45:17.487 [INFO] [restartedMain] [o.a.catalina.core.StandardService] - Starting service [Tomcat]
2025-05-04 03:45:17.487 [INFO] [restartedMain] [o.a.catalina.core.StandardEngine] - Starting Servlet engine: [Apache Tomcat/10.1.39]
2025-05-04 03:45:17.507 [INFO] [restartedMain] [o.a.c.c.C.[Tomcat-4].[localhost].[/]] - Initializing Spring embedded WebApplicationContext
2025-05-04 03:45:17.508 [INFO] [restartedMain] [o.s.b.w.s.c.ServletWebServerApplicationContext] - Root WebApplicationContext: initialization completed in 377 ms
2025-05-04 03:45:17.529 [INFO] [restartedMain] [o.h.jpa.internal.util.LogHelper] - HHH000204: Processing PersistenceUnitInfo [name: default]
2025-05-04 03:45:17.535 [INFO] [restartedMain] [o.h.c.i.RegionFactoryInitiator] - HHH000026: Second-level cache disabled
2025-05-04 03:45:17.546 [INFO] [restartedMain] [o.s.o.j.p.SpringPersistenceUnitInfo] - No LoadTimeWeaver setup: ignoring JPA class transformer
2025-05-04 03:45:17.547 [INFO] [restartedMain] [com.zaxxer.hikari.HikariDataSource] - HikariPool-53 - Starting...
2025-05-04 03:45:17.549 [INFO] [restartedMain] [com.zaxxer.hikari.pool.HikariPool] - HikariPool-53 - Added connection org.mariadb.jdbc.MariaDbConnection@18982ff7
2025-05-04 03:45:17.549 [INFO] [restartedMain] [com.zaxxer.hikari.HikariDataSource] - HikariPool-53 - Start completed.
2025-05-04 03:45:17.550 [INFO] [restartedMain] [o.hibernate.orm.connections.pooling] - HHH10001005: Database info:
	Database JDBC URL [Connecting through datasource 'HikariDataSource (HikariPool-53)']
	Database driver: undefined/unknown
	Database version: 11.7.2
	Autocommit mode: undefined/unknown
	Isolation level: undefined/unknown
	Minimum pool size: undefined/unknown
	Maximum pool size: undefined/unknown
2025-05-04 03:45:17.643 [INFO] [restartedMain] [o.h.e.t.j.p.i.JtaPlatformInitiator] - HHH000489: No JTA platform available (set 'hibernate.transaction.jta.platform' to enable JTA platform integration)
2025-05-04 03:45:17.663 [INFO] [restartedMain] [o.s.o.j.LocalContainerEntityManagerFactoryBean] - Initialized JPA EntityManagerFactory for persistence unit 'default'
2025-05-04 03:45:17.806 [INFO] [restartedMain] [o.s.s.c.a.a.c.InitializeUserDetailsBeanManagerConfigurer$InitializeUserDetailsManagerConfigurer] - Global AuthenticationManager configured with UserDetailsService bean with name inMemoryUserDetailsManager
2025-05-04 03:45:17.810 [INFO] [restartedMain] [o.s.b.a.w.s.WelcomePageHandlerMapping] - Adding welcome page: class path resource [static/index.html]
2025-05-04 03:45:18.056 [INFO] [restartedMain] [o.s.v.b.OptionalValidatorFactoryBean] - Failed to set up a Bean Validation provider: jakarta.validation.NoProviderFoundException: Unable to create a Configuration, because no Jakarta Bean Validation provider could be found. Add a provider like Hibernate Validator (RI) to your classpath.
2025-05-04 03:45:18.104 [INFO] [restartedMain] [o.s.b.d.a.OptionalLiveReloadServer] - LiveReload server is running on port 35729
2025-05-04 03:45:18.110 [INFO] [restartedMain] [o.a.coyote.http11.Http11NioProtocol] - Starting ProtocolHandler ["http-nio-8080"]
2025-05-04 03:45:18.113 [INFO] [restartedMain] [o.s.b.w.e.tomcat.TomcatWebServer] - Tomcat started on port 8080 (http) with context path '/'
2025-05-04 03:45:18.116 [INFO] [restartedMain] [c.g.aigroove.AigrooveApplication] - Started AigrooveApplication in 1.017 seconds (process running for 9369.796)
2025-05-04 03:45:18.116 [INFO] [restartedMain] [o.s.b.d.a.ConditionEvaluationDeltaLoggingListener] - Condition evaluation unchanged
2025-05-04 03:46:05.426 [INFO] [File Watcher] [o.s.b.d.a.LocalDevToolsAutoConfiguration$RestartingClassPathChangeChangedEventListener] - Restarting due to 1 class path change (0 additions, 0 deletions, 1 modification)
2025-05-04 03:46:05.427 [INFO] [Thread-207] [o.s.b.w.e.tomcat.GracefulShutdown] - Commencing graceful shutdown. Waiting for active requests to complete
2025-05-04 03:46:05.427 [INFO] [tomcat-shutdown] [o.a.coyote.http11.Http11NioProtocol] - Pausing ProtocolHandler ["http-nio-8080"]
2025-05-04 03:46:05.510 [INFO] [tomcat-shutdown] [o.s.b.w.e.tomcat.GracefulShutdown] - Graceful shutdown complete
2025-05-04 03:46:05.510 [INFO] [Thread-207] [o.a.coyote.http11.Http11NioProtocol] - Stopping ProtocolHandler ["http-nio-8080"]
2025-05-04 03:46:05.512 [INFO] [Thread-207] [o.s.o.j.LocalContainerEntityManagerFactoryBean] - Closing JPA EntityManagerFactory for persistence unit 'default'
2025-05-04 03:46:05.512 [INFO] [Thread-207] [com.zaxxer.hikari.HikariDataSource] - HikariPool-53 - Shutdown initiated...
2025-05-04 03:46:05.514 [INFO] [Thread-207] [com.zaxxer.hikari.HikariDataSource] - HikariPool-53 - Shutdown completed.
2025-05-04 03:46:05.631 [INFO] [restartedMain] [c.g.aigroove.AigrooveApplication] - Starting AigrooveApplication using Java 17.0.15 with PID 17224 (C:\dev\AIGroove_api\aigroove\bin\main started by 문유신 in C:\dev\AIGroove_api\aigroove)
2025-05-04 03:46:05.631 [INFO] [restartedMain] [c.g.aigroove.AigrooveApplication] - No active profile set, falling back to 1 default profile: "default"
2025-05-04 03:46:05.892 [INFO] [restartedMain] [o.s.d.r.c.RepositoryConfigurationDelegate] - Bootstrapping Spring Data JPA repositories in DEFAULT mode.
2025-05-04 03:46:05.926 [INFO] [restartedMain] [o.s.d.r.c.RepositoryConfigurationDelegate] - Finished Spring Data repository scanning in 33 ms. Found 11 JPA repository interfaces.
2025-05-04 03:46:06.005 [INFO] [restartedMain] [o.s.b.w.e.tomcat.TomcatWebServer] - Tomcat initialized with port 8080 (http)
2025-05-04 03:46:06.005 [INFO] [restartedMain] [o.a.coyote.http11.Http11NioProtocol] - Initializing ProtocolHandler ["http-nio-8080"]
2025-05-04 03:46:06.006 [INFO] [restartedMain] [o.a.catalina.core.StandardService] - Starting service [Tomcat]
2025-05-04 03:46:06.006 [INFO] [restartedMain] [o.a.catalina.core.StandardEngine] - Starting Servlet engine: [Apache Tomcat/10.1.39]
2025-05-04 03:46:06.027 [INFO] [restartedMain] [o.a.c.c.C.[Tomcat-4].[localhost].[/]] - Initializing Spring embedded WebApplicationContext
2025-05-04 03:46:06.027 [INFO] [restartedMain] [o.s.b.w.s.c.ServletWebServerApplicationContext] - Root WebApplicationContext: initialization completed in 394 ms
2025-05-04 03:46:06.050 [INFO] [restartedMain] [o.h.jpa.internal.util.LogHelper] - HHH000204: Processing PersistenceUnitInfo [name: default]
2025-05-04 03:46:06.055 [INFO] [restartedMain] [o.h.c.i.RegionFactoryInitiator] - HHH000026: Second-level cache disabled
2025-05-04 03:46:06.065 [INFO] [restartedMain] [o.s.o.j.p.SpringPersistenceUnitInfo] - No LoadTimeWeaver setup: ignoring JPA class transformer
2025-05-04 03:46:06.067 [INFO] [restartedMain] [com.zaxxer.hikari.HikariDataSource] - HikariPool-54 - Starting...
2025-05-04 03:46:06.068 [INFO] [restartedMain] [com.zaxxer.hikari.pool.HikariPool] - HikariPool-54 - Added connection org.mariadb.jdbc.MariaDbConnection@1ecbc031
2025-05-04 03:46:06.069 [INFO] [restartedMain] [com.zaxxer.hikari.HikariDataSource] - HikariPool-54 - Start completed.
2025-05-04 03:46:06.069 [INFO] [restartedMain] [o.hibernate.orm.connections.pooling] - HHH10001005: Database info:
	Database JDBC URL [Connecting through datasource 'HikariDataSource (HikariPool-54)']
	Database driver: undefined/unknown
	Database version: 11.7.2
	Autocommit mode: undefined/unknown
	Isolation level: undefined/unknown
	Minimum pool size: undefined/unknown
	Maximum pool size: undefined/unknown
2025-05-04 03:46:06.177 [INFO] [restartedMain] [o.h.e.t.j.p.i.JtaPlatformInitiator] - HHH000489: No JTA platform available (set 'hibernate.transaction.jta.platform' to enable JTA platform integration)
2025-05-04 03:46:06.203 [INFO] [restartedMain] [o.s.o.j.LocalContainerEntityManagerFactoryBean] - Initialized JPA EntityManagerFactory for persistence unit 'default'
2025-05-04 03:46:06.401 [INFO] [restartedMain] [o.s.s.c.a.a.c.InitializeUserDetailsBeanManagerConfigurer$InitializeUserDetailsManagerConfigurer] - Global AuthenticationManager configured with UserDetailsService bean with name inMemoryUserDetailsManager
2025-05-04 03:46:06.405 [INFO] [restartedMain] [o.s.b.a.w.s.WelcomePageHandlerMapping] - Adding welcome page: class path resource [static/index.html]
2025-05-04 03:46:06.704 [INFO] [restartedMain] [o.s.v.b.OptionalValidatorFactoryBean] - Failed to set up a Bean Validation provider: jakarta.validation.NoProviderFoundException: Unable to create a Configuration, because no Jakarta Bean Validation provider could be found. Add a provider like Hibernate Validator (RI) to your classpath.
2025-05-04 03:46:06.759 [INFO] [restartedMain] [o.s.b.d.a.OptionalLiveReloadServer] - LiveReload server is running on port 35729
2025-05-04 03:46:06.767 [INFO] [restartedMain] [o.a.coyote.http11.Http11NioProtocol] - Starting ProtocolHandler ["http-nio-8080"]
2025-05-04 03:46:06.770 [INFO] [restartedMain] [o.s.b.w.e.tomcat.TomcatWebServer] - Tomcat started on port 8080 (http) with context path '/'
2025-05-04 03:46:06.772 [INFO] [restartedMain] [c.g.aigroove.AigrooveApplication] - Started AigrooveApplication in 1.176 seconds (process running for 9418.452)
2025-05-04 03:46:06.774 [INFO] [restartedMain] [o.s.b.d.a.ConditionEvaluationDeltaLoggingListener] - Condition evaluation unchanged
2025-05-04 03:46:11.303 [INFO] [File Watcher] [o.s.b.d.a.LocalDevToolsAutoConfiguration$RestartingClassPathChangeChangedEventListener] - Restarting due to 1 class path change (0 additions, 0 deletions, 1 modification)
2025-05-04 03:46:11.304 [INFO] [Thread-211] [o.s.b.w.e.tomcat.GracefulShutdown] - Commencing graceful shutdown. Waiting for active requests to complete
2025-05-04 03:46:11.305 [INFO] [tomcat-shutdown] [o.a.coyote.http11.Http11NioProtocol] - Pausing ProtocolHandler ["http-nio-8080"]
2025-05-04 03:46:11.390 [INFO] [tomcat-shutdown] [o.s.b.w.e.tomcat.GracefulShutdown] - Graceful shutdown complete
2025-05-04 03:46:11.391 [INFO] [Thread-211] [o.a.coyote.http11.Http11NioProtocol] - Stopping ProtocolHandler ["http-nio-8080"]
2025-05-04 03:46:11.392 [INFO] [Thread-211] [o.s.o.j.LocalContainerEntityManagerFactoryBean] - Closing JPA EntityManagerFactory for persistence unit 'default'
2025-05-04 03:46:11.393 [INFO] [Thread-211] [com.zaxxer.hikari.HikariDataSource] - HikariPool-54 - Shutdown initiated...
2025-05-04 03:46:11.394 [INFO] [Thread-211] [com.zaxxer.hikari.HikariDataSource] - HikariPool-54 - Shutdown completed.
2025-05-04 03:46:11.505 [INFO] [restartedMain] [c.g.aigroove.AigrooveApplication] - Starting AigrooveApplication using Java 17.0.15 with PID 17224 (C:\dev\AIGroove_api\aigroove\bin\main started by 문유신 in C:\dev\AIGroove_api\aigroove)
2025-05-04 03:46:11.506 [INFO] [restartedMain] [c.g.aigroove.AigrooveApplication] - No active profile set, falling back to 1 default profile: "default"
2025-05-04 03:46:11.769 [INFO] [restartedMain] [o.s.d.r.c.RepositoryConfigurationDelegate] - Bootstrapping Spring Data JPA repositories in DEFAULT mode.
2025-05-04 03:46:11.807 [INFO] [restartedMain] [o.s.d.r.c.RepositoryConfigurationDelegate] - Finished Spring Data repository scanning in 36 ms. Found 11 JPA repository interfaces.
2025-05-04 03:46:11.890 [INFO] [restartedMain] [o.s.b.w.e.tomcat.TomcatWebServer] - Tomcat initialized with port 8080 (http)
2025-05-04 03:46:11.891 [INFO] [restartedMain] [o.a.coyote.http11.Http11NioProtocol] - Initializing ProtocolHandler ["http-nio-8080"]
2025-05-04 03:46:11.891 [INFO] [restartedMain] [o.a.catalina.core.StandardService] - Starting service [Tomcat]
2025-05-04 03:46:11.892 [INFO] [restartedMain] [o.a.catalina.core.StandardEngine] - Starting Servlet engine: [Apache Tomcat/10.1.39]
2025-05-04 03:46:11.912 [INFO] [restartedMain] [o.a.c.c.C.[Tomcat-4].[localhost].[/]] - Initializing Spring embedded WebApplicationContext
2025-05-04 03:46:11.913 [INFO] [restartedMain] [o.s.b.w.s.c.ServletWebServerApplicationContext] - Root WebApplicationContext: initialization completed in 405 ms
2025-05-04 03:46:11.939 [INFO] [restartedMain] [o.h.jpa.internal.util.LogHelper] - HHH000204: Processing PersistenceUnitInfo [name: default]
2025-05-04 03:46:11.944 [INFO] [restartedMain] [o.h.c.i.RegionFactoryInitiator] - HHH000026: Second-level cache disabled
2025-05-04 03:46:11.953 [INFO] [restartedMain] [o.s.o.j.p.SpringPersistenceUnitInfo] - No LoadTimeWeaver setup: ignoring JPA class transformer
2025-05-04 03:46:11.955 [INFO] [restartedMain] [com.zaxxer.hikari.HikariDataSource] - HikariPool-55 - Starting...
2025-05-04 03:46:11.957 [INFO] [restartedMain] [com.zaxxer.hikari.pool.HikariPool] - HikariPool-55 - Added connection org.mariadb.jdbc.MariaDbConnection@14b697c8
2025-05-04 03:46:11.958 [INFO] [restartedMain] [com.zaxxer.hikari.HikariDataSource] - HikariPool-55 - Start completed.
2025-05-04 03:46:11.959 [INFO] [restartedMain] [o.hibernate.orm.connections.pooling] - HHH10001005: Database info:
	Database JDBC URL [Connecting through datasource 'HikariDataSource (HikariPool-55)']
	Database driver: undefined/unknown
	Database version: 11.7.2
	Autocommit mode: undefined/unknown
	Isolation level: undefined/unknown
	Minimum pool size: undefined/unknown
	Maximum pool size: undefined/unknown
2025-05-04 03:46:12.055 [INFO] [restartedMain] [o.h.e.t.j.p.i.JtaPlatformInitiator] - HHH000489: No JTA platform available (set 'hibernate.transaction.jta.platform' to enable JTA platform integration)
2025-05-04 03:46:12.078 [INFO] [restartedMain] [o.s.o.j.LocalContainerEntityManagerFactoryBean] - Initialized JPA EntityManagerFactory for persistence unit 'default'
2025-05-04 03:46:12.221 [INFO] [restartedMain] [o.s.s.c.a.a.c.InitializeUserDetailsBeanManagerConfigurer$InitializeUserDetailsManagerConfigurer] - Global AuthenticationManager configured with UserDetailsService bean with name inMemoryUserDetailsManager
2025-05-04 03:46:12.226 [INFO] [restartedMain] [o.s.b.a.w.s.WelcomePageHandlerMapping] - Adding welcome page: class path resource [static/index.html]
2025-05-04 03:46:12.472 [INFO] [restartedMain] [o.s.v.b.OptionalValidatorFactoryBean] - Failed to set up a Bean Validation provider: jakarta.validation.NoProviderFoundException: Unable to create a Configuration, because no Jakarta Bean Validation provider could be found. Add a provider like Hibernate Validator (RI) to your classpath.
2025-05-04 03:46:12.518 [INFO] [restartedMain] [o.s.b.d.a.OptionalLiveReloadServer] - LiveReload server is running on port 35729
2025-05-04 03:46:12.523 [INFO] [restartedMain] [o.a.coyote.http11.Http11NioProtocol] - Starting ProtocolHandler ["http-nio-8080"]
2025-05-04 03:46:12.526 [INFO] [restartedMain] [o.s.b.w.e.tomcat.TomcatWebServer] - Tomcat started on port 8080 (http) with context path '/'
2025-05-04 03:46:12.529 [INFO] [restartedMain] [c.g.aigroove.AigrooveApplication] - Started AigrooveApplication in 1.053 seconds (process running for 9424.21)
2025-05-04 03:46:12.530 [INFO] [restartedMain] [o.s.b.d.a.ConditionEvaluationDeltaLoggingListener] - Condition evaluation unchanged
2025-05-04 03:46:44.173 [INFO] [File Watcher] [o.s.b.d.a.LocalDevToolsAutoConfiguration$RestartingClassPathChangeChangedEventListener] - Restarting due to 1 class path change (0 additions, 0 deletions, 1 modification)
2025-05-04 03:46:44.174 [INFO] [Thread-215] [o.s.b.w.e.tomcat.GracefulShutdown] - Commencing graceful shutdown. Waiting for active requests to complete
2025-05-04 03:46:44.174 [INFO] [tomcat-shutdown] [o.a.coyote.http11.Http11NioProtocol] - Pausing ProtocolHandler ["http-nio-8080"]
2025-05-04 03:46:44.256 [INFO] [tomcat-shutdown] [o.s.b.w.e.tomcat.GracefulShutdown] - Graceful shutdown complete
2025-05-04 03:46:44.257 [INFO] [Thread-215] [o.a.coyote.http11.Http11NioProtocol] - Stopping ProtocolHandler ["http-nio-8080"]
2025-05-04 03:46:44.258 [INFO] [Thread-215] [o.s.o.j.LocalContainerEntityManagerFactoryBean] - Closing JPA EntityManagerFactory for persistence unit 'default'
2025-05-04 03:46:44.258 [INFO] [Thread-215] [com.zaxxer.hikari.HikariDataSource] - HikariPool-55 - Shutdown initiated...
2025-05-04 03:46:44.260 [INFO] [Thread-215] [com.zaxxer.hikari.HikariDataSource] - HikariPool-55 - Shutdown completed.
2025-05-04 03:46:44.370 [INFO] [restartedMain] [c.g.aigroove.AigrooveApplication] - Starting AigrooveApplication using Java 17.0.15 with PID 17224 (C:\dev\AIGroove_api\aigroove\bin\main started by 문유신 in C:\dev\AIGroove_api\aigroove)
2025-05-04 03:46:44.370 [INFO] [restartedMain] [c.g.aigroove.AigrooveApplication] - No active profile set, falling back to 1 default profile: "default"
2025-05-04 03:46:44.627 [INFO] [restartedMain] [o.s.d.r.c.RepositoryConfigurationDelegate] - Bootstrapping Spring Data JPA repositories in DEFAULT mode.
2025-05-04 03:46:44.659 [INFO] [restartedMain] [o.s.d.r.c.RepositoryConfigurationDelegate] - Finished Spring Data repository scanning in 31 ms. Found 11 JPA repository interfaces.
2025-05-04 03:46:44.735 [INFO] [restartedMain] [o.s.b.w.e.tomcat.TomcatWebServer] - Tomcat initialized with port 8080 (http)
2025-05-04 03:46:44.735 [INFO] [restartedMain] [o.a.coyote.http11.Http11NioProtocol] - Initializing ProtocolHandler ["http-nio-8080"]
2025-05-04 03:46:44.736 [INFO] [restartedMain] [o.a.catalina.core.StandardService] - Starting service [Tomcat]
2025-05-04 03:46:44.736 [INFO] [restartedMain] [o.a.catalina.core.StandardEngine] - Starting Servlet engine: [Apache Tomcat/10.1.39]
2025-05-04 03:46:44.756 [INFO] [restartedMain] [o.a.c.c.C.[Tomcat-4].[localhost].[/]] - Initializing Spring embedded WebApplicationContext
2025-05-04 03:46:44.756 [INFO] [restartedMain] [o.s.b.w.s.c.ServletWebServerApplicationContext] - Root WebApplicationContext: initialization completed in 384 ms
2025-05-04 03:46:44.777 [INFO] [restartedMain] [o.h.jpa.internal.util.LogHelper] - HHH000204: Processing PersistenceUnitInfo [name: default]
2025-05-04 03:46:44.782 [INFO] [restartedMain] [o.h.c.i.RegionFactoryInitiator] - HHH000026: Second-level cache disabled
2025-05-04 03:46:44.791 [INFO] [restartedMain] [o.s.o.j.p.SpringPersistenceUnitInfo] - No LoadTimeWeaver setup: ignoring JPA class transformer
2025-05-04 03:46:44.793 [INFO] [restartedMain] [com.zaxxer.hikari.HikariDataSource] - HikariPool-56 - Starting...
2025-05-04 03:46:44.794 [INFO] [restartedMain] [com.zaxxer.hikari.pool.HikariPool] - HikariPool-56 - Added connection org.mariadb.jdbc.MariaDbConnection@8b19670
2025-05-04 03:46:44.795 [INFO] [restartedMain] [com.zaxxer.hikari.HikariDataSource] - HikariPool-56 - Start completed.
2025-05-04 03:46:44.796 [INFO] [restartedMain] [o.hibernate.orm.connections.pooling] - HHH10001005: Database info:
	Database JDBC URL [Connecting through datasource 'HikariDataSource (HikariPool-56)']
	Database driver: undefined/unknown
	Database version: 11.7.2
	Autocommit mode: undefined/unknown
	Isolation level: undefined/unknown
	Minimum pool size: undefined/unknown
	Maximum pool size: undefined/unknown
2025-05-04 03:46:44.894 [INFO] [restartedMain] [o.h.e.t.j.p.i.JtaPlatformInitiator] - HHH000489: No JTA platform available (set 'hibernate.transaction.jta.platform' to enable JTA platform integration)
2025-05-04 03:46:44.919 [INFO] [restartedMain] [o.s.o.j.LocalContainerEntityManagerFactoryBean] - Initialized JPA EntityManagerFactory for persistence unit 'default'
2025-05-04 03:46:45.065 [INFO] [restartedMain] [o.s.s.c.a.a.c.InitializeUserDetailsBeanManagerConfigurer$InitializeUserDetailsManagerConfigurer] - Global AuthenticationManager configured with UserDetailsService bean with name inMemoryUserDetailsManager
2025-05-04 03:46:45.069 [INFO] [restartedMain] [o.s.b.a.w.s.WelcomePageHandlerMapping] - Adding welcome page: class path resource [static/index.html]
2025-05-04 03:46:45.322 [INFO] [restartedMain] [o.s.v.b.OptionalValidatorFactoryBean] - Failed to set up a Bean Validation provider: jakarta.validation.NoProviderFoundException: Unable to create a Configuration, because no Jakarta Bean Validation provider could be found. Add a provider like Hibernate Validator (RI) to your classpath.
2025-05-04 03:46:45.371 [INFO] [restartedMain] [o.s.b.d.a.OptionalLiveReloadServer] - LiveReload server is running on port 35729
2025-05-04 03:46:45.377 [INFO] [restartedMain] [o.a.coyote.http11.Http11NioProtocol] - Starting ProtocolHandler ["http-nio-8080"]
2025-05-04 03:46:45.379 [INFO] [restartedMain] [o.s.b.w.e.tomcat.TomcatWebServer] - Tomcat started on port 8080 (http) with context path '/'
2025-05-04 03:46:45.382 [INFO] [restartedMain] [c.g.aigroove.AigrooveApplication] - Started AigrooveApplication in 1.041 seconds (process running for 9457.063)
2025-05-04 03:46:45.384 [INFO] [restartedMain] [o.s.b.d.a.ConditionEvaluationDeltaLoggingListener] - Condition evaluation unchanged
2025-05-04 03:49:14.175 [INFO] [File Watcher] [o.s.b.d.a.LocalDevToolsAutoConfiguration$RestartingClassPathChangeChangedEventListener] - Restarting due to 1 class path change (0 additions, 0 deletions, 1 modification)
2025-05-04 03:49:14.177 [INFO] [Thread-219] [o.s.b.w.e.tomcat.GracefulShutdown] - Commencing graceful shutdown. Waiting for active requests to complete
2025-05-04 03:49:14.177 [INFO] [tomcat-shutdown] [o.a.coyote.http11.Http11NioProtocol] - Pausing ProtocolHandler ["http-nio-8080"]
2025-05-04 03:49:14.260 [INFO] [tomcat-shutdown] [o.s.b.w.e.tomcat.GracefulShutdown] - Graceful shutdown complete
2025-05-04 03:49:14.260 [INFO] [Thread-219] [o.a.coyote.http11.Http11NioProtocol] - Stopping ProtocolHandler ["http-nio-8080"]
2025-05-04 03:49:14.262 [INFO] [Thread-219] [o.s.o.j.LocalContainerEntityManagerFactoryBean] - Closing JPA EntityManagerFactory for persistence unit 'default'
2025-05-04 03:49:14.263 [INFO] [Thread-219] [com.zaxxer.hikari.HikariDataSource] - HikariPool-56 - Shutdown initiated...
2025-05-04 03:49:14.265 [INFO] [Thread-219] [com.zaxxer.hikari.HikariDataSource] - HikariPool-56 - Shutdown completed.
2025-05-04 03:49:14.379 [INFO] [restartedMain] [c.g.aigroove.AigrooveApplication] - Starting AigrooveApplication using Java 17.0.15 with PID 17224 (C:\dev\AIGroove_api\aigroove\bin\main started by 문유신 in C:\dev\AIGroove_api\aigroove)
2025-05-04 03:49:14.379 [INFO] [restartedMain] [c.g.aigroove.AigrooveApplication] - No active profile set, falling back to 1 default profile: "default"
2025-05-04 03:49:14.665 [INFO] [restartedMain] [o.s.d.r.c.RepositoryConfigurationDelegate] - Bootstrapping Spring Data JPA repositories in DEFAULT mode.
2025-05-04 03:49:14.700 [INFO] [restartedMain] [o.s.d.r.c.RepositoryConfigurationDelegate] - Finished Spring Data repository scanning in 35 ms. Found 11 JPA repository interfaces.
2025-05-04 03:49:14.776 [INFO] [restartedMain] [o.s.b.w.e.tomcat.TomcatWebServer] - Tomcat initialized with port 8080 (http)
2025-05-04 03:49:14.777 [INFO] [restartedMain] [o.a.coyote.http11.Http11NioProtocol] - Initializing ProtocolHandler ["http-nio-8080"]
2025-05-04 03:49:14.777 [INFO] [restartedMain] [o.a.catalina.core.StandardService] - Starting service [Tomcat]
2025-05-04 03:49:14.777 [INFO] [restartedMain] [o.a.catalina.core.StandardEngine] - Starting Servlet engine: [Apache Tomcat/10.1.39]
2025-05-04 03:49:14.797 [INFO] [restartedMain] [o.a.c.c.C.[Tomcat-4].[localhost].[/]] - Initializing Spring embedded WebApplicationContext
2025-05-04 03:49:14.797 [INFO] [restartedMain] [o.s.b.w.s.c.ServletWebServerApplicationContext] - Root WebApplicationContext: initialization completed in 415 ms
2025-05-04 03:49:14.817 [INFO] [restartedMain] [o.h.jpa.internal.util.LogHelper] - HHH000204: Processing PersistenceUnitInfo [name: default]
2025-05-04 03:49:14.821 [INFO] [restartedMain] [o.h.c.i.RegionFactoryInitiator] - HHH000026: Second-level cache disabled
2025-05-04 03:49:14.831 [INFO] [restartedMain] [o.s.o.j.p.SpringPersistenceUnitInfo] - No LoadTimeWeaver setup: ignoring JPA class transformer
2025-05-04 03:49:14.833 [INFO] [restartedMain] [com.zaxxer.hikari.HikariDataSource] - HikariPool-57 - Starting...
2025-05-04 03:49:14.834 [INFO] [restartedMain] [com.zaxxer.hikari.pool.HikariPool] - HikariPool-57 - Added connection org.mariadb.jdbc.MariaDbConnection@ec8fc03
2025-05-04 03:49:14.835 [INFO] [restartedMain] [com.zaxxer.hikari.HikariDataSource] - HikariPool-57 - Start completed.
2025-05-04 03:49:14.835 [INFO] [restartedMain] [o.hibernate.orm.connections.pooling] - HHH10001005: Database info:
	Database JDBC URL [Connecting through datasource 'HikariDataSource (HikariPool-57)']
	Database driver: undefined/unknown
	Database version: 11.7.2
	Autocommit mode: undefined/unknown
	Isolation level: undefined/unknown
	Minimum pool size: undefined/unknown
	Maximum pool size: undefined/unknown
2025-05-04 03:49:14.932 [INFO] [restartedMain] [o.h.e.t.j.p.i.JtaPlatformInitiator] - HHH000489: No JTA platform available (set 'hibernate.transaction.jta.platform' to enable JTA platform integration)
2025-05-04 03:49:14.955 [INFO] [restartedMain] [o.s.o.j.LocalContainerEntityManagerFactoryBean] - Initialized JPA EntityManagerFactory for persistence unit 'default'
2025-05-04 03:49:15.101 [INFO] [restartedMain] [o.s.s.c.a.a.c.InitializeUserDetailsBeanManagerConfigurer$InitializeUserDetailsManagerConfigurer] - Global AuthenticationManager configured with UserDetailsService bean with name inMemoryUserDetailsManager
2025-05-04 03:49:15.105 [INFO] [restartedMain] [o.s.b.a.w.s.WelcomePageHandlerMapping] - Adding welcome page: class path resource [static/index.html]
2025-05-04 03:49:15.367 [INFO] [restartedMain] [o.s.v.b.OptionalValidatorFactoryBean] - Failed to set up a Bean Validation provider: jakarta.validation.NoProviderFoundException: Unable to create a Configuration, because no Jakarta Bean Validation provider could be found. Add a provider like Hibernate Validator (RI) to your classpath.
2025-05-04 03:49:15.414 [INFO] [restartedMain] [o.s.b.d.a.OptionalLiveReloadServer] - LiveReload server is running on port 35729
2025-05-04 03:49:15.419 [INFO] [restartedMain] [o.a.coyote.http11.Http11NioProtocol] - Starting ProtocolHandler ["http-nio-8080"]
2025-05-04 03:49:15.422 [INFO] [restartedMain] [o.s.b.w.e.tomcat.TomcatWebServer] - Tomcat started on port 8080 (http) with context path '/'
2025-05-04 03:49:15.425 [INFO] [restartedMain] [c.g.aigroove.AigrooveApplication] - Started AigrooveApplication in 1.077 seconds (process running for 9607.105)
2025-05-04 03:49:15.425 [INFO] [restartedMain] [o.s.b.d.a.ConditionEvaluationDeltaLoggingListener] - Condition evaluation unchanged
2025-05-04 03:50:12.905 [INFO] [File Watcher] [o.s.b.d.a.LocalDevToolsAutoConfiguration$RestartingClassPathChangeChangedEventListener] - Restarting due to 2 class path changes (0 additions, 0 deletions, 2 modifications)
2025-05-04 03:50:12.907 [INFO] [Thread-223] [o.s.b.w.e.tomcat.GracefulShutdown] - Commencing graceful shutdown. Waiting for active requests to complete
2025-05-04 03:50:12.908 [INFO] [tomcat-shutdown] [o.a.coyote.http11.Http11NioProtocol] - Pausing ProtocolHandler ["http-nio-8080"]
2025-05-04 03:50:12.991 [INFO] [tomcat-shutdown] [o.s.b.w.e.tomcat.GracefulShutdown] - Graceful shutdown complete
2025-05-04 03:50:12.991 [INFO] [Thread-223] [o.a.coyote.http11.Http11NioProtocol] - Stopping ProtocolHandler ["http-nio-8080"]
2025-05-04 03:50:12.992 [INFO] [Thread-223] [o.s.o.j.LocalContainerEntityManagerFactoryBean] - Closing JPA EntityManagerFactory for persistence unit 'default'
2025-05-04 03:50:12.993 [INFO] [Thread-223] [com.zaxxer.hikari.HikariDataSource] - HikariPool-57 - Shutdown initiated...
2025-05-04 03:50:12.995 [INFO] [Thread-223] [com.zaxxer.hikari.HikariDataSource] - HikariPool-57 - Shutdown completed.
2025-05-04 03:50:13.107 [INFO] [restartedMain] [c.g.aigroove.AigrooveApplication] - Starting AigrooveApplication using Java 17.0.15 with PID 17224 (C:\dev\AIGroove_api\aigroove\bin\main started by 문유신 in C:\dev\AIGroove_api\aigroove)
2025-05-04 03:50:13.108 [INFO] [restartedMain] [c.g.aigroove.AigrooveApplication] - No active profile set, falling back to 1 default profile: "default"
2025-05-04 03:50:13.353 [INFO] [restartedMain] [o.s.d.r.c.RepositoryConfigurationDelegate] - Bootstrapping Spring Data JPA repositories in DEFAULT mode.
2025-05-04 03:50:13.385 [INFO] [restartedMain] [o.s.d.r.c.RepositoryConfigurationDelegate] - Finished Spring Data repository scanning in 30 ms. Found 11 JPA repository interfaces.
2025-05-04 03:50:13.454 [INFO] [restartedMain] [o.s.b.w.e.tomcat.TomcatWebServer] - Tomcat initialized with port 8080 (http)
2025-05-04 03:50:13.455 [INFO] [restartedMain] [o.a.coyote.http11.Http11NioProtocol] - Initializing ProtocolHandler ["http-nio-8080"]
2025-05-04 03:50:13.455 [INFO] [restartedMain] [o.a.catalina.core.StandardService] - Starting service [Tomcat]
2025-05-04 03:50:13.455 [INFO] [restartedMain] [o.a.catalina.core.StandardEngine] - Starting Servlet engine: [Apache Tomcat/10.1.39]
2025-05-04 03:50:13.474 [INFO] [restartedMain] [o.a.c.c.C.[Tomcat-4].[localhost].[/]] - Initializing Spring embedded WebApplicationContext
2025-05-04 03:50:13.474 [INFO] [restartedMain] [o.s.b.w.s.c.ServletWebServerApplicationContext] - Root WebApplicationContext: initialization completed in 365 ms
2025-05-04 03:50:13.495 [INFO] [restartedMain] [o.h.jpa.internal.util.LogHelper] - HHH000204: Processing PersistenceUnitInfo [name: default]
2025-05-04 03:50:13.499 [INFO] [restartedMain] [o.h.c.i.RegionFactoryInitiator] - HHH000026: Second-level cache disabled
2025-05-04 03:50:13.508 [INFO] [restartedMain] [o.s.o.j.p.SpringPersistenceUnitInfo] - No LoadTimeWeaver setup: ignoring JPA class transformer
2025-05-04 03:50:13.509 [INFO] [restartedMain] [com.zaxxer.hikari.HikariDataSource] - HikariPool-58 - Starting...
2025-05-04 03:50:13.511 [INFO] [restartedMain] [com.zaxxer.hikari.pool.HikariPool] - HikariPool-58 - Added connection org.mariadb.jdbc.MariaDbConnection@5a34af35
2025-05-04 03:50:13.511 [INFO] [restartedMain] [com.zaxxer.hikari.HikariDataSource] - HikariPool-58 - Start completed.
2025-05-04 03:50:13.512 [INFO] [restartedMain] [o.hibernate.orm.connections.pooling] - HHH10001005: Database info:
	Database JDBC URL [Connecting through datasource 'HikariDataSource (HikariPool-58)']
	Database driver: undefined/unknown
	Database version: 11.7.2
	Autocommit mode: undefined/unknown
	Isolation level: undefined/unknown
	Minimum pool size: undefined/unknown
	Maximum pool size: undefined/unknown
2025-05-04 03:50:13.603 [INFO] [restartedMain] [o.h.e.t.j.p.i.JtaPlatformInitiator] - HHH000489: No JTA platform available (set 'hibernate.transaction.jta.platform' to enable JTA platform integration)
2025-05-04 03:50:13.625 [INFO] [restartedMain] [o.s.o.j.LocalContainerEntityManagerFactoryBean] - Initialized JPA EntityManagerFactory for persistence unit 'default'
2025-05-04 03:50:13.759 [INFO] [restartedMain] [o.s.s.c.a.a.c.InitializeUserDetailsBeanManagerConfigurer$InitializeUserDetailsManagerConfigurer] - Global AuthenticationManager configured with UserDetailsService bean with name inMemoryUserDetailsManager
2025-05-04 03:50:13.764 [INFO] [restartedMain] [o.s.b.a.w.s.WelcomePageHandlerMapping] - Adding welcome page: class path resource [static/index.html]
2025-05-04 03:50:14.019 [INFO] [restartedMain] [o.s.v.b.OptionalValidatorFactoryBean] - Failed to set up a Bean Validation provider: jakarta.validation.NoProviderFoundException: Unable to create a Configuration, because no Jakarta Bean Validation provider could be found. Add a provider like Hibernate Validator (RI) to your classpath.
2025-05-04 03:50:14.065 [INFO] [restartedMain] [o.s.b.d.a.OptionalLiveReloadServer] - LiveReload server is running on port 35729
2025-05-04 03:50:14.070 [INFO] [restartedMain] [o.a.coyote.http11.Http11NioProtocol] - Starting ProtocolHandler ["http-nio-8080"]
2025-05-04 03:50:14.074 [INFO] [restartedMain] [o.s.b.w.e.tomcat.TomcatWebServer] - Tomcat started on port 8080 (http) with context path '/'
2025-05-04 03:50:14.077 [INFO] [restartedMain] [c.g.aigroove.AigrooveApplication] - Started AigrooveApplication in 0.999 seconds (process running for 9665.757)
2025-05-04 03:50:14.078 [INFO] [restartedMain] [o.s.b.d.a.ConditionEvaluationDeltaLoggingListener] - Condition evaluation unchanged
2025-05-04 03:50:21.741 [INFO] [File Watcher] [o.s.b.d.a.LocalDevToolsAutoConfiguration$RestartingClassPathChangeChangedEventListener] - Restarting due to 2 class path changes (0 additions, 0 deletions, 2 modifications)
2025-05-04 03:50:21.743 [INFO] [Thread-227] [o.s.b.w.e.tomcat.GracefulShutdown] - Commencing graceful shutdown. Waiting for active requests to complete
2025-05-04 03:50:21.743 [INFO] [tomcat-shutdown] [o.a.coyote.http11.Http11NioProtocol] - Pausing ProtocolHandler ["http-nio-8080"]
2025-05-04 03:50:21.829 [INFO] [tomcat-shutdown] [o.s.b.w.e.tomcat.GracefulShutdown] - Graceful shutdown complete
2025-05-04 03:50:21.829 [INFO] [Thread-227] [o.a.coyote.http11.Http11NioProtocol] - Stopping ProtocolHandler ["http-nio-8080"]
2025-05-04 03:50:21.831 [INFO] [Thread-227] [o.s.o.j.LocalContainerEntityManagerFactoryBean] - Closing JPA EntityManagerFactory for persistence unit 'default'
2025-05-04 03:50:21.832 [INFO] [Thread-227] [com.zaxxer.hikari.HikariDataSource] - HikariPool-58 - Shutdown initiated...
2025-05-04 03:50:21.833 [INFO] [Thread-227] [com.zaxxer.hikari.HikariDataSource] - HikariPool-58 - Shutdown completed.
2025-05-04 03:50:21.944 [INFO] [restartedMain] [c.g.aigroove.AigrooveApplication] - Starting AigrooveApplication using Java 17.0.15 with PID 17224 (C:\dev\AIGroove_api\aigroove\bin\main started by 문유신 in C:\dev\AIGroove_api\aigroove)
2025-05-04 03:50:21.945 [INFO] [restartedMain] [c.g.aigroove.AigrooveApplication] - No active profile set, falling back to 1 default profile: "default"
2025-05-04 03:50:22.227 [INFO] [restartedMain] [o.s.d.r.c.RepositoryConfigurationDelegate] - Bootstrapping Spring Data JPA repositories in DEFAULT mode.
2025-05-04 03:50:22.260 [INFO] [restartedMain] [o.s.d.r.c.RepositoryConfigurationDelegate] - Finished Spring Data repository scanning in 32 ms. Found 11 JPA repository interfaces.
2025-05-04 03:50:22.335 [INFO] [restartedMain] [o.s.b.w.e.tomcat.TomcatWebServer] - Tomcat initialized with port 8080 (http)
2025-05-04 03:50:22.336 [INFO] [restartedMain] [o.a.coyote.http11.Http11NioProtocol] - Initializing ProtocolHandler ["http-nio-8080"]
2025-05-04 03:50:22.336 [INFO] [restartedMain] [o.a.catalina.core.StandardService] - Starting service [Tomcat]
2025-05-04 03:50:22.336 [INFO] [restartedMain] [o.a.catalina.core.StandardEngine] - Starting Servlet engine: [Apache Tomcat/10.1.39]
2025-05-04 03:50:22.358 [INFO] [restartedMain] [o.a.c.c.C.[Tomcat-4].[localhost].[/]] - Initializing Spring embedded WebApplicationContext
2025-05-04 03:50:22.358 [INFO] [restartedMain] [o.s.b.w.s.c.ServletWebServerApplicationContext] - Root WebApplicationContext: initialization completed in 411 ms
2025-05-04 03:50:22.381 [INFO] [restartedMain] [o.h.jpa.internal.util.LogHelper] - HHH000204: Processing PersistenceUnitInfo [name: default]
2025-05-04 03:50:22.385 [INFO] [restartedMain] [o.h.c.i.RegionFactoryInitiator] - HHH000026: Second-level cache disabled
2025-05-04 03:50:22.394 [INFO] [restartedMain] [o.s.o.j.p.SpringPersistenceUnitInfo] - No LoadTimeWeaver setup: ignoring JPA class transformer
2025-05-04 03:50:22.396 [INFO] [restartedMain] [com.zaxxer.hikari.HikariDataSource] - HikariPool-59 - Starting...
2025-05-04 03:50:22.398 [INFO] [restartedMain] [com.zaxxer.hikari.pool.HikariPool] - HikariPool-59 - Added connection org.mariadb.jdbc.MariaDbConnection@2557050b
2025-05-04 03:50:22.398 [INFO] [restartedMain] [com.zaxxer.hikari.HikariDataSource] - HikariPool-59 - Start completed.
2025-05-04 03:50:22.399 [INFO] [restartedMain] [o.hibernate.orm.connections.pooling] - HHH10001005: Database info:
	Database JDBC URL [Connecting through datasource 'HikariDataSource (HikariPool-59)']
	Database driver: undefined/unknown
	Database version: 11.7.2
	Autocommit mode: undefined/unknown
	Isolation level: undefined/unknown
	Minimum pool size: undefined/unknown
	Maximum pool size: undefined/unknown
2025-05-04 03:50:22.490 [INFO] [restartedMain] [o.h.e.t.j.p.i.JtaPlatformInitiator] - HHH000489: No JTA platform available (set 'hibernate.transaction.jta.platform' to enable JTA platform integration)
2025-05-04 03:50:22.514 [INFO] [restartedMain] [o.s.o.j.LocalContainerEntityManagerFactoryBean] - Initialized JPA EntityManagerFactory for persistence unit 'default'
2025-05-04 03:50:22.671 [INFO] [restartedMain] [o.s.s.c.a.a.c.InitializeUserDetailsBeanManagerConfigurer$InitializeUserDetailsManagerConfigurer] - Global AuthenticationManager configured with UserDetailsService bean with name inMemoryUserDetailsManager
2025-05-04 03:50:22.676 [INFO] [restartedMain] [o.s.b.a.w.s.WelcomePageHandlerMapping] - Adding welcome page: class path resource [static/index.html]
2025-05-04 03:50:22.957 [INFO] [restartedMain] [o.s.v.b.OptionalValidatorFactoryBean] - Failed to set up a Bean Validation provider: jakarta.validation.NoProviderFoundException: Unable to create a Configuration, because no Jakarta Bean Validation provider could be found. Add a provider like Hibernate Validator (RI) to your classpath.
2025-05-04 03:50:23.020 [INFO] [restartedMain] [o.s.b.d.a.OptionalLiveReloadServer] - LiveReload server is running on port 35729
2025-05-04 03:50:23.026 [INFO] [restartedMain] [o.a.coyote.http11.Http11NioProtocol] - Starting ProtocolHandler ["http-nio-8080"]
2025-05-04 03:50:23.029 [INFO] [restartedMain] [o.s.b.w.e.tomcat.TomcatWebServer] - Tomcat started on port 8080 (http) with context path '/'
2025-05-04 03:50:23.032 [INFO] [restartedMain] [c.g.aigroove.AigrooveApplication] - Started AigrooveApplication in 1.117 seconds (process running for 9674.713)
2025-05-04 03:50:23.034 [INFO] [restartedMain] [o.s.b.d.a.ConditionEvaluationDeltaLoggingListener] - Condition evaluation unchanged
2025-05-04 03:50:27.579 [INFO] [File Watcher] [o.s.b.d.a.LocalDevToolsAutoConfiguration$RestartingClassPathChangeChangedEventListener] - Restarting due to 2 class path changes (0 additions, 0 deletions, 2 modifications)
2025-05-04 03:50:27.580 [INFO] [Thread-231] [o.s.b.w.e.tomcat.GracefulShutdown] - Commencing graceful shutdown. Waiting for active requests to complete
2025-05-04 03:50:27.581 [INFO] [tomcat-shutdown] [o.a.coyote.http11.Http11NioProtocol] - Pausing ProtocolHandler ["http-nio-8080"]
2025-05-04 03:50:27.661 [INFO] [tomcat-shutdown] [o.s.b.w.e.tomcat.GracefulShutdown] - Graceful shutdown complete
2025-05-04 03:50:27.662 [INFO] [Thread-231] [o.a.coyote.http11.Http11NioProtocol] - Stopping ProtocolHandler ["http-nio-8080"]
2025-05-04 03:50:27.663 [INFO] [Thread-231] [o.s.o.j.LocalContainerEntityManagerFactoryBean] - Closing JPA EntityManagerFactory for persistence unit 'default'
2025-05-04 03:50:27.664 [INFO] [Thread-231] [com.zaxxer.hikari.HikariDataSource] - HikariPool-59 - Shutdown initiated...
2025-05-04 03:50:27.666 [INFO] [Thread-231] [com.zaxxer.hikari.HikariDataSource] - HikariPool-59 - Shutdown completed.
2025-05-04 03:50:27.787 [INFO] [restartedMain] [c.g.aigroove.AigrooveApplication] - Starting AigrooveApplication using Java 17.0.15 with PID 17224 (C:\dev\AIGroove_api\aigroove\bin\main started by 문유신 in C:\dev\AIGroove_api\aigroove)
2025-05-04 03:50:27.788 [INFO] [restartedMain] [c.g.aigroove.AigrooveApplication] - No active profile set, falling back to 1 default profile: "default"
2025-05-04 03:50:28.098 [INFO] [restartedMain] [o.s.d.r.c.RepositoryConfigurationDelegate] - Bootstrapping Spring Data JPA repositories in DEFAULT mode.
2025-05-04 03:50:28.159 [INFO] [restartedMain] [o.s.d.r.c.RepositoryConfigurationDelegate] - Finished Spring Data repository scanning in 58 ms. Found 11 JPA repository interfaces.
2025-05-04 03:50:28.303 [INFO] [restartedMain] [o.s.b.w.e.tomcat.TomcatWebServer] - Tomcat initialized with port 8080 (http)
2025-05-04 03:50:28.304 [INFO] [restartedMain] [o.a.coyote.http11.Http11NioProtocol] - Initializing ProtocolHandler ["http-nio-8080"]
2025-05-04 03:50:28.304 [INFO] [restartedMain] [o.a.catalina.core.StandardService] - Starting service [Tomcat]
2025-05-04 03:50:28.304 [INFO] [restartedMain] [o.a.catalina.core.StandardEngine] - Starting Servlet engine: [Apache Tomcat/10.1.39]
2025-05-04 03:50:28.329 [INFO] [restartedMain] [o.a.c.c.C.[Tomcat-4].[localhost].[/]] - Initializing Spring embedded WebApplicationContext
2025-05-04 03:50:28.329 [INFO] [restartedMain] [o.s.b.w.s.c.ServletWebServerApplicationContext] - Root WebApplicationContext: initialization completed in 539 ms
2025-05-04 03:50:28.354 [INFO] [restartedMain] [o.h.jpa.internal.util.LogHelper] - HHH000204: Processing PersistenceUnitInfo [name: default]
2025-05-04 03:50:28.360 [INFO] [restartedMain] [o.h.c.i.RegionFactoryInitiator] - HHH000026: Second-level cache disabled
2025-05-04 03:50:28.370 [INFO] [restartedMain] [o.s.o.j.p.SpringPersistenceUnitInfo] - No LoadTimeWeaver setup: ignoring JPA class transformer
2025-05-04 03:50:28.371 [INFO] [restartedMain] [com.zaxxer.hikari.HikariDataSource] - HikariPool-60 - Starting...
2025-05-04 03:50:28.373 [INFO] [restartedMain] [com.zaxxer.hikari.pool.HikariPool] - HikariPool-60 - Added connection org.mariadb.jdbc.MariaDbConnection@54356470
2025-05-04 03:50:28.373 [INFO] [restartedMain] [com.zaxxer.hikari.HikariDataSource] - HikariPool-60 - Start completed.
2025-05-04 03:50:28.374 [INFO] [restartedMain] [o.hibernate.orm.connections.pooling] - HHH10001005: Database info:
	Database JDBC URL [Connecting through datasource 'HikariDataSource (HikariPool-60)']
	Database driver: undefined/unknown
	Database version: 11.7.2
	Autocommit mode: undefined/unknown
	Isolation level: undefined/unknown
	Minimum pool size: undefined/unknown
	Maximum pool size: undefined/unknown
2025-05-04 03:50:28.475 [INFO] [restartedMain] [o.h.e.t.j.p.i.JtaPlatformInitiator] - HHH000489: No JTA platform available (set 'hibernate.transaction.jta.platform' to enable JTA platform integration)
2025-05-04 03:50:28.498 [INFO] [restartedMain] [o.s.o.j.LocalContainerEntityManagerFactoryBean] - Initialized JPA EntityManagerFactory for persistence unit 'default'
2025-05-04 03:50:28.645 [INFO] [restartedMain] [o.s.s.c.a.a.c.InitializeUserDetailsBeanManagerConfigurer$InitializeUserDetailsManagerConfigurer] - Global AuthenticationManager configured with UserDetailsService bean with name inMemoryUserDetailsManager
2025-05-04 03:50:28.654 [INFO] [restartedMain] [o.s.b.a.w.s.WelcomePageHandlerMapping] - Adding welcome page: class path resource [static/index.html]
2025-05-04 03:50:28.923 [INFO] [restartedMain] [o.s.v.b.OptionalValidatorFactoryBean] - Failed to set up a Bean Validation provider: jakarta.validation.NoProviderFoundException: Unable to create a Configuration, because no Jakarta Bean Validation provider could be found. Add a provider like Hibernate Validator (RI) to your classpath.
2025-05-04 03:50:28.974 [INFO] [restartedMain] [o.s.b.d.a.OptionalLiveReloadServer] - LiveReload server is running on port 35729
2025-05-04 03:50:28.980 [INFO] [restartedMain] [o.a.coyote.http11.Http11NioProtocol] - Starting ProtocolHandler ["http-nio-8080"]
2025-05-04 03:50:28.982 [INFO] [restartedMain] [o.s.b.w.e.tomcat.TomcatWebServer] - Tomcat started on port 8080 (http) with context path '/'
2025-05-04 03:50:28.985 [INFO] [restartedMain] [c.g.aigroove.AigrooveApplication] - Started AigrooveApplication in 1.229 seconds (process running for 9680.666)
2025-05-04 03:50:28.986 [INFO] [restartedMain] [o.s.b.d.a.ConditionEvaluationDeltaLoggingListener] - Condition evaluation unchanged
2025-05-04 03:50:35.627 [INFO] [File Watcher] [o.s.b.d.a.LocalDevToolsAutoConfiguration$RestartingClassPathChangeChangedEventListener] - Restarting due to 1 class path change (0 additions, 0 deletions, 1 modification)
2025-05-04 03:50:35.629 [INFO] [Thread-235] [o.s.b.w.e.tomcat.GracefulShutdown] - Commencing graceful shutdown. Waiting for active requests to complete
2025-05-04 03:50:35.629 [INFO] [tomcat-shutdown] [o.a.coyote.http11.Http11NioProtocol] - Pausing ProtocolHandler ["http-nio-8080"]
2025-05-04 03:50:35.715 [INFO] [tomcat-shutdown] [o.s.b.w.e.tomcat.GracefulShutdown] - Graceful shutdown complete
2025-05-04 03:50:35.716 [INFO] [Thread-235] [o.a.coyote.http11.Http11NioProtocol] - Stopping ProtocolHandler ["http-nio-8080"]
2025-05-04 03:50:35.717 [INFO] [Thread-235] [o.s.o.j.LocalContainerEntityManagerFactoryBean] - Closing JPA EntityManagerFactory for persistence unit 'default'
2025-05-04 03:50:35.718 [INFO] [Thread-235] [com.zaxxer.hikari.HikariDataSource] - HikariPool-60 - Shutdown initiated...
2025-05-04 03:50:35.720 [INFO] [Thread-235] [com.zaxxer.hikari.HikariDataSource] - HikariPool-60 - Shutdown completed.
2025-05-04 03:50:35.841 [INFO] [restartedMain] [c.g.aigroove.AigrooveApplication] - Starting AigrooveApplication using Java 17.0.15 with PID 17224 (C:\dev\AIGroove_api\aigroove\bin\main started by 문유신 in C:\dev\AIGroove_api\aigroove)
2025-05-04 03:50:35.841 [INFO] [restartedMain] [c.g.aigroove.AigrooveApplication] - No active profile set, falling back to 1 default profile: "default"
2025-05-04 03:50:36.082 [INFO] [restartedMain] [o.s.d.r.c.RepositoryConfigurationDelegate] - Bootstrapping Spring Data JPA repositories in DEFAULT mode.
2025-05-04 03:50:36.115 [INFO] [restartedMain] [o.s.d.r.c.RepositoryConfigurationDelegate] - Finished Spring Data repository scanning in 31 ms. Found 11 JPA repository interfaces.
2025-05-04 03:50:36.191 [INFO] [restartedMain] [o.s.b.w.e.tomcat.TomcatWebServer] - Tomcat initialized with port 8080 (http)
2025-05-04 03:50:36.192 [INFO] [restartedMain] [o.a.coyote.http11.Http11NioProtocol] - Initializing ProtocolHandler ["http-nio-8080"]
2025-05-04 03:50:36.193 [INFO] [restartedMain] [o.a.catalina.core.StandardService] - Starting service [Tomcat]
2025-05-04 03:50:36.193 [INFO] [restartedMain] [o.a.catalina.core.StandardEngine] - Starting Servlet engine: [Apache Tomcat/10.1.39]
2025-05-04 03:50:36.215 [INFO] [restartedMain] [o.a.c.c.C.[Tomcat-4].[localhost].[/]] - Initializing Spring embedded WebApplicationContext
2025-05-04 03:50:36.215 [INFO] [restartedMain] [o.s.b.w.s.c.ServletWebServerApplicationContext] - Root WebApplicationContext: initialization completed in 371 ms
2025-05-04 03:50:36.236 [INFO] [restartedMain] [o.h.jpa.internal.util.LogHelper] - HHH000204: Processing PersistenceUnitInfo [name: default]
2025-05-04 03:50:36.240 [INFO] [restartedMain] [o.h.c.i.RegionFactoryInitiator] - HHH000026: Second-level cache disabled
2025-05-04 03:50:36.249 [INFO] [restartedMain] [o.s.o.j.p.SpringPersistenceUnitInfo] - No LoadTimeWeaver setup: ignoring JPA class transformer
2025-05-04 03:50:36.251 [INFO] [restartedMain] [com.zaxxer.hikari.HikariDataSource] - HikariPool-61 - Starting...
2025-05-04 03:50:36.252 [INFO] [restartedMain] [com.zaxxer.hikari.pool.HikariPool] - HikariPool-61 - Added connection org.mariadb.jdbc.MariaDbConnection@285edd60
2025-05-04 03:50:36.253 [INFO] [restartedMain] [com.zaxxer.hikari.HikariDataSource] - HikariPool-61 - Start completed.
2025-05-04 03:50:36.254 [INFO] [restartedMain] [o.hibernate.orm.connections.pooling] - HHH10001005: Database info:
	Database JDBC URL [Connecting through datasource 'HikariDataSource (HikariPool-61)']
	Database driver: undefined/unknown
	Database version: 11.7.2
	Autocommit mode: undefined/unknown
	Isolation level: undefined/unknown
	Minimum pool size: undefined/unknown
	Maximum pool size: undefined/unknown
2025-05-04 03:50:36.346 [INFO] [restartedMain] [o.h.e.t.j.p.i.JtaPlatformInitiator] - HHH000489: No JTA platform available (set 'hibernate.transaction.jta.platform' to enable JTA platform integration)
2025-05-04 03:50:36.367 [INFO] [restartedMain] [o.s.o.j.LocalContainerEntityManagerFactoryBean] - Initialized JPA EntityManagerFactory for persistence unit 'default'
2025-05-04 03:50:36.508 [INFO] [restartedMain] [o.s.s.c.a.a.c.InitializeUserDetailsBeanManagerConfigurer$InitializeUserDetailsManagerConfigurer] - Global AuthenticationManager configured with UserDetailsService bean with name inMemoryUserDetailsManager
2025-05-04 03:50:36.515 [INFO] [restartedMain] [o.s.b.a.w.s.WelcomePageHandlerMapping] - Adding welcome page: class path resource [static/index.html]
2025-05-04 03:50:36.786 [INFO] [restartedMain] [o.s.v.b.OptionalValidatorFactoryBean] - Failed to set up a Bean Validation provider: jakarta.validation.NoProviderFoundException: Unable to create a Configuration, because no Jakarta Bean Validation provider could be found. Add a provider like Hibernate Validator (RI) to your classpath.
2025-05-04 03:50:36.838 [INFO] [restartedMain] [o.s.b.d.a.OptionalLiveReloadServer] - LiveReload server is running on port 35729
2025-05-04 03:50:36.844 [INFO] [restartedMain] [o.a.coyote.http11.Http11NioProtocol] - Starting ProtocolHandler ["http-nio-8080"]
2025-05-04 03:50:36.847 [INFO] [restartedMain] [o.s.b.w.e.tomcat.TomcatWebServer] - Tomcat started on port 8080 (http) with context path '/'
2025-05-04 03:50:36.850 [INFO] [restartedMain] [c.g.aigroove.AigrooveApplication] - Started AigrooveApplication in 1.038 seconds (process running for 9688.531)
2025-05-04 03:50:36.851 [INFO] [restartedMain] [o.s.b.d.a.ConditionEvaluationDeltaLoggingListener] - Condition evaluation unchanged
2025-05-04 03:51:55.050 [INFO] [File Watcher] [o.s.b.d.a.LocalDevToolsAutoConfiguration$RestartingClassPathChangeChangedEventListener] - Restarting due to 2 class path changes (0 additions, 0 deletions, 2 modifications)
2025-05-04 03:51:55.052 [INFO] [Thread-239] [o.s.b.w.e.tomcat.GracefulShutdown] - Commencing graceful shutdown. Waiting for active requests to complete
2025-05-04 03:51:55.052 [INFO] [tomcat-shutdown] [o.a.coyote.http11.Http11NioProtocol] - Pausing ProtocolHandler ["http-nio-8080"]
2025-05-04 03:51:55.144 [INFO] [tomcat-shutdown] [o.s.b.w.e.tomcat.GracefulShutdown] - Graceful shutdown complete
2025-05-04 03:51:55.145 [INFO] [Thread-239] [o.a.coyote.http11.Http11NioProtocol] - Stopping ProtocolHandler ["http-nio-8080"]
2025-05-04 03:51:55.146 [INFO] [Thread-239] [o.s.o.j.LocalContainerEntityManagerFactoryBean] - Closing JPA EntityManagerFactory for persistence unit 'default'
2025-05-04 03:51:55.147 [INFO] [Thread-239] [com.zaxxer.hikari.HikariDataSource] - HikariPool-61 - Shutdown initiated...
2025-05-04 03:51:55.148 [INFO] [Thread-239] [com.zaxxer.hikari.HikariDataSource] - HikariPool-61 - Shutdown completed.
2025-05-04 03:51:55.267 [INFO] [restartedMain] [c.g.aigroove.AigrooveApplication] - Starting AigrooveApplication using Java 17.0.15 with PID 17224 (C:\dev\AIGroove_api\aigroove\bin\main started by 문유신 in C:\dev\AIGroove_api\aigroove)
2025-05-04 03:51:55.267 [INFO] [restartedMain] [c.g.aigroove.AigrooveApplication] - No active profile set, falling back to 1 default profile: "default"
2025-05-04 03:51:55.514 [INFO] [restartedMain] [o.s.d.r.c.RepositoryConfigurationDelegate] - Bootstrapping Spring Data JPA repositories in DEFAULT mode.
2025-05-04 03:51:55.546 [INFO] [restartedMain] [o.s.d.r.c.RepositoryConfigurationDelegate] - Finished Spring Data repository scanning in 31 ms. Found 11 JPA repository interfaces.
2025-05-04 03:51:55.614 [INFO] [restartedMain] [o.s.b.w.e.tomcat.TomcatWebServer] - Tomcat initialized with port 8080 (http)
2025-05-04 03:51:55.615 [INFO] [restartedMain] [o.a.coyote.http11.Http11NioProtocol] - Initializing ProtocolHandler ["http-nio-8080"]
2025-05-04 03:51:55.615 [INFO] [restartedMain] [o.a.catalina.core.StandardService] - Starting service [Tomcat]
2025-05-04 03:51:55.616 [INFO] [restartedMain] [o.a.catalina.core.StandardEngine] - Starting Servlet engine: [Apache Tomcat/10.1.39]
2025-05-04 03:51:55.638 [INFO] [restartedMain] [o.a.c.c.C.[Tomcat-4].[localhost].[/]] - Initializing Spring embedded WebApplicationContext
2025-05-04 03:51:55.638 [INFO] [restartedMain] [o.s.b.w.s.c.ServletWebServerApplicationContext] - Root WebApplicationContext: initialization completed in 369 ms
2025-05-04 03:51:55.662 [INFO] [restartedMain] [o.h.jpa.internal.util.LogHelper] - HHH000204: Processing PersistenceUnitInfo [name: default]
2025-05-04 03:51:55.667 [INFO] [restartedMain] [o.h.c.i.RegionFactoryInitiator] - HHH000026: Second-level cache disabled
2025-05-04 03:51:55.678 [INFO] [restartedMain] [o.s.o.j.p.SpringPersistenceUnitInfo] - No LoadTimeWeaver setup: ignoring JPA class transformer
2025-05-04 03:51:55.679 [INFO] [restartedMain] [com.zaxxer.hikari.HikariDataSource] - HikariPool-62 - Starting...
2025-05-04 03:51:55.681 [INFO] [restartedMain] [com.zaxxer.hikari.pool.HikariPool] - HikariPool-62 - Added connection org.mariadb.jdbc.MariaDbConnection@31273617
2025-05-04 03:51:55.682 [INFO] [restartedMain] [com.zaxxer.hikari.HikariDataSource] - HikariPool-62 - Start completed.
2025-05-04 03:51:55.682 [INFO] [restartedMain] [o.hibernate.orm.connections.pooling] - HHH10001005: Database info:
	Database JDBC URL [Connecting through datasource 'HikariDataSource (HikariPool-62)']
	Database driver: undefined/unknown
	Database version: 11.7.2
	Autocommit mode: undefined/unknown
	Isolation level: undefined/unknown
	Minimum pool size: undefined/unknown
	Maximum pool size: undefined/unknown
2025-05-04 03:51:55.771 [INFO] [restartedMain] [o.h.e.t.j.p.i.JtaPlatformInitiator] - HHH000489: No JTA platform available (set 'hibernate.transaction.jta.platform' to enable JTA platform integration)
2025-05-04 03:51:55.793 [INFO] [restartedMain] [o.s.o.j.LocalContainerEntityManagerFactoryBean] - Initialized JPA EntityManagerFactory for persistence unit 'default'
2025-05-04 03:51:55.930 [INFO] [restartedMain] [o.s.s.c.a.a.c.InitializeUserDetailsBeanManagerConfigurer$InitializeUserDetailsManagerConfigurer] - Global AuthenticationManager configured with UserDetailsService bean with name inMemoryUserDetailsManager
2025-05-04 03:51:55.935 [INFO] [restartedMain] [o.s.b.a.w.s.WelcomePageHandlerMapping] - Adding welcome page: class path resource [static/index.html]
2025-05-04 03:51:56.179 [INFO] [restartedMain] [o.s.v.b.OptionalValidatorFactoryBean] - Failed to set up a Bean Validation provider: jakarta.validation.NoProviderFoundException: Unable to create a Configuration, because no Jakarta Bean Validation provider could be found. Add a provider like Hibernate Validator (RI) to your classpath.
2025-05-04 03:51:56.223 [INFO] [restartedMain] [o.s.b.d.a.OptionalLiveReloadServer] - LiveReload server is running on port 35729
2025-05-04 03:51:56.229 [INFO] [restartedMain] [o.a.coyote.http11.Http11NioProtocol] - Starting ProtocolHandler ["http-nio-8080"]
2025-05-04 03:51:56.231 [INFO] [restartedMain] [o.s.b.w.e.tomcat.TomcatWebServer] - Tomcat started on port 8080 (http) with context path '/'
2025-05-04 03:51:56.234 [INFO] [restartedMain] [c.g.aigroove.AigrooveApplication] - Started AigrooveApplication in 0.998 seconds (process running for 9767.915)
2025-05-04 03:51:56.235 [INFO] [restartedMain] [o.s.b.d.a.ConditionEvaluationDeltaLoggingListener] - Condition evaluation unchanged
2025-05-04 03:52:40.461 [INFO] [File Watcher] [o.s.b.d.a.LocalDevToolsAutoConfiguration$RestartingClassPathChangeChangedEventListener] - Restarting due to 1 class path change (0 additions, 0 deletions, 1 modification)
2025-05-04 03:52:40.462 [INFO] [Thread-243] [o.s.b.w.e.tomcat.GracefulShutdown] - Commencing graceful shutdown. Waiting for active requests to complete
2025-05-04 03:52:40.463 [INFO] [tomcat-shutdown] [o.a.coyote.http11.Http11NioProtocol] - Pausing ProtocolHandler ["http-nio-8080"]
2025-05-04 03:52:40.542 [INFO] [tomcat-shutdown] [o.s.b.w.e.tomcat.GracefulShutdown] - Graceful shutdown complete
2025-05-04 03:52:40.543 [INFO] [Thread-243] [o.a.coyote.http11.Http11NioProtocol] - Stopping ProtocolHandler ["http-nio-8080"]
2025-05-04 03:52:40.545 [INFO] [Thread-243] [o.s.o.j.LocalContainerEntityManagerFactoryBean] - Closing JPA EntityManagerFactory for persistence unit 'default'
2025-05-04 03:52:40.545 [INFO] [Thread-243] [com.zaxxer.hikari.HikariDataSource] - HikariPool-62 - Shutdown initiated...
2025-05-04 03:52:40.547 [INFO] [Thread-243] [com.zaxxer.hikari.HikariDataSource] - HikariPool-62 - Shutdown completed.
2025-05-04 03:52:40.670 [INFO] [restartedMain] [c.g.aigroove.AigrooveApplication] - Starting AigrooveApplication using Java 17.0.15 with PID 17224 (C:\dev\AIGroove_api\aigroove\bin\main started by 문유신 in C:\dev\AIGroove_api\aigroove)
2025-05-04 03:52:40.670 [INFO] [restartedMain] [c.g.aigroove.AigrooveApplication] - No active profile set, falling back to 1 default profile: "default"
2025-05-04 03:52:40.912 [INFO] [restartedMain] [o.s.d.r.c.RepositoryConfigurationDelegate] - Bootstrapping Spring Data JPA repositories in DEFAULT mode.
2025-05-04 03:52:40.943 [INFO] [restartedMain] [o.s.d.r.c.RepositoryConfigurationDelegate] - Finished Spring Data repository scanning in 30 ms. Found 11 JPA repository interfaces.
2025-05-04 03:52:41.014 [INFO] [restartedMain] [o.s.b.w.e.tomcat.TomcatWebServer] - Tomcat initialized with port 8080 (http)
2025-05-04 03:52:41.015 [INFO] [restartedMain] [o.a.coyote.http11.Http11NioProtocol] - Initializing ProtocolHandler ["http-nio-8080"]
2025-05-04 03:52:41.015 [INFO] [restartedMain] [o.a.catalina.core.StandardService] - Starting service [Tomcat]
2025-05-04 03:52:41.016 [INFO] [restartedMain] [o.a.catalina.core.StandardEngine] - Starting Servlet engine: [Apache Tomcat/10.1.39]
2025-05-04 03:52:41.034 [INFO] [restartedMain] [o.a.c.c.C.[Tomcat-4].[localhost].[/]] - Initializing Spring embedded WebApplicationContext
2025-05-04 03:52:41.035 [INFO] [restartedMain] [o.s.b.w.s.c.ServletWebServerApplicationContext] - Root WebApplicationContext: initialization completed in 362 ms
2025-05-04 03:52:41.055 [INFO] [restartedMain] [o.h.jpa.internal.util.LogHelper] - HHH000204: Processing PersistenceUnitInfo [name: default]
2025-05-04 03:52:41.060 [INFO] [restartedMain] [o.h.c.i.RegionFactoryInitiator] - HHH000026: Second-level cache disabled
2025-05-04 03:52:41.069 [INFO] [restartedMain] [o.s.o.j.p.SpringPersistenceUnitInfo] - No LoadTimeWeaver setup: ignoring JPA class transformer
2025-05-04 03:52:41.070 [INFO] [restartedMain] [com.zaxxer.hikari.HikariDataSource] - HikariPool-63 - Starting...
2025-05-04 03:52:41.072 [INFO] [restartedMain] [com.zaxxer.hikari.pool.HikariPool] - HikariPool-63 - Added connection org.mariadb.jdbc.MariaDbConnection@a2e7100
2025-05-04 03:52:41.073 [INFO] [restartedMain] [com.zaxxer.hikari.HikariDataSource] - HikariPool-63 - Start completed.
2025-05-04 03:52:41.073 [INFO] [restartedMain] [o.hibernate.orm.connections.pooling] - HHH10001005: Database info:
	Database JDBC URL [Connecting through datasource 'HikariDataSource (HikariPool-63)']
	Database driver: undefined/unknown
	Database version: 11.7.2
	Autocommit mode: undefined/unknown
	Isolation level: undefined/unknown
	Minimum pool size: undefined/unknown
	Maximum pool size: undefined/unknown
2025-05-04 03:52:41.161 [INFO] [restartedMain] [o.h.e.t.j.p.i.JtaPlatformInitiator] - HHH000489: No JTA platform available (set 'hibernate.transaction.jta.platform' to enable JTA platform integration)
2025-05-04 03:52:41.183 [INFO] [restartedMain] [o.s.o.j.LocalContainerEntityManagerFactoryBean] - Initialized JPA EntityManagerFactory for persistence unit 'default'
2025-05-04 03:52:41.335 [INFO] [restartedMain] [o.s.s.c.a.a.c.InitializeUserDetailsBeanManagerConfigurer$InitializeUserDetailsManagerConfigurer] - Global AuthenticationManager configured with UserDetailsService bean with name inMemoryUserDetailsManager
2025-05-04 03:52:41.340 [INFO] [restartedMain] [o.s.b.a.w.s.WelcomePageHandlerMapping] - Adding welcome page: class path resource [static/index.html]
2025-05-04 03:52:41.597 [INFO] [restartedMain] [o.s.v.b.OptionalValidatorFactoryBean] - Failed to set up a Bean Validation provider: jakarta.validation.NoProviderFoundException: Unable to create a Configuration, because no Jakarta Bean Validation provider could be found. Add a provider like Hibernate Validator (RI) to your classpath.
2025-05-04 03:52:41.645 [INFO] [restartedMain] [o.s.b.d.a.OptionalLiveReloadServer] - LiveReload server is running on port 35729
2025-05-04 03:52:41.650 [INFO] [restartedMain] [o.a.coyote.http11.Http11NioProtocol] - Starting ProtocolHandler ["http-nio-8080"]
2025-05-04 03:52:41.654 [INFO] [restartedMain] [o.s.b.w.e.tomcat.TomcatWebServer] - Tomcat started on port 8080 (http) with context path '/'
2025-05-04 03:52:41.657 [INFO] [restartedMain] [c.g.aigroove.AigrooveApplication] - Started AigrooveApplication in 1.027 seconds (process running for 9813.338)
2025-05-04 03:52:41.659 [INFO] [restartedMain] [o.s.b.d.a.ConditionEvaluationDeltaLoggingListener] - Condition evaluation unchanged
2025-05-04 03:54:39.326 [INFO] [File Watcher] [o.s.b.d.a.LocalDevToolsAutoConfiguration$RestartingClassPathChangeChangedEventListener] - Restarting due to 1 class path change (0 additions, 0 deletions, 1 modification)
2025-05-04 03:54:39.327 [INFO] [Thread-247] [o.s.b.w.e.tomcat.GracefulShutdown] - Commencing graceful shutdown. Waiting for active requests to complete
2025-05-04 03:54:39.328 [INFO] [tomcat-shutdown] [o.a.coyote.http11.Http11NioProtocol] - Pausing ProtocolHandler ["http-nio-8080"]
2025-05-04 03:54:39.429 [INFO] [tomcat-shutdown] [o.s.b.w.e.tomcat.GracefulShutdown] - Graceful shutdown complete
2025-05-04 03:54:39.430 [INFO] [Thread-247] [o.a.coyote.http11.Http11NioProtocol] - Stopping ProtocolHandler ["http-nio-8080"]
2025-05-04 03:54:39.431 [INFO] [Thread-247] [o.s.o.j.LocalContainerEntityManagerFactoryBean] - Closing JPA EntityManagerFactory for persistence unit 'default'
2025-05-04 03:54:39.431 [INFO] [Thread-247] [com.zaxxer.hikari.HikariDataSource] - HikariPool-63 - Shutdown initiated...
2025-05-04 03:54:39.433 [INFO] [Thread-247] [com.zaxxer.hikari.HikariDataSource] - HikariPool-63 - Shutdown completed.
2025-05-04 03:54:39.551 [INFO] [restartedMain] [c.g.aigroove.AigrooveApplication] - Starting AigrooveApplication using Java 17.0.15 with PID 17224 (C:\dev\AIGroove_api\aigroove\bin\main started by 문유신 in C:\dev\AIGroove_api\aigroove)
2025-05-04 03:54:39.552 [INFO] [restartedMain] [c.g.aigroove.AigrooveApplication] - No active profile set, falling back to 1 default profile: "default"
2025-05-04 03:54:39.821 [INFO] [restartedMain] [o.s.d.r.c.RepositoryConfigurationDelegate] - Bootstrapping Spring Data JPA repositories in DEFAULT mode.
2025-05-04 03:54:39.858 [INFO] [restartedMain] [o.s.d.r.c.RepositoryConfigurationDelegate] - Finished Spring Data repository scanning in 34 ms. Found 11 JPA repository interfaces.
2025-05-04 03:54:39.928 [INFO] [restartedMain] [o.s.b.w.e.tomcat.TomcatWebServer] - Tomcat initialized with port 8080 (http)
2025-05-04 03:54:39.929 [INFO] [restartedMain] [o.a.coyote.http11.Http11NioProtocol] - Initializing ProtocolHandler ["http-nio-8080"]
2025-05-04 03:54:39.929 [INFO] [restartedMain] [o.a.catalina.core.StandardService] - Starting service [Tomcat]
2025-05-04 03:54:39.929 [INFO] [restartedMain] [o.a.catalina.core.StandardEngine] - Starting Servlet engine: [Apache Tomcat/10.1.39]
2025-05-04 03:54:39.949 [INFO] [restartedMain] [o.a.c.c.C.[Tomcat-4].[localhost].[/]] - Initializing Spring embedded WebApplicationContext
2025-05-04 03:54:39.949 [INFO] [restartedMain] [o.s.b.w.s.c.ServletWebServerApplicationContext] - Root WebApplicationContext: initialization completed in 395 ms
2025-05-04 03:54:39.974 [INFO] [restartedMain] [o.h.jpa.internal.util.LogHelper] - HHH000204: Processing PersistenceUnitInfo [name: default]
2025-05-04 03:54:39.979 [INFO] [restartedMain] [o.h.c.i.RegionFactoryInitiator] - HHH000026: Second-level cache disabled
2025-05-04 03:54:39.990 [INFO] [restartedMain] [o.s.o.j.p.SpringPersistenceUnitInfo] - No LoadTimeWeaver setup: ignoring JPA class transformer
2025-05-04 03:54:39.991 [INFO] [restartedMain] [com.zaxxer.hikari.HikariDataSource] - HikariPool-64 - Starting...
2025-05-04 03:54:39.993 [INFO] [restartedMain] [com.zaxxer.hikari.pool.HikariPool] - HikariPool-64 - Added connection org.mariadb.jdbc.MariaDbConnection@784e2b54
2025-05-04 03:54:39.993 [INFO] [restartedMain] [com.zaxxer.hikari.HikariDataSource] - HikariPool-64 - Start completed.
2025-05-04 03:54:39.994 [INFO] [restartedMain] [o.hibernate.orm.connections.pooling] - HHH10001005: Database info:
	Database JDBC URL [Connecting through datasource 'HikariDataSource (HikariPool-64)']
	Database driver: undefined/unknown
	Database version: 11.7.2
	Autocommit mode: undefined/unknown
	Isolation level: undefined/unknown
	Minimum pool size: undefined/unknown
	Maximum pool size: undefined/unknown
2025-05-04 03:54:40.113 [INFO] [restartedMain] [o.h.e.t.j.p.i.JtaPlatformInitiator] - HHH000489: No JTA platform available (set 'hibernate.transaction.jta.platform' to enable JTA platform integration)
2025-05-04 03:54:40.139 [INFO] [restartedMain] [o.s.o.j.LocalContainerEntityManagerFactoryBean] - Initialized JPA EntityManagerFactory for persistence unit 'default'
2025-05-04 03:54:40.273 [INFO] [restartedMain] [o.s.s.c.a.a.c.InitializeUserDetailsBeanManagerConfigurer$InitializeUserDetailsManagerConfigurer] - Global AuthenticationManager configured with UserDetailsService bean with name inMemoryUserDetailsManager
2025-05-04 03:54:40.278 [INFO] [restartedMain] [o.s.b.a.w.s.WelcomePageHandlerMapping] - Adding welcome page: class path resource [static/index.html]
2025-05-04 03:54:40.540 [INFO] [restartedMain] [o.s.v.b.OptionalValidatorFactoryBean] - Failed to set up a Bean Validation provider: jakarta.validation.NoProviderFoundException: Unable to create a Configuration, because no Jakarta Bean Validation provider could be found. Add a provider like Hibernate Validator (RI) to your classpath.
2025-05-04 03:54:40.590 [INFO] [restartedMain] [o.s.b.d.a.OptionalLiveReloadServer] - LiveReload server is running on port 35729
2025-05-04 03:54:40.596 [INFO] [restartedMain] [o.a.coyote.http11.Http11NioProtocol] - Starting ProtocolHandler ["http-nio-8080"]
2025-05-04 03:54:40.599 [INFO] [restartedMain] [o.s.b.w.e.tomcat.TomcatWebServer] - Tomcat started on port 8080 (http) with context path '/'
2025-05-04 03:54:40.602 [INFO] [restartedMain] [c.g.aigroove.AigrooveApplication] - Started AigrooveApplication in 1.082 seconds (process running for 9932.282)
2025-05-04 03:54:40.603 [INFO] [restartedMain] [o.s.b.d.a.ConditionEvaluationDeltaLoggingListener] - Condition evaluation unchanged
2025-05-04 03:55:56.628 [INFO] [File Watcher] [o.s.b.d.a.LocalDevToolsAutoConfiguration$RestartingClassPathChangeChangedEventListener] - Restarting due to 1 class path change (0 additions, 0 deletions, 1 modification)
2025-05-04 03:55:56.630 [INFO] [Thread-251] [o.s.b.w.e.tomcat.GracefulShutdown] - Commencing graceful shutdown. Waiting for active requests to complete
2025-05-04 03:55:56.631 [INFO] [tomcat-shutdown] [o.a.coyote.http11.Http11NioProtocol] - Pausing ProtocolHandler ["http-nio-8080"]
2025-05-04 03:55:56.714 [INFO] [tomcat-shutdown] [o.s.b.w.e.tomcat.GracefulShutdown] - Graceful shutdown complete
2025-05-04 03:55:56.714 [INFO] [Thread-251] [o.a.coyote.http11.Http11NioProtocol] - Stopping ProtocolHandler ["http-nio-8080"]
2025-05-04 03:55:56.716 [INFO] [Thread-251] [o.s.o.j.LocalContainerEntityManagerFactoryBean] - Closing JPA EntityManagerFactory for persistence unit 'default'
2025-05-04 03:55:56.716 [INFO] [Thread-251] [com.zaxxer.hikari.HikariDataSource] - HikariPool-64 - Shutdown initiated...
2025-05-04 03:55:56.717 [INFO] [Thread-251] [com.zaxxer.hikari.HikariDataSource] - HikariPool-64 - Shutdown completed.
2025-05-04 03:55:56.834 [INFO] [restartedMain] [c.g.aigroove.AigrooveApplication] - Starting AigrooveApplication using Java 17.0.15 with PID 17224 (C:\dev\AIGroove_api\aigroove\bin\main started by 문유신 in C:\dev\AIGroove_api\aigroove)
2025-05-04 03:55:56.835 [INFO] [restartedMain] [c.g.aigroove.AigrooveApplication] - No active profile set, falling back to 1 default profile: "default"
2025-05-04 03:55:57.089 [INFO] [restartedMain] [o.s.d.r.c.RepositoryConfigurationDelegate] - Bootstrapping Spring Data JPA repositories in DEFAULT mode.
2025-05-04 03:55:57.123 [INFO] [restartedMain] [o.s.d.r.c.RepositoryConfigurationDelegate] - Finished Spring Data repository scanning in 32 ms. Found 11 JPA repository interfaces.
2025-05-04 03:55:57.196 [INFO] [restartedMain] [o.s.b.w.e.tomcat.TomcatWebServer] - Tomcat initialized with port 8080 (http)
2025-05-04 03:55:57.197 [INFO] [restartedMain] [o.a.coyote.http11.Http11NioProtocol] - Initializing ProtocolHandler ["http-nio-8080"]
2025-05-04 03:55:57.197 [INFO] [restartedMain] [o.a.catalina.core.StandardService] - Starting service [Tomcat]
2025-05-04 03:55:57.197 [INFO] [restartedMain] [o.a.catalina.core.StandardEngine] - Starting Servlet engine: [Apache Tomcat/10.1.39]
2025-05-04 03:55:57.217 [INFO] [restartedMain] [o.a.c.c.C.[Tomcat-4].[localhost].[/]] - Initializing Spring embedded WebApplicationContext
2025-05-04 03:55:57.217 [INFO] [restartedMain] [o.s.b.w.s.c.ServletWebServerApplicationContext] - Root WebApplicationContext: initialization completed in 380 ms
2025-05-04 03:55:57.241 [INFO] [restartedMain] [o.h.jpa.internal.util.LogHelper] - HHH000204: Processing PersistenceUnitInfo [name: default]
2025-05-04 03:55:57.247 [INFO] [restartedMain] [o.h.c.i.RegionFactoryInitiator] - HHH000026: Second-level cache disabled
2025-05-04 03:55:57.257 [INFO] [restartedMain] [o.s.o.j.p.SpringPersistenceUnitInfo] - No LoadTimeWeaver setup: ignoring JPA class transformer
2025-05-04 03:55:57.259 [INFO] [restartedMain] [com.zaxxer.hikari.HikariDataSource] - HikariPool-65 - Starting...
2025-05-04 03:55:57.260 [INFO] [restartedMain] [com.zaxxer.hikari.pool.HikariPool] - HikariPool-65 - Added connection org.mariadb.jdbc.MariaDbConnection@2fe5880f
2025-05-04 03:55:57.261 [INFO] [restartedMain] [com.zaxxer.hikari.HikariDataSource] - HikariPool-65 - Start completed.
2025-05-04 03:55:57.261 [INFO] [restartedMain] [o.hibernate.orm.connections.pooling] - HHH10001005: Database info:
	Database JDBC URL [Connecting through datasource 'HikariDataSource (HikariPool-65)']
	Database driver: undefined/unknown
	Database version: 11.7.2
	Autocommit mode: undefined/unknown
	Isolation level: undefined/unknown
	Minimum pool size: undefined/unknown
	Maximum pool size: undefined/unknown
2025-05-04 03:55:57.355 [INFO] [restartedMain] [o.h.e.t.j.p.i.JtaPlatformInitiator] - HHH000489: No JTA platform available (set 'hibernate.transaction.jta.platform' to enable JTA platform integration)
2025-05-04 03:55:57.379 [INFO] [restartedMain] [o.s.o.j.LocalContainerEntityManagerFactoryBean] - Initialized JPA EntityManagerFactory for persistence unit 'default'
2025-05-04 03:55:57.533 [INFO] [restartedMain] [o.s.s.c.a.a.c.InitializeUserDetailsBeanManagerConfigurer$InitializeUserDetailsManagerConfigurer] - Global AuthenticationManager configured with UserDetailsService bean with name inMemoryUserDetailsManager
2025-05-04 03:55:57.538 [INFO] [restartedMain] [o.s.b.a.w.s.WelcomePageHandlerMapping] - Adding welcome page: class path resource [static/index.html]
2025-05-04 03:55:57.795 [INFO] [restartedMain] [o.s.v.b.OptionalValidatorFactoryBean] - Failed to set up a Bean Validation provider: jakarta.validation.NoProviderFoundException: Unable to create a Configuration, because no Jakarta Bean Validation provider could be found. Add a provider like Hibernate Validator (RI) to your classpath.
2025-05-04 03:55:57.841 [INFO] [restartedMain] [o.s.b.d.a.OptionalLiveReloadServer] - LiveReload server is running on port 35729
2025-05-04 03:55:57.846 [INFO] [restartedMain] [o.a.coyote.http11.Http11NioProtocol] - Starting ProtocolHandler ["http-nio-8080"]
2025-05-04 03:55:57.849 [INFO] [restartedMain] [o.s.b.w.e.tomcat.TomcatWebServer] - Tomcat started on port 8080 (http) with context path '/'
2025-05-04 03:55:57.852 [INFO] [restartedMain] [c.g.aigroove.AigrooveApplication] - Started AigrooveApplication in 1.051 seconds (process running for 10009.533)
2025-05-04 03:55:57.853 [INFO] [restartedMain] [o.s.b.d.a.ConditionEvaluationDeltaLoggingListener] - Condition evaluation unchanged
2025-05-04 03:56:42.133 [INFO] [File Watcher] [o.s.b.d.a.LocalDevToolsAutoConfiguration$RestartingClassPathChangeChangedEventListener] - Restarting due to 1 class path change (0 additions, 0 deletions, 1 modification)
2025-05-04 03:56:42.135 [INFO] [Thread-255] [o.s.b.w.e.tomcat.GracefulShutdown] - Commencing graceful shutdown. Waiting for active requests to complete
2025-05-04 03:56:42.135 [INFO] [tomcat-shutdown] [o.a.coyote.http11.Http11NioProtocol] - Pausing ProtocolHandler ["http-nio-8080"]
2025-05-04 03:56:42.290 [INFO] [tomcat-shutdown] [o.s.b.w.e.tomcat.GracefulShutdown] - Graceful shutdown complete
2025-05-04 03:56:42.290 [INFO] [Thread-255] [o.a.coyote.http11.Http11NioProtocol] - Stopping ProtocolHandler ["http-nio-8080"]
2025-05-04 03:56:42.292 [INFO] [Thread-255] [o.s.o.j.LocalContainerEntityManagerFactoryBean] - Closing JPA EntityManagerFactory for persistence unit 'default'
2025-05-04 03:56:42.293 [INFO] [Thread-255] [com.zaxxer.hikari.HikariDataSource] - HikariPool-65 - Shutdown initiated...
2025-05-04 03:56:42.295 [INFO] [Thread-255] [com.zaxxer.hikari.HikariDataSource] - HikariPool-65 - Shutdown completed.
2025-05-04 03:56:42.448 [INFO] [restartedMain] [c.g.aigroove.AigrooveApplication] - Starting AigrooveApplication using Java 17.0.15 with PID 17224 (C:\dev\AIGroove_api\aigroove\bin\main started by 문유신 in C:\dev\AIGroove_api\aigroove)
2025-05-04 03:56:42.448 [INFO] [restartedMain] [c.g.aigroove.AigrooveApplication] - No active profile set, falling back to 1 default profile: "default"
2025-05-04 03:56:42.724 [INFO] [restartedMain] [o.s.d.r.c.RepositoryConfigurationDelegate] - Bootstrapping Spring Data JPA repositories in DEFAULT mode.
2025-05-04 03:56:42.762 [INFO] [restartedMain] [o.s.d.r.c.RepositoryConfigurationDelegate] - Finished Spring Data repository scanning in 36 ms. Found 11 JPA repository interfaces.
2025-05-04 03:56:42.831 [INFO] [restartedMain] [o.s.b.w.e.tomcat.TomcatWebServer] - Tomcat initialized with port 8080 (http)
2025-05-04 03:56:42.831 [INFO] [restartedMain] [o.a.coyote.http11.Http11NioProtocol] - Initializing ProtocolHandler ["http-nio-8080"]
2025-05-04 03:56:42.832 [INFO] [restartedMain] [o.a.catalina.core.StandardService] - Starting service [Tomcat]
2025-05-04 03:56:42.832 [INFO] [restartedMain] [o.a.catalina.core.StandardEngine] - Starting Servlet engine: [Apache Tomcat/10.1.39]
2025-05-04 03:56:42.852 [INFO] [restartedMain] [o.a.c.c.C.[Tomcat-4].[localhost].[/]] - Initializing Spring embedded WebApplicationContext
2025-05-04 03:56:42.852 [INFO] [restartedMain] [o.s.b.w.s.c.ServletWebServerApplicationContext] - Root WebApplicationContext: initialization completed in 401 ms
2025-05-04 03:56:42.873 [INFO] [restartedMain] [o.h.jpa.internal.util.LogHelper] - HHH000204: Processing PersistenceUnitInfo [name: default]
2025-05-04 03:56:42.879 [INFO] [restartedMain] [o.h.c.i.RegionFactoryInitiator] - HHH000026: Second-level cache disabled
2025-05-04 03:56:42.891 [INFO] [restartedMain] [o.s.o.j.p.SpringPersistenceUnitInfo] - No LoadTimeWeaver setup: ignoring JPA class transformer
2025-05-04 03:56:42.893 [INFO] [restartedMain] [com.zaxxer.hikari.HikariDataSource] - HikariPool-66 - Starting...
2025-05-04 03:56:42.896 [INFO] [restartedMain] [com.zaxxer.hikari.pool.HikariPool] - HikariPool-66 - Added connection org.mariadb.jdbc.MariaDbConnection@19acad7c
2025-05-04 03:56:42.896 [INFO] [restartedMain] [com.zaxxer.hikari.HikariDataSource] - HikariPool-66 - Start completed.
2025-05-04 03:56:42.897 [INFO] [restartedMain] [o.hibernate.orm.connections.pooling] - HHH10001005: Database info:
	Database JDBC URL [Connecting through datasource 'HikariDataSource (HikariPool-66)']
	Database driver: undefined/unknown
	Database version: 11.7.2
	Autocommit mode: undefined/unknown
	Isolation level: undefined/unknown
	Minimum pool size: undefined/unknown
	Maximum pool size: undefined/unknown
2025-05-04 03:56:42.991 [INFO] [restartedMain] [o.h.e.t.j.p.i.JtaPlatformInitiator] - HHH000489: No JTA platform available (set 'hibernate.transaction.jta.platform' to enable JTA platform integration)
2025-05-04 03:56:43.012 [INFO] [restartedMain] [o.s.o.j.LocalContainerEntityManagerFactoryBean] - Initialized JPA EntityManagerFactory for persistence unit 'default'
2025-05-04 03:56:43.157 [INFO] [restartedMain] [o.s.s.c.a.a.c.InitializeUserDetailsBeanManagerConfigurer$InitializeUserDetailsManagerConfigurer] - Global AuthenticationManager configured with UserDetailsService bean with name inMemoryUserDetailsManager
2025-05-04 03:56:43.163 [INFO] [restartedMain] [o.s.b.a.w.s.WelcomePageHandlerMapping] - Adding welcome page: class path resource [static/index.html]
2025-05-04 03:56:43.447 [INFO] [restartedMain] [o.s.v.b.OptionalValidatorFactoryBean] - Failed to set up a Bean Validation provider: jakarta.validation.NoProviderFoundException: Unable to create a Configuration, because no Jakarta Bean Validation provider could be found. Add a provider like Hibernate Validator (RI) to your classpath.
2025-05-04 03:56:43.498 [INFO] [restartedMain] [o.s.b.d.a.OptionalLiveReloadServer] - LiveReload server is running on port 35729
2025-05-04 03:56:43.504 [INFO] [restartedMain] [o.a.coyote.http11.Http11NioProtocol] - Starting ProtocolHandler ["http-nio-8080"]
2025-05-04 03:56:43.506 [INFO] [restartedMain] [o.s.b.w.e.tomcat.TomcatWebServer] - Tomcat started on port 8080 (http) with context path '/'
2025-05-04 03:56:43.510 [INFO] [restartedMain] [c.g.aigroove.AigrooveApplication] - Started AigrooveApplication in 1.101 seconds (process running for 10055.191)
2025-05-04 03:56:43.511 [INFO] [restartedMain] [o.s.b.d.a.ConditionEvaluationDeltaLoggingListener] - Condition evaluation unchanged
2025-05-04 03:57:34.104 [INFO] [http-nio-8080-exec-1] [o.a.c.c.C.[Tomcat-4].[localhost].[/]] - Initializing Spring DispatcherServlet 'dispatcherServlet'
2025-05-04 03:57:34.104 [INFO] [http-nio-8080-exec-1] [o.s.web.servlet.DispatcherServlet] - Initializing Servlet 'dispatcherServlet'
2025-05-04 03:57:34.105 [INFO] [http-nio-8080-exec-1] [o.s.web.servlet.DispatcherServlet] - Completed initialization in 1 ms
2025-05-04 03:57:34.497 [INFO] [http-nio-8080-exec-9] [o.s.api.AbstractOpenApiResource] - Init duration for springdoc-openapi is: 134 ms
2025-05-04 04:02:00.638 [INFO] [File Watcher] [o.s.b.d.a.LocalDevToolsAutoConfiguration$RestartingClassPathChangeChangedEventListener] - Restarting due to 1 class path change (0 additions, 0 deletions, 1 modification)
2025-05-04 04:02:00.640 [INFO] [Thread-259] [o.s.b.w.e.tomcat.GracefulShutdown] - Commencing graceful shutdown. Waiting for active requests to complete
2025-05-04 04:02:00.640 [INFO] [tomcat-shutdown] [o.a.coyote.http11.Http11NioProtocol] - Pausing ProtocolHandler ["http-nio-8080"]
2025-05-04 04:02:00.723 [INFO] [tomcat-shutdown] [o.s.b.w.e.tomcat.GracefulShutdown] - Graceful shutdown complete
2025-05-04 04:02:00.723 [INFO] [Thread-259] [o.a.coyote.http11.Http11NioProtocol] - Stopping ProtocolHandler ["http-nio-8080"]
2025-05-04 04:02:00.725 [INFO] [Thread-259] [o.s.o.j.LocalContainerEntityManagerFactoryBean] - Closing JPA EntityManagerFactory for persistence unit 'default'
2025-05-04 04:02:00.725 [INFO] [Thread-259] [com.zaxxer.hikari.HikariDataSource] - HikariPool-66 - Shutdown initiated...
2025-05-04 04:02:00.727 [INFO] [Thread-259] [com.zaxxer.hikari.HikariDataSource] - HikariPool-66 - Shutdown completed.
2025-05-04 04:02:00.846 [INFO] [restartedMain] [c.g.aigroove.AigrooveApplication] - Starting AigrooveApplication using Java 17.0.15 with PID 17224 (C:\dev\AIGroove_api\aigroove\bin\main started by 문유신 in C:\dev\AIGroove_api\aigroove)
2025-05-04 04:02:00.847 [INFO] [restartedMain] [c.g.aigroove.AigrooveApplication] - No active profile set, falling back to 1 default profile: "default"
2025-05-04 04:02:01.086 [INFO] [restartedMain] [o.s.d.r.c.RepositoryConfigurationDelegate] - Bootstrapping Spring Data JPA repositories in DEFAULT mode.
2025-05-04 04:02:01.116 [INFO] [restartedMain] [o.s.d.r.c.RepositoryConfigurationDelegate] - Finished Spring Data repository scanning in 29 ms. Found 11 JPA repository interfaces.
2025-05-04 04:02:01.189 [INFO] [restartedMain] [o.s.b.w.e.tomcat.TomcatWebServer] - Tomcat initialized with port 8080 (http)
2025-05-04 04:02:01.190 [INFO] [restartedMain] [o.a.coyote.http11.Http11NioProtocol] - Initializing ProtocolHandler ["http-nio-8080"]
2025-05-04 04:02:01.190 [INFO] [restartedMain] [o.a.catalina.core.StandardService] - Starting service [Tomcat]
2025-05-04 04:02:01.190 [INFO] [restartedMain] [o.a.catalina.core.StandardEngine] - Starting Servlet engine: [Apache Tomcat/10.1.39]
2025-05-04 04:02:01.210 [INFO] [restartedMain] [o.a.c.c.C.[Tomcat-4].[localhost].[/]] - Initializing Spring embedded WebApplicationContext
2025-05-04 04:02:01.210 [INFO] [restartedMain] [o.s.b.w.s.c.ServletWebServerApplicationContext] - Root WebApplicationContext: initialization completed in 362 ms
2025-05-04 04:02:01.231 [INFO] [restartedMain] [o.h.jpa.internal.util.LogHelper] - HHH000204: Processing PersistenceUnitInfo [name: default]
2025-05-04 04:02:01.235 [INFO] [restartedMain] [o.h.c.i.RegionFactoryInitiator] - HHH000026: Second-level cache disabled
2025-05-04 04:02:01.245 [INFO] [restartedMain] [o.s.o.j.p.SpringPersistenceUnitInfo] - No LoadTimeWeaver setup: ignoring JPA class transformer
2025-05-04 04:02:01.246 [INFO] [restartedMain] [com.zaxxer.hikari.HikariDataSource] - HikariPool-67 - Starting...
2025-05-04 04:02:01.248 [INFO] [restartedMain] [com.zaxxer.hikari.pool.HikariPool] - HikariPool-67 - Added connection org.mariadb.jdbc.MariaDbConnection@16e927b3
2025-05-04 04:02:01.249 [INFO] [restartedMain] [com.zaxxer.hikari.HikariDataSource] - HikariPool-67 - Start completed.
2025-05-04 04:02:01.249 [INFO] [restartedMain] [o.hibernate.orm.connections.pooling] - HHH10001005: Database info:
	Database JDBC URL [Connecting through datasource 'HikariDataSource (HikariPool-67)']
	Database driver: undefined/unknown
	Database version: 11.7.2
	Autocommit mode: undefined/unknown
	Isolation level: undefined/unknown
	Minimum pool size: undefined/unknown
	Maximum pool size: undefined/unknown
2025-05-04 04:02:01.341 [INFO] [restartedMain] [o.h.e.t.j.p.i.JtaPlatformInitiator] - HHH000489: No JTA platform available (set 'hibernate.transaction.jta.platform' to enable JTA platform integration)
2025-05-04 04:02:01.362 [INFO] [restartedMain] [o.s.o.j.LocalContainerEntityManagerFactoryBean] - Initialized JPA EntityManagerFactory for persistence unit 'default'
2025-05-04 04:02:01.500 [INFO] [restartedMain] [o.s.s.c.a.a.c.InitializeUserDetailsBeanManagerConfigurer$InitializeUserDetailsManagerConfigurer] - Global AuthenticationManager configured with UserDetailsService bean with name inMemoryUserDetailsManager
2025-05-04 04:02:01.504 [INFO] [restartedMain] [o.s.b.a.w.s.WelcomePageHandlerMapping] - Adding welcome page: class path resource [static/index.html]
2025-05-04 04:02:01.767 [INFO] [restartedMain] [o.s.v.b.OptionalValidatorFactoryBean] - Failed to set up a Bean Validation provider: jakarta.validation.NoProviderFoundException: Unable to create a Configuration, because no Jakarta Bean Validation provider could be found. Add a provider like Hibernate Validator (RI) to your classpath.
2025-05-04 04:02:01.818 [INFO] [restartedMain] [o.s.b.d.a.OptionalLiveReloadServer] - LiveReload server is running on port 35729
2025-05-04 04:02:01.823 [INFO] [restartedMain] [o.a.coyote.http11.Http11NioProtocol] - Starting ProtocolHandler ["http-nio-8080"]
2025-05-04 04:02:01.826 [INFO] [restartedMain] [o.s.b.w.e.tomcat.TomcatWebServer] - Tomcat started on port 8080 (http) with context path '/'
2025-05-04 04:02:01.830 [INFO] [restartedMain] [c.g.aigroove.AigrooveApplication] - Started AigrooveApplication in 1.015 seconds (process running for 10373.51)
2025-05-04 04:02:01.831 [INFO] [restartedMain] [o.s.b.d.a.ConditionEvaluationDeltaLoggingListener] - Condition evaluation unchanged
2025-05-04 04:02:31.272 [INFO] [File Watcher] [o.s.b.d.a.LocalDevToolsAutoConfiguration$RestartingClassPathChangeChangedEventListener] - Restarting due to 1 class path change (0 additions, 0 deletions, 1 modification)
2025-05-04 04:02:31.273 [INFO] [Thread-263] [o.s.b.w.e.tomcat.GracefulShutdown] - Commencing graceful shutdown. Waiting for active requests to complete
2025-05-04 04:02:31.274 [INFO] [tomcat-shutdown] [o.a.coyote.http11.Http11NioProtocol] - Pausing ProtocolHandler ["http-nio-8080"]
2025-05-04 04:02:31.360 [INFO] [tomcat-shutdown] [o.s.b.w.e.tomcat.GracefulShutdown] - Graceful shutdown complete
2025-05-04 04:02:31.361 [INFO] [Thread-263] [o.a.coyote.http11.Http11NioProtocol] - Stopping ProtocolHandler ["http-nio-8080"]
2025-05-04 04:02:31.362 [INFO] [Thread-263] [o.s.o.j.LocalContainerEntityManagerFactoryBean] - Closing JPA EntityManagerFactory for persistence unit 'default'
2025-05-04 04:02:31.363 [INFO] [Thread-263] [com.zaxxer.hikari.HikariDataSource] - HikariPool-67 - Shutdown initiated...
2025-05-04 04:02:31.365 [INFO] [Thread-263] [com.zaxxer.hikari.HikariDataSource] - HikariPool-67 - Shutdown completed.
2025-05-04 04:02:31.484 [INFO] [restartedMain] [c.g.aigroove.AigrooveApplication] - Starting AigrooveApplication using Java 17.0.15 with PID 17224 (C:\dev\AIGroove_api\aigroove\bin\main started by 문유신 in C:\dev\AIGroove_api\aigroove)
2025-05-04 04:02:31.484 [INFO] [restartedMain] [c.g.aigroove.AigrooveApplication] - No active profile set, falling back to 1 default profile: "default"
2025-05-04 04:02:31.785 [INFO] [restartedMain] [o.s.d.r.c.RepositoryConfigurationDelegate] - Bootstrapping Spring Data JPA repositories in DEFAULT mode.
2025-05-04 04:02:31.817 [INFO] [restartedMain] [o.s.d.r.c.RepositoryConfigurationDelegate] - Finished Spring Data repository scanning in 30 ms. Found 11 JPA repository interfaces.
2025-05-04 04:02:31.892 [INFO] [restartedMain] [o.s.b.w.e.tomcat.TomcatWebServer] - Tomcat initialized with port 8080 (http)
2025-05-04 04:02:31.894 [INFO] [restartedMain] [o.a.coyote.http11.Http11NioProtocol] - Initializing ProtocolHandler ["http-nio-8080"]
2025-05-04 04:02:31.894 [INFO] [restartedMain] [o.a.catalina.core.StandardService] - Starting service [Tomcat]
2025-05-04 04:02:31.894 [INFO] [restartedMain] [o.a.catalina.core.StandardEngine] - Starting Servlet engine: [Apache Tomcat/10.1.39]
2025-05-04 04:02:31.914 [INFO] [restartedMain] [o.a.c.c.C.[Tomcat-4].[localhost].[/]] - Initializing Spring embedded WebApplicationContext
2025-05-04 04:02:31.915 [INFO] [restartedMain] [o.s.b.w.s.c.ServletWebServerApplicationContext] - Root WebApplicationContext: initialization completed in 429 ms
2025-05-04 04:02:31.937 [INFO] [restartedMain] [o.h.jpa.internal.util.LogHelper] - HHH000204: Processing PersistenceUnitInfo [name: default]
2025-05-04 04:02:31.942 [INFO] [restartedMain] [o.h.c.i.RegionFactoryInitiator] - HHH000026: Second-level cache disabled
2025-05-04 04:02:31.952 [INFO] [restartedMain] [o.s.o.j.p.SpringPersistenceUnitInfo] - No LoadTimeWeaver setup: ignoring JPA class transformer
2025-05-04 04:02:31.953 [INFO] [restartedMain] [com.zaxxer.hikari.HikariDataSource] - HikariPool-68 - Starting...
2025-05-04 04:02:31.955 [INFO] [restartedMain] [com.zaxxer.hikari.pool.HikariPool] - HikariPool-68 - Added connection org.mariadb.jdbc.MariaDbConnection@7166b850
2025-05-04 04:02:31.956 [INFO] [restartedMain] [com.zaxxer.hikari.HikariDataSource] - HikariPool-68 - Start completed.
2025-05-04 04:02:31.957 [INFO] [restartedMain] [o.hibernate.orm.connections.pooling] - HHH10001005: Database info:
	Database JDBC URL [Connecting through datasource 'HikariDataSource (HikariPool-68)']
	Database driver: undefined/unknown
	Database version: 11.7.2
	Autocommit mode: undefined/unknown
	Isolation level: undefined/unknown
	Minimum pool size: undefined/unknown
	Maximum pool size: undefined/unknown
2025-05-04 04:02:32.044 [INFO] [restartedMain] [o.h.e.t.j.p.i.JtaPlatformInitiator] - HHH000489: No JTA platform available (set 'hibernate.transaction.jta.platform' to enable JTA platform integration)
2025-05-04 04:02:32.066 [INFO] [restartedMain] [o.s.o.j.LocalContainerEntityManagerFactoryBean] - Initialized JPA EntityManagerFactory for persistence unit 'default'
2025-05-04 04:02:32.205 [INFO] [restartedMain] [o.s.s.c.a.a.c.InitializeUserDetailsBeanManagerConfigurer$InitializeUserDetailsManagerConfigurer] - Global AuthenticationManager configured with UserDetailsService bean with name inMemoryUserDetailsManager
2025-05-04 04:02:32.210 [INFO] [restartedMain] [o.s.b.a.w.s.WelcomePageHandlerMapping] - Adding welcome page: class path resource [static/index.html]
2025-05-04 04:02:32.469 [INFO] [restartedMain] [o.s.v.b.OptionalValidatorFactoryBean] - Failed to set up a Bean Validation provider: jakarta.validation.NoProviderFoundException: Unable to create a Configuration, because no Jakarta Bean Validation provider could be found. Add a provider like Hibernate Validator (RI) to your classpath.
2025-05-04 04:02:32.518 [INFO] [restartedMain] [o.s.b.d.a.OptionalLiveReloadServer] - LiveReload server is running on port 35729
2025-05-04 04:02:32.525 [INFO] [restartedMain] [o.a.coyote.http11.Http11NioProtocol] - Starting ProtocolHandler ["http-nio-8080"]
2025-05-04 04:02:32.527 [INFO] [restartedMain] [o.s.b.w.e.tomcat.TomcatWebServer] - Tomcat started on port 8080 (http) with context path '/'
2025-05-04 04:02:32.530 [INFO] [restartedMain] [c.g.aigroove.AigrooveApplication] - Started AigrooveApplication in 1.078 seconds (process running for 10404.211)
2025-05-04 04:02:32.531 [INFO] [restartedMain] [o.s.b.d.a.ConditionEvaluationDeltaLoggingListener] - Condition evaluation unchanged
2025-05-04 04:02:46.197 [INFO] [http-nio-8080-exec-1] [o.a.c.c.C.[Tomcat-4].[localhost].[/]] - Initializing Spring DispatcherServlet 'dispatcherServlet'
2025-05-04 04:02:46.198 [INFO] [http-nio-8080-exec-1] [o.s.web.servlet.DispatcherServlet] - Initializing Servlet 'dispatcherServlet'
2025-05-04 04:02:46.199 [INFO] [http-nio-8080-exec-1] [o.s.web.servlet.DispatcherServlet] - Completed initialization in 1 ms
2025-05-04 04:04:19.476 [INFO] [File Watcher] [o.s.b.d.a.LocalDevToolsAutoConfiguration$RestartingClassPathChangeChangedEventListener] - Restarting due to 1 class path change (0 additions, 0 deletions, 1 modification)
2025-05-04 04:04:19.478 [INFO] [Thread-267] [o.s.b.w.e.tomcat.GracefulShutdown] - Commencing graceful shutdown. Waiting for active requests to complete
2025-05-04 04:04:19.479 [INFO] [tomcat-shutdown] [o.a.coyote.http11.Http11NioProtocol] - Pausing ProtocolHandler ["http-nio-8080"]
2025-05-04 04:04:19.565 [INFO] [tomcat-shutdown] [o.s.b.w.e.tomcat.GracefulShutdown] - Graceful shutdown complete
2025-05-04 04:04:19.565 [INFO] [Thread-267] [o.a.coyote.http11.Http11NioProtocol] - Stopping ProtocolHandler ["http-nio-8080"]
2025-05-04 04:04:19.569 [INFO] [Thread-267] [o.s.o.j.LocalContainerEntityManagerFactoryBean] - Closing JPA EntityManagerFactory for persistence unit 'default'
2025-05-04 04:04:19.570 [INFO] [Thread-267] [com.zaxxer.hikari.HikariDataSource] - HikariPool-68 - Shutdown initiated...
2025-05-04 04:04:19.571 [INFO] [Thread-267] [com.zaxxer.hikari.HikariDataSource] - HikariPool-68 - Shutdown completed.
2025-05-04 04:04:19.692 [INFO] [restartedMain] [c.g.aigroove.AigrooveApplication] - Starting AigrooveApplication using Java 17.0.15 with PID 17224 (C:\dev\AIGroove_api\aigroove\bin\main started by 문유신 in C:\dev\AIGroove_api\aigroove)
2025-05-04 04:04:19.692 [INFO] [restartedMain] [c.g.aigroove.AigrooveApplication] - No active profile set, falling back to 1 default profile: "default"
2025-05-04 04:04:19.942 [INFO] [restartedMain] [o.s.d.r.c.RepositoryConfigurationDelegate] - Bootstrapping Spring Data JPA repositories in DEFAULT mode.
2025-05-04 04:04:19.977 [INFO] [restartedMain] [o.s.d.r.c.RepositoryConfigurationDelegate] - Finished Spring Data repository scanning in 34 ms. Found 11 JPA repository interfaces.
2025-05-04 04:04:20.083 [INFO] [restartedMain] [o.s.b.w.e.tomcat.TomcatWebServer] - Tomcat initialized with port 8080 (http)
2025-05-04 04:04:20.084 [INFO] [restartedMain] [o.a.coyote.http11.Http11NioProtocol] - Initializing ProtocolHandler ["http-nio-8080"]
2025-05-04 04:04:20.085 [INFO] [restartedMain] [o.a.catalina.core.StandardService] - Starting service [Tomcat]
2025-05-04 04:04:20.085 [INFO] [restartedMain] [o.a.catalina.core.StandardEngine] - Starting Servlet engine: [Apache Tomcat/10.1.39]
2025-05-04 04:04:20.109 [INFO] [restartedMain] [o.a.c.c.C.[Tomcat-4].[localhost].[/]] - Initializing Spring embedded WebApplicationContext
2025-05-04 04:04:20.109 [INFO] [restartedMain] [o.s.b.w.s.c.ServletWebServerApplicationContext] - Root WebApplicationContext: initialization completed in 414 ms
2025-05-04 04:04:20.130 [INFO] [restartedMain] [o.h.jpa.internal.util.LogHelper] - HHH000204: Processing PersistenceUnitInfo [name: default]
2025-05-04 04:04:20.135 [INFO] [restartedMain] [o.h.c.i.RegionFactoryInitiator] - HHH000026: Second-level cache disabled
2025-05-04 04:04:20.145 [INFO] [restartedMain] [o.s.o.j.p.SpringPersistenceUnitInfo] - No LoadTimeWeaver setup: ignoring JPA class transformer
2025-05-04 04:04:20.146 [INFO] [restartedMain] [com.zaxxer.hikari.HikariDataSource] - HikariPool-69 - Starting...
2025-05-04 04:04:20.148 [INFO] [restartedMain] [com.zaxxer.hikari.pool.HikariPool] - HikariPool-69 - Added connection org.mariadb.jdbc.MariaDbConnection@7b72511d
2025-05-04 04:04:20.149 [INFO] [restartedMain] [com.zaxxer.hikari.HikariDataSource] - HikariPool-69 - Start completed.
2025-05-04 04:04:20.150 [INFO] [restartedMain] [o.hibernate.orm.connections.pooling] - HHH10001005: Database info:
	Database JDBC URL [Connecting through datasource 'HikariDataSource (HikariPool-69)']
	Database driver: undefined/unknown
	Database version: 11.7.2
	Autocommit mode: undefined/unknown
	Isolation level: undefined/unknown
	Minimum pool size: undefined/unknown
	Maximum pool size: undefined/unknown
2025-05-04 04:04:20.247 [INFO] [restartedMain] [o.h.e.t.j.p.i.JtaPlatformInitiator] - HHH000489: No JTA platform available (set 'hibernate.transaction.jta.platform' to enable JTA platform integration)
2025-05-04 04:04:20.271 [INFO] [restartedMain] [o.s.o.j.LocalContainerEntityManagerFactoryBean] - Initialized JPA EntityManagerFactory for persistence unit 'default'
2025-05-04 04:04:20.412 [INFO] [restartedMain] [o.s.s.c.a.a.c.InitializeUserDetailsBeanManagerConfigurer$InitializeUserDetailsManagerConfigurer] - Global AuthenticationManager configured with UserDetailsService bean with name inMemoryUserDetailsManager
2025-05-04 04:04:20.417 [INFO] [restartedMain] [o.s.b.a.w.s.WelcomePageHandlerMapping] - Adding welcome page: class path resource [static/index.html]
2025-05-04 04:04:20.695 [INFO] [restartedMain] [o.s.v.b.OptionalValidatorFactoryBean] - Failed to set up a Bean Validation provider: jakarta.validation.NoProviderFoundException: Unable to create a Configuration, because no Jakarta Bean Validation provider could be found. Add a provider like Hibernate Validator (RI) to your classpath.
2025-05-04 04:04:20.745 [INFO] [restartedMain] [o.s.b.d.a.OptionalLiveReloadServer] - LiveReload server is running on port 35729
2025-05-04 04:04:20.751 [INFO] [restartedMain] [o.a.coyote.http11.Http11NioProtocol] - Starting ProtocolHandler ["http-nio-8080"]
2025-05-04 04:04:20.754 [INFO] [restartedMain] [o.s.b.w.e.tomcat.TomcatWebServer] - Tomcat started on port 8080 (http) with context path '/'
2025-05-04 04:04:20.757 [INFO] [restartedMain] [c.g.aigroove.AigrooveApplication] - Started AigrooveApplication in 1.096 seconds (process running for 10512.437)
2025-05-04 04:04:20.758 [INFO] [restartedMain] [o.s.b.d.a.ConditionEvaluationDeltaLoggingListener] - Condition evaluation unchanged
2025-05-04 04:04:22.878 [INFO] [http-nio-8080-exec-1] [o.a.c.c.C.[Tomcat-4].[localhost].[/]] - Initializing Spring DispatcherServlet 'dispatcherServlet'
2025-05-04 04:04:22.878 [INFO] [http-nio-8080-exec-1] [o.s.web.servlet.DispatcherServlet] - Initializing Servlet 'dispatcherServlet'
2025-05-04 04:04:22.879 [INFO] [http-nio-8080-exec-1] [o.s.web.servlet.DispatcherServlet] - Completed initialization in 1 ms
2025-05-04 04:06:30.416 [INFO] [restartedMain] [c.g.aigroove.AigrooveApplication] - Starting AigrooveApplication using Java 17.0.15 with PID 7776 (C:\dev\AIGroove_api\aigroove\bin\main started by 문유신 in C:\dev\AIGroove_api\aigroove)
2025-05-04 04:06:30.419 [INFO] [restartedMain] [c.g.aigroove.AigrooveApplication] - No active profile set, falling back to 1 default profile: "default"
2025-05-04 04:06:30.491 [INFO] [restartedMain] [o.s.b.d.e.DevToolsPropertyDefaultsPostProcessor] - Devtools property defaults active! Set 'spring.devtools.add-properties' to 'false' to disable
2025-05-04 04:06:30.492 [INFO] [restartedMain] [o.s.b.d.e.DevToolsPropertyDefaultsPostProcessor] - For additional web related logging consider setting the 'logging.level.web' property to 'DEBUG'
2025-05-04 04:06:31.911 [INFO] [restartedMain] [o.s.d.r.c.RepositoryConfigurationDelegate] - Bootstrapping Spring Data JPA repositories in DEFAULT mode.
2025-05-04 04:06:32.035 [INFO] [restartedMain] [o.s.d.r.c.RepositoryConfigurationDelegate] - Finished Spring Data repository scanning in 109 ms. Found 11 JPA repository interfaces.
2025-05-04 04:06:32.975 [INFO] [restartedMain] [o.s.b.w.e.tomcat.TomcatWebServer] - Tomcat initialized with port 8080 (http)
2025-05-04 04:06:32.992 [INFO] [restartedMain] [o.a.coyote.http11.Http11NioProtocol] - Initializing ProtocolHandler ["http-nio-8080"]
2025-05-04 04:06:32.996 [INFO] [restartedMain] [o.a.catalina.core.StandardService] - Starting service [Tomcat]
2025-05-04 04:06:32.997 [INFO] [restartedMain] [o.a.catalina.core.StandardEngine] - Starting Servlet engine: [Apache Tomcat/10.1.39]
2025-05-04 04:06:33.084 [INFO] [restartedMain] [o.a.c.c.C.[Tomcat].[localhost].[/]] - Initializing Spring embedded WebApplicationContext
2025-05-04 04:06:33.085 [INFO] [restartedMain] [o.s.b.w.s.c.ServletWebServerApplicationContext] - Root WebApplicationContext: initialization completed in 2591 ms
2025-05-04 04:06:33.282 [INFO] [restartedMain] [o.h.jpa.internal.util.LogHelper] - HHH000204: Processing PersistenceUnitInfo [name: default]
2025-05-04 04:06:33.376 [INFO] [restartedMain] [org.hibernate.Version] - HHH000412: Hibernate ORM core version 6.6.11.Final
2025-05-04 04:06:33.441 [INFO] [restartedMain] [o.h.c.i.RegionFactoryInitiator] - HHH000026: Second-level cache disabled
2025-05-04 04:06:33.891 [INFO] [restartedMain] [o.s.o.j.p.SpringPersistenceUnitInfo] - No LoadTimeWeaver setup: ignoring JPA class transformer
2025-05-04 04:06:33.934 [INFO] [restartedMain] [com.zaxxer.hikari.HikariDataSource] - HikariPool-1 - Starting...
2025-05-04 04:06:34.006 [INFO] [restartedMain] [com.zaxxer.hikari.pool.HikariPool] - HikariPool-1 - Added connection org.mariadb.jdbc.MariaDbConnection@720cfe0b
2025-05-04 04:06:34.009 [INFO] [restartedMain] [com.zaxxer.hikari.HikariDataSource] - HikariPool-1 - Start completed.
2025-05-04 04:06:34.083 [INFO] [restartedMain] [o.hibernate.orm.connections.pooling] - HHH10001005: Database info:
	Database JDBC URL [Connecting through datasource 'HikariDataSource (HikariPool-1)']
	Database driver: undefined/unknown
	Database version: 11.7.2
	Autocommit mode: undefined/unknown
	Isolation level: undefined/unknown
	Minimum pool size: undefined/unknown
	Maximum pool size: undefined/unknown
2025-05-04 04:06:35.280 [INFO] [restartedMain] [o.h.e.t.j.p.i.JtaPlatformInitiator] - HHH000489: No JTA platform available (set 'hibernate.transaction.jta.platform' to enable JTA platform integration)
2025-05-04 04:06:35.361 [INFO] [restartedMain] [o.s.o.j.LocalContainerEntityManagerFactoryBean] - Initialized JPA EntityManagerFactory for persistence unit 'default'
2025-05-04 04:06:36.246 [INFO] [restartedMain] [o.s.s.c.a.a.c.InitializeUserDetailsBeanManagerConfigurer$InitializeUserDetailsManagerConfigurer] - Global AuthenticationManager configured with UserDetailsService bean with name inMemoryUserDetailsManager
2025-05-04 04:06:36.348 [INFO] [restartedMain] [o.s.b.a.w.s.WelcomePageHandlerMapping] - Adding welcome page: class path resource [static/index.html]
2025-05-04 04:06:37.398 [INFO] [restartedMain] [o.s.v.b.OptionalValidatorFactoryBean] - Failed to set up a Bean Validation provider: jakarta.validation.NoProviderFoundException: Unable to create a Configuration, because no Jakarta Bean Validation provider could be found. Add a provider like Hibernate Validator (RI) to your classpath.
2025-05-04 04:06:37.777 [INFO] [restartedMain] [o.s.b.d.a.OptionalLiveReloadServer] - LiveReload server is running on port 35729
2025-05-04 04:06:37.795 [INFO] [restartedMain] [o.a.coyote.http11.Http11NioProtocol] - Starting ProtocolHandler ["http-nio-8080"]
2025-05-04 04:06:37.822 [INFO] [restartedMain] [o.s.b.w.e.tomcat.TomcatWebServer] - Tomcat started on port 8080 (http) with context path '/'
2025-05-04 04:06:37.835 [INFO] [restartedMain] [c.g.aigroove.AigrooveApplication] - Started AigrooveApplication in 8.081 seconds (process running for 8.636)
2025-05-04 04:06:55.895 [INFO] [http-nio-8080-exec-1] [o.a.c.c.C.[Tomcat].[localhost].[/]] - Initializing Spring DispatcherServlet 'dispatcherServlet'
2025-05-04 04:06:55.896 [INFO] [http-nio-8080-exec-1] [o.s.web.servlet.DispatcherServlet] - Initializing Servlet 'dispatcherServlet'
2025-05-04 04:06:55.898 [INFO] [http-nio-8080-exec-1] [o.s.web.servlet.DispatcherServlet] - Completed initialization in 2 ms
2025-05-04 04:08:20.860 [INFO] [File Watcher] [o.s.b.d.a.LocalDevToolsAutoConfiguration$RestartingClassPathChangeChangedEventListener] - Restarting due to 1 class path change (0 additions, 0 deletions, 1 modification)
2025-05-04 04:08:20.865 [INFO] [Thread-5] [o.s.b.w.e.tomcat.GracefulShutdown] - Commencing graceful shutdown. Waiting for active requests to complete
2025-05-04 04:08:20.866 [INFO] [tomcat-shutdown] [o.a.coyote.http11.Http11NioProtocol] - Pausing ProtocolHandler ["http-nio-8080"]
2025-05-04 04:08:20.964 [INFO] [tomcat-shutdown] [o.s.b.w.e.tomcat.GracefulShutdown] - Graceful shutdown complete
2025-05-04 04:08:20.965 [INFO] [Thread-5] [o.a.coyote.http11.Http11NioProtocol] - Stopping ProtocolHandler ["http-nio-8080"]
2025-05-04 04:08:20.971 [INFO] [Thread-5] [o.s.o.j.LocalContainerEntityManagerFactoryBean] - Closing JPA EntityManagerFactory for persistence unit 'default'
2025-05-04 04:08:20.976 [INFO] [Thread-5] [com.zaxxer.hikari.HikariDataSource] - HikariPool-1 - Shutdown initiated...
2025-05-04 04:08:20.980 [INFO] [Thread-5] [com.zaxxer.hikari.HikariDataSource] - HikariPool-1 - Shutdown completed.
2025-05-04 04:08:21.081 [INFO] [restartedMain] [c.g.aigroove.AigrooveApplication] - Starting AigrooveApplication using Java 17.0.15 with PID 7776 (C:\dev\AIGroove_api\aigroove\bin\main started by 문유신 in C:\dev\AIGroove_api\aigroove)
2025-05-04 04:08:21.082 [INFO] [restartedMain] [c.g.aigroove.AigrooveApplication] - No active profile set, falling back to 1 default profile: "default"
2025-05-04 04:08:21.643 [INFO] [restartedMain] [o.s.d.r.c.RepositoryConfigurationDelegate] - Bootstrapping Spring Data JPA repositories in DEFAULT mode.
2025-05-04 04:08:21.710 [INFO] [restartedMain] [o.s.d.r.c.RepositoryConfigurationDelegate] - Finished Spring Data repository scanning in 64 ms. Found 11 JPA repository interfaces.
2025-05-04 04:08:21.905 [INFO] [restartedMain] [o.s.b.w.e.tomcat.TomcatWebServer] - Tomcat initialized with port 8080 (http)
2025-05-04 04:08:21.906 [INFO] [restartedMain] [o.a.coyote.http11.Http11NioProtocol] - Initializing ProtocolHandler ["http-nio-8080"]
2025-05-04 04:08:21.907 [INFO] [restartedMain] [o.a.catalina.core.StandardService] - Starting service [Tomcat]
2025-05-04 04:08:21.907 [INFO] [restartedMain] [o.a.catalina.core.StandardEngine] - Starting Servlet engine: [Apache Tomcat/10.1.39]
2025-05-04 04:08:21.934 [INFO] [restartedMain] [o.a.c.c.C.[Tomcat].[localhost].[/]] - Initializing Spring embedded WebApplicationContext
2025-05-04 04:08:21.934 [INFO] [restartedMain] [o.s.b.w.s.c.ServletWebServerApplicationContext] - Root WebApplicationContext: initialization completed in 848 ms
2025-05-04 04:08:21.977 [INFO] [restartedMain] [o.h.jpa.internal.util.LogHelper] - HHH000204: Processing PersistenceUnitInfo [name: default]
2025-05-04 04:08:21.983 [INFO] [restartedMain] [o.h.c.i.RegionFactoryInitiator] - HHH000026: Second-level cache disabled
2025-05-04 04:08:22.003 [INFO] [restartedMain] [o.s.o.j.p.SpringPersistenceUnitInfo] - No LoadTimeWeaver setup: ignoring JPA class transformer
2025-05-04 04:08:22.005 [INFO] [restartedMain] [com.zaxxer.hikari.HikariDataSource] - HikariPool-2 - Starting...
2025-05-04 04:08:22.008 [INFO] [restartedMain] [com.zaxxer.hikari.pool.HikariPool] - HikariPool-2 - Added connection org.mariadb.jdbc.MariaDbConnection@6ef60145
2025-05-04 04:08:22.009 [INFO] [restartedMain] [com.zaxxer.hikari.HikariDataSource] - HikariPool-2 - Start completed.
2025-05-04 04:08:22.010 [INFO] [restartedMain] [o.hibernate.orm.connections.pooling] - HHH10001005: Database info:
	Database JDBC URL [Connecting through datasource 'HikariDataSource (HikariPool-2)']
	Database driver: undefined/unknown
	Database version: 11.7.2
	Autocommit mode: undefined/unknown
	Isolation level: undefined/unknown
	Minimum pool size: undefined/unknown
	Maximum pool size: undefined/unknown
2025-05-04 04:08:22.211 [INFO] [restartedMain] [o.h.e.t.j.p.i.JtaPlatformInitiator] - HHH000489: No JTA platform available (set 'hibernate.transaction.jta.platform' to enable JTA platform integration)
2025-05-04 04:08:22.245 [INFO] [restartedMain] [o.s.o.j.LocalContainerEntityManagerFactoryBean] - Initialized JPA EntityManagerFactory for persistence unit 'default'
2025-05-04 04:08:22.479 [INFO] [restartedMain] [o.s.s.c.a.a.c.InitializeUserDetailsBeanManagerConfigurer$InitializeUserDetailsManagerConfigurer] - Global AuthenticationManager configured with UserDetailsService bean with name inMemoryUserDetailsManager
2025-05-04 04:08:22.487 [INFO] [restartedMain] [o.s.b.a.w.s.WelcomePageHandlerMapping] - Adding welcome page: class path resource [static/index.html]
2025-05-04 04:08:22.968 [INFO] [restartedMain] [o.s.v.b.OptionalValidatorFactoryBean] - Failed to set up a Bean Validation provider: jakarta.validation.NoProviderFoundException: Unable to create a Configuration, because no Jakarta Bean Validation provider could be found. Add a provider like Hibernate Validator (RI) to your classpath.
2025-05-04 04:08:23.068 [INFO] [restartedMain] [o.s.b.d.a.OptionalLiveReloadServer] - LiveReload server is running on port 35729
2025-05-04 04:08:23.076 [INFO] [restartedMain] [o.a.coyote.http11.Http11NioProtocol] - Starting ProtocolHandler ["http-nio-8080"]
2025-05-04 04:08:23.080 [INFO] [restartedMain] [o.s.b.w.e.tomcat.TomcatWebServer] - Tomcat started on port 8080 (http) with context path '/'
2025-05-04 04:08:23.084 [INFO] [restartedMain] [c.g.aigroove.AigrooveApplication] - Started AigrooveApplication in 2.049 seconds (process running for 113.884)
2025-05-04 04:08:23.086 [INFO] [restartedMain] [o.s.b.d.a.ConditionEvaluationDeltaLoggingListener] - Condition evaluation unchanged
2025-05-04 04:08:31.798 [INFO] [File Watcher] [o.s.b.d.a.LocalDevToolsAutoConfiguration$RestartingClassPathChangeChangedEventListener] - Restarting due to 1 class path change (0 additions, 0 deletions, 1 modification)
2025-05-04 04:08:31.800 [INFO] [Thread-7] [o.s.b.w.e.tomcat.GracefulShutdown] - Commencing graceful shutdown. Waiting for active requests to complete
2025-05-04 04:08:31.801 [INFO] [tomcat-shutdown] [o.a.coyote.http11.Http11NioProtocol] - Pausing ProtocolHandler ["http-nio-8080"]
2025-05-04 04:08:31.886 [INFO] [tomcat-shutdown] [o.s.b.w.e.tomcat.GracefulShutdown] - Graceful shutdown complete
2025-05-04 04:08:31.887 [INFO] [Thread-7] [o.a.coyote.http11.Http11NioProtocol] - Stopping ProtocolHandler ["http-nio-8080"]
2025-05-04 04:08:31.890 [INFO] [Thread-7] [o.s.o.j.LocalContainerEntityManagerFactoryBean] - Closing JPA EntityManagerFactory for persistence unit 'default'
2025-05-04 04:08:31.890 [INFO] [Thread-7] [com.zaxxer.hikari.HikariDataSource] - HikariPool-2 - Shutdown initiated...
2025-05-04 04:08:31.892 [INFO] [Thread-7] [com.zaxxer.hikari.HikariDataSource] - HikariPool-2 - Shutdown completed.
2025-05-04 04:08:31.987 [INFO] [restartedMain] [c.g.aigroove.AigrooveApplication] - Starting AigrooveApplication using Java 17.0.15 with PID 7776 (C:\dev\AIGroove_api\aigroove\bin\main started by 문유신 in C:\dev\AIGroove_api\aigroove)
2025-05-04 04:08:31.987 [INFO] [restartedMain] [c.g.aigroove.AigrooveApplication] - No active profile set, falling back to 1 default profile: "default"
2025-05-04 04:08:32.432 [INFO] [restartedMain] [o.s.d.r.c.RepositoryConfigurationDelegate] - Bootstrapping Spring Data JPA repositories in DEFAULT mode.
2025-05-04 04:08:32.492 [INFO] [restartedMain] [o.s.d.r.c.RepositoryConfigurationDelegate] - Finished Spring Data repository scanning in 58 ms. Found 11 JPA repository interfaces.
2025-05-04 04:08:32.649 [INFO] [restartedMain] [o.s.b.w.e.tomcat.TomcatWebServer] - Tomcat initialized with port 8080 (http)
2025-05-04 04:08:32.650 [INFO] [restartedMain] [o.a.coyote.http11.Http11NioProtocol] - Initializing ProtocolHandler ["http-nio-8080"]
2025-05-04 04:08:32.650 [INFO] [restartedMain] [o.a.catalina.core.StandardService] - Starting service [Tomcat]
2025-05-04 04:08:32.651 [INFO] [restartedMain] [o.a.catalina.core.StandardEngine] - Starting Servlet engine: [Apache Tomcat/10.1.39]
2025-05-04 04:08:32.677 [INFO] [restartedMain] [o.a.c.c.C.[Tomcat].[localhost].[/]] - Initializing Spring embedded WebApplicationContext
2025-05-04 04:08:32.677 [INFO] [restartedMain] [o.s.b.w.s.c.ServletWebServerApplicationContext] - Root WebApplicationContext: initialization completed in 687 ms
2025-05-04 04:08:32.716 [INFO] [restartedMain] [o.h.jpa.internal.util.LogHelper] - HHH000204: Processing PersistenceUnitInfo [name: default]
2025-05-04 04:08:32.721 [INFO] [restartedMain] [o.h.c.i.RegionFactoryInitiator] - HHH000026: Second-level cache disabled
2025-05-04 04:08:32.737 [INFO] [restartedMain] [o.s.o.j.p.SpringPersistenceUnitInfo] - No LoadTimeWeaver setup: ignoring JPA class transformer
2025-05-04 04:08:32.741 [INFO] [restartedMain] [com.zaxxer.hikari.HikariDataSource] - HikariPool-3 - Starting...
2025-05-04 04:08:32.748 [INFO] [restartedMain] [com.zaxxer.hikari.pool.HikariPool] - HikariPool-3 - Added connection org.mariadb.jdbc.MariaDbConnection@5ea07f1
2025-05-04 04:08:32.751 [INFO] [restartedMain] [com.zaxxer.hikari.HikariDataSource] - HikariPool-3 - Start completed.
2025-05-04 04:08:32.756 [INFO] [restartedMain] [o.hibernate.orm.connections.pooling] - HHH10001005: Database info:
	Database JDBC URL [Connecting through datasource 'HikariDataSource (HikariPool-3)']
	Database driver: undefined/unknown
	Database version: 11.7.2
	Autocommit mode: undefined/unknown
	Isolation level: undefined/unknown
	Minimum pool size: undefined/unknown
	Maximum pool size: undefined/unknown
2025-05-04 04:08:32.960 [INFO] [restartedMain] [o.h.e.t.j.p.i.JtaPlatformInitiator] - HHH000489: No JTA platform available (set 'hibernate.transaction.jta.platform' to enable JTA platform integration)
2025-05-04 04:08:32.988 [INFO] [restartedMain] [o.s.o.j.LocalContainerEntityManagerFactoryBean] - Initialized JPA EntityManagerFactory for persistence unit 'default'
2025-05-04 04:08:33.208 [INFO] [restartedMain] [o.s.s.c.a.a.c.InitializeUserDetailsBeanManagerConfigurer$InitializeUserDetailsManagerConfigurer] - Global AuthenticationManager configured with UserDetailsService bean with name inMemoryUserDetailsManager
2025-05-04 04:08:33.217 [INFO] [restartedMain] [o.s.b.a.w.s.WelcomePageHandlerMapping] - Adding welcome page: class path resource [static/index.html]
2025-05-04 04:08:33.621 [INFO] [restartedMain] [o.s.v.b.OptionalValidatorFactoryBean] - Failed to set up a Bean Validation provider: jakarta.validation.NoProviderFoundException: Unable to create a Configuration, because no Jakarta Bean Validation provider could be found. Add a provider like Hibernate Validator (RI) to your classpath.
2025-05-04 04:08:33.717 [INFO] [restartedMain] [o.s.b.d.a.OptionalLiveReloadServer] - LiveReload server is running on port 35729
2025-05-04 04:08:33.723 [INFO] [restartedMain] [o.a.coyote.http11.Http11NioProtocol] - Starting ProtocolHandler ["http-nio-8080"]
2025-05-04 04:08:33.727 [INFO] [restartedMain] [o.s.b.w.e.tomcat.TomcatWebServer] - Tomcat started on port 8080 (http) with context path '/'
2025-05-04 04:08:33.731 [INFO] [restartedMain] [c.g.aigroove.AigrooveApplication] - Started AigrooveApplication in 1.784 seconds (process running for 124.532)
2025-05-04 04:08:33.734 [INFO] [restartedMain] [o.s.b.d.a.ConditionEvaluationDeltaLoggingListener] - Condition evaluation unchanged
2025-05-04 04:08:47.039 [INFO] [http-nio-8080-exec-1] [o.a.c.c.C.[Tomcat].[localhost].[/]] - Initializing Spring DispatcherServlet 'dispatcherServlet'
2025-05-04 04:08:47.039 [INFO] [http-nio-8080-exec-1] [o.s.web.servlet.DispatcherServlet] - Initializing Servlet 'dispatcherServlet'
2025-05-04 04:08:47.040 [INFO] [http-nio-8080-exec-1] [o.s.web.servlet.DispatcherServlet] - Completed initialization in 1 ms
2025-05-04 04:09:22.867 [INFO] [File Watcher] [o.s.b.d.a.LocalDevToolsAutoConfiguration$RestartingClassPathChangeChangedEventListener] - Restarting due to 1 class path change (0 additions, 0 deletions, 1 modification)
2025-05-04 04:09:22.868 [INFO] [Thread-11] [o.s.b.w.e.tomcat.GracefulShutdown] - Commencing graceful shutdown. Waiting for active requests to complete
2025-05-04 04:09:22.869 [INFO] [tomcat-shutdown] [o.a.coyote.http11.Http11NioProtocol] - Pausing ProtocolHandler ["http-nio-8080"]
2025-05-04 04:09:22.956 [INFO] [tomcat-shutdown] [o.s.b.w.e.tomcat.GracefulShutdown] - Graceful shutdown complete
2025-05-04 04:09:22.957 [INFO] [Thread-11] [o.a.coyote.http11.Http11NioProtocol] - Stopping ProtocolHandler ["http-nio-8080"]
2025-05-04 04:09:22.959 [INFO] [Thread-11] [o.s.o.j.LocalContainerEntityManagerFactoryBean] - Closing JPA EntityManagerFactory for persistence unit 'default'
2025-05-04 04:09:22.960 [INFO] [Thread-11] [com.zaxxer.hikari.HikariDataSource] - HikariPool-3 - Shutdown initiated...
2025-05-04 04:09:22.962 [INFO] [Thread-11] [com.zaxxer.hikari.HikariDataSource] - HikariPool-3 - Shutdown completed.
2025-05-04 04:09:23.067 [INFO] [restartedMain] [c.g.aigroove.AigrooveApplication] - Starting AigrooveApplication using Java 17.0.15 with PID 7776 (C:\dev\AIGroove_api\aigroove\bin\main started by 문유신 in C:\dev\AIGroove_api\aigroove)
2025-05-04 04:09:23.068 [INFO] [restartedMain] [c.g.aigroove.AigrooveApplication] - No active profile set, falling back to 1 default profile: "default"
2025-05-04 04:09:23.513 [INFO] [restartedMain] [o.s.d.r.c.RepositoryConfigurationDelegate] - Bootstrapping Spring Data JPA repositories in DEFAULT mode.
2025-05-04 04:09:23.574 [INFO] [restartedMain] [o.s.d.r.c.RepositoryConfigurationDelegate] - Finished Spring Data repository scanning in 58 ms. Found 11 JPA repository interfaces.
2025-05-04 04:09:23.703 [INFO] [restartedMain] [o.s.b.w.e.tomcat.TomcatWebServer] - Tomcat initialized with port 8080 (http)
2025-05-04 04:09:23.704 [INFO] [restartedMain] [o.a.coyote.http11.Http11NioProtocol] - Initializing ProtocolHandler ["http-nio-8080"]
2025-05-04 04:09:23.704 [INFO] [restartedMain] [o.a.catalina.core.StandardService] - Starting service [Tomcat]
2025-05-04 04:09:23.704 [INFO] [restartedMain] [o.a.catalina.core.StandardEngine] - Starting Servlet engine: [Apache Tomcat/10.1.39]
2025-05-04 04:09:23.729 [INFO] [restartedMain] [o.a.c.c.C.[Tomcat].[localhost].[/]] - Initializing Spring embedded WebApplicationContext
2025-05-04 04:09:23.729 [INFO] [restartedMain] [o.s.b.w.s.c.ServletWebServerApplicationContext] - Root WebApplicationContext: initialization completed in 656 ms
2025-05-04 04:09:23.774 [INFO] [restartedMain] [o.h.jpa.internal.util.LogHelper] - HHH000204: Processing PersistenceUnitInfo [name: default]
2025-05-04 04:09:23.780 [INFO] [restartedMain] [o.h.c.i.RegionFactoryInitiator] - HHH000026: Second-level cache disabled
2025-05-04 04:09:23.793 [INFO] [restartedMain] [o.s.o.j.p.SpringPersistenceUnitInfo] - No LoadTimeWeaver setup: ignoring JPA class transformer
2025-05-04 04:09:23.795 [INFO] [restartedMain] [com.zaxxer.hikari.HikariDataSource] - HikariPool-4 - Starting...
2025-05-04 04:09:23.797 [INFO] [restartedMain] [com.zaxxer.hikari.pool.HikariPool] - HikariPool-4 - Added connection org.mariadb.jdbc.MariaDbConnection@718598e
2025-05-04 04:09:23.797 [INFO] [restartedMain] [com.zaxxer.hikari.HikariDataSource] - HikariPool-4 - Start completed.
2025-05-04 04:09:23.798 [INFO] [restartedMain] [o.hibernate.orm.connections.pooling] - HHH10001005: Database info:
	Database JDBC URL [Connecting through datasource 'HikariDataSource (HikariPool-4)']
	Database driver: undefined/unknown
	Database version: 11.7.2
	Autocommit mode: undefined/unknown
	Isolation level: undefined/unknown
	Minimum pool size: undefined/unknown
	Maximum pool size: undefined/unknown
2025-05-04 04:09:23.974 [INFO] [restartedMain] [o.h.e.t.j.p.i.JtaPlatformInitiator] - HHH000489: No JTA platform available (set 'hibernate.transaction.jta.platform' to enable JTA platform integration)
2025-05-04 04:09:24.011 [INFO] [restartedMain] [o.s.o.j.LocalContainerEntityManagerFactoryBean] - Initialized JPA EntityManagerFactory for persistence unit 'default'
2025-05-04 04:09:24.209 [INFO] [restartedMain] [o.s.s.c.a.a.c.InitializeUserDetailsBeanManagerConfigurer$InitializeUserDetailsManagerConfigurer] - Global AuthenticationManager configured with UserDetailsService bean with name inMemoryUserDetailsManager
2025-05-04 04:09:24.215 [INFO] [restartedMain] [o.s.b.a.w.s.WelcomePageHandlerMapping] - Adding welcome page: class path resource [static/index.html]
2025-05-04 04:09:24.622 [INFO] [restartedMain] [o.s.v.b.OptionalValidatorFactoryBean] - Failed to set up a Bean Validation provider: jakarta.validation.NoProviderFoundException: Unable to create a Configuration, because no Jakarta Bean Validation provider could be found. Add a provider like Hibernate Validator (RI) to your classpath.
2025-05-04 04:09:24.698 [INFO] [restartedMain] [o.s.b.d.a.OptionalLiveReloadServer] - LiveReload server is running on port 35729
2025-05-04 04:09:24.704 [INFO] [restartedMain] [o.a.coyote.http11.Http11NioProtocol] - Starting ProtocolHandler ["http-nio-8080"]
2025-05-04 04:09:24.708 [INFO] [restartedMain] [o.s.b.w.e.tomcat.TomcatWebServer] - Tomcat started on port 8080 (http) with context path '/'
2025-05-04 04:09:24.712 [INFO] [restartedMain] [c.g.aigroove.AigrooveApplication] - Started AigrooveApplication in 1.689 seconds (process running for 175.513)
2025-05-04 04:09:24.714 [INFO] [restartedMain] [o.s.b.d.a.ConditionEvaluationDeltaLoggingListener] - Condition evaluation unchanged
2025-05-04 04:09:29.181 [INFO] [http-nio-8080-exec-1] [o.a.c.c.C.[Tomcat].[localhost].[/]] - Initializing Spring DispatcherServlet 'dispatcherServlet'
2025-05-04 04:09:29.181 [INFO] [http-nio-8080-exec-1] [o.s.web.servlet.DispatcherServlet] - Initializing Servlet 'dispatcherServlet'
2025-05-04 04:09:29.182 [INFO] [http-nio-8080-exec-1] [o.s.web.servlet.DispatcherServlet] - Completed initialization in 1 ms
2025-05-04 04:10:10.745 [INFO] [File Watcher] [o.s.b.d.a.LocalDevToolsAutoConfiguration$RestartingClassPathChangeChangedEventListener] - Restarting due to 1 class path change (0 additions, 0 deletions, 1 modification)
2025-05-04 04:10:10.746 [INFO] [Thread-15] [o.s.b.w.e.tomcat.GracefulShutdown] - Commencing graceful shutdown. Waiting for active requests to complete
2025-05-04 04:10:10.747 [INFO] [tomcat-shutdown] [o.a.coyote.http11.Http11NioProtocol] - Pausing ProtocolHandler ["http-nio-8080"]
2025-05-04 04:10:10.841 [INFO] [tomcat-shutdown] [o.s.b.w.e.tomcat.GracefulShutdown] - Graceful shutdown complete
2025-05-04 04:10:10.842 [INFO] [Thread-15] [o.a.coyote.http11.Http11NioProtocol] - Stopping ProtocolHandler ["http-nio-8080"]
2025-05-04 04:10:10.844 [INFO] [Thread-15] [o.s.o.j.LocalContainerEntityManagerFactoryBean] - Closing JPA EntityManagerFactory for persistence unit 'default'
2025-05-04 04:10:10.845 [INFO] [Thread-15] [com.zaxxer.hikari.HikariDataSource] - HikariPool-4 - Shutdown initiated...
2025-05-04 04:10:10.847 [INFO] [Thread-15] [com.zaxxer.hikari.HikariDataSource] - HikariPool-4 - Shutdown completed.
2025-05-04 04:10:10.936 [INFO] [restartedMain] [c.g.aigroove.AigrooveApplication] - Starting AigrooveApplication using Java 17.0.15 with PID 7776 (C:\dev\AIGroove_api\aigroove\bin\main started by 문유신 in C:\dev\AIGroove_api\aigroove)
2025-05-04 04:10:10.936 [INFO] [restartedMain] [c.g.aigroove.AigrooveApplication] - No active profile set, falling back to 1 default profile: "default"
2025-05-04 04:10:11.376 [INFO] [restartedMain] [o.s.d.r.c.RepositoryConfigurationDelegate] - Bootstrapping Spring Data JPA repositories in DEFAULT mode.
2025-05-04 04:10:11.432 [INFO] [restartedMain] [o.s.d.r.c.RepositoryConfigurationDelegate] - Finished Spring Data repository scanning in 54 ms. Found 11 JPA repository interfaces.
2025-05-04 04:10:11.575 [INFO] [restartedMain] [o.s.b.w.e.tomcat.TomcatWebServer] - Tomcat initialized with port 8080 (http)
2025-05-04 04:10:11.576 [INFO] [restartedMain] [o.a.coyote.http11.Http11NioProtocol] - Initializing ProtocolHandler ["http-nio-8080"]
2025-05-04 04:10:11.577 [INFO] [restartedMain] [o.a.catalina.core.StandardService] - Starting service [Tomcat]
2025-05-04 04:10:11.577 [INFO] [restartedMain] [o.a.catalina.core.StandardEngine] - Starting Servlet engine: [Apache Tomcat/10.1.39]
2025-05-04 04:10:11.605 [INFO] [restartedMain] [o.a.c.c.C.[Tomcat].[localhost].[/]] - Initializing Spring embedded WebApplicationContext
2025-05-04 04:10:11.605 [INFO] [restartedMain] [o.s.b.w.s.c.ServletWebServerApplicationContext] - Root WebApplicationContext: initialization completed in 666 ms
2025-05-04 04:10:11.637 [INFO] [restartedMain] [o.h.jpa.internal.util.LogHelper] - HHH000204: Processing PersistenceUnitInfo [name: default]
2025-05-04 04:10:11.642 [INFO] [restartedMain] [o.h.c.i.RegionFactoryInitiator] - HHH000026: Second-level cache disabled
2025-05-04 04:10:11.656 [INFO] [restartedMain] [o.s.o.j.p.SpringPersistenceUnitInfo] - No LoadTimeWeaver setup: ignoring JPA class transformer
2025-05-04 04:10:11.657 [INFO] [restartedMain] [com.zaxxer.hikari.HikariDataSource] - HikariPool-5 - Starting...
2025-05-04 04:10:11.659 [INFO] [restartedMain] [com.zaxxer.hikari.pool.HikariPool] - HikariPool-5 - Added connection org.mariadb.jdbc.MariaDbConnection@7c6d65cc
2025-05-04 04:10:11.659 [INFO] [restartedMain] [com.zaxxer.hikari.HikariDataSource] - HikariPool-5 - Start completed.
2025-05-04 04:10:11.660 [INFO] [restartedMain] [o.hibernate.orm.connections.pooling] - HHH10001005: Database info:
	Database JDBC URL [Connecting through datasource 'HikariDataSource (HikariPool-5)']
	Database driver: undefined/unknown
	Database version: 11.7.2
	Autocommit mode: undefined/unknown
	Isolation level: undefined/unknown
	Minimum pool size: undefined/unknown
	Maximum pool size: undefined/unknown
2025-05-04 04:10:11.817 [INFO] [restartedMain] [o.h.e.t.j.p.i.JtaPlatformInitiator] - HHH000489: No JTA platform available (set 'hibernate.transaction.jta.platform' to enable JTA platform integration)
2025-05-04 04:10:11.848 [INFO] [restartedMain] [o.s.o.j.LocalContainerEntityManagerFactoryBean] - Initialized JPA EntityManagerFactory for persistence unit 'default'
2025-05-04 04:10:12.047 [INFO] [restartedMain] [o.s.s.c.a.a.c.InitializeUserDetailsBeanManagerConfigurer$InitializeUserDetailsManagerConfigurer] - Global AuthenticationManager configured with UserDetailsService bean with name inMemoryUserDetailsManager
2025-05-04 04:10:12.055 [INFO] [restartedMain] [o.s.b.a.w.s.WelcomePageHandlerMapping] - Adding welcome page: class path resource [static/index.html]
2025-05-04 04:10:12.419 [INFO] [restartedMain] [o.s.v.b.OptionalValidatorFactoryBean] - Failed to set up a Bean Validation provider: jakarta.validation.NoProviderFoundException: Unable to create a Configuration, because no Jakarta Bean Validation provider could be found. Add a provider like Hibernate Validator (RI) to your classpath.
2025-05-04 04:10:12.486 [INFO] [restartedMain] [o.s.b.d.a.OptionalLiveReloadServer] - LiveReload server is running on port 35729
2025-05-04 04:10:12.491 [INFO] [restartedMain] [o.a.coyote.http11.Http11NioProtocol] - Starting ProtocolHandler ["http-nio-8080"]
2025-05-04 04:10:12.493 [INFO] [restartedMain] [o.s.b.w.e.tomcat.TomcatWebServer] - Tomcat started on port 8080 (http) with context path '/'
2025-05-04 04:10:12.497 [INFO] [restartedMain] [c.g.aigroove.AigrooveApplication] - Started AigrooveApplication in 1.599 seconds (process running for 223.298)
2025-05-04 04:10:12.499 [INFO] [restartedMain] [o.s.b.d.a.ConditionEvaluationDeltaLoggingListener] - Condition evaluation unchanged
2025-05-04 04:10:13.058 [INFO] [http-nio-8080-exec-1] [o.a.c.c.C.[Tomcat].[localhost].[/]] - Initializing Spring DispatcherServlet 'dispatcherServlet'
2025-05-04 04:10:13.059 [INFO] [http-nio-8080-exec-1] [o.s.web.servlet.DispatcherServlet] - Initializing Servlet 'dispatcherServlet'
2025-05-04 04:10:13.060 [INFO] [http-nio-8080-exec-1] [o.s.web.servlet.DispatcherServlet] - Completed initialization in 1 ms
2025-05-04 04:10:56.653 [INFO] [File Watcher] [o.s.b.d.a.LocalDevToolsAutoConfiguration$RestartingClassPathChangeChangedEventListener] - Restarting due to 1 class path change (0 additions, 0 deletions, 1 modification)
2025-05-04 04:10:56.654 [INFO] [Thread-19] [o.s.b.w.e.tomcat.GracefulShutdown] - Commencing graceful shutdown. Waiting for active requests to complete
2025-05-04 04:10:56.655 [INFO] [tomcat-shutdown] [o.a.coyote.http11.Http11NioProtocol] - Pausing ProtocolHandler ["http-nio-8080"]
2025-05-04 04:10:56.761 [INFO] [tomcat-shutdown] [o.s.b.w.e.tomcat.GracefulShutdown] - Graceful shutdown complete
2025-05-04 04:10:56.762 [INFO] [Thread-19] [o.a.coyote.http11.Http11NioProtocol] - Stopping ProtocolHandler ["http-nio-8080"]
2025-05-04 04:10:56.764 [INFO] [Thread-19] [o.s.o.j.LocalContainerEntityManagerFactoryBean] - Closing JPA EntityManagerFactory for persistence unit 'default'
2025-05-04 04:10:56.765 [INFO] [Thread-19] [com.zaxxer.hikari.HikariDataSource] - HikariPool-5 - Shutdown initiated...
2025-05-04 04:10:56.767 [INFO] [Thread-19] [com.zaxxer.hikari.HikariDataSource] - HikariPool-5 - Shutdown completed.
2025-05-04 04:10:56.853 [INFO] [restartedMain] [c.g.aigroove.AigrooveApplication] - Starting AigrooveApplication using Java 17.0.15 with PID 7776 (C:\dev\AIGroove_api\aigroove\bin\main started by 문유신 in C:\dev\AIGroove_api\aigroove)
2025-05-04 04:10:56.854 [INFO] [restartedMain] [c.g.aigroove.AigrooveApplication] - No active profile set, falling back to 1 default profile: "default"
2025-05-04 04:10:57.232 [INFO] [restartedMain] [o.s.d.r.c.RepositoryConfigurationDelegate] - Bootstrapping Spring Data JPA repositories in DEFAULT mode.
2025-05-04 04:10:57.278 [INFO] [restartedMain] [o.s.d.r.c.RepositoryConfigurationDelegate] - Finished Spring Data repository scanning in 44 ms. Found 11 JPA repository interfaces.
2025-05-04 04:10:57.382 [INFO] [restartedMain] [o.s.b.w.e.tomcat.TomcatWebServer] - Tomcat initialized with port 8080 (http)
2025-05-04 04:10:57.383 [INFO] [restartedMain] [o.a.coyote.http11.Http11NioProtocol] - Initializing ProtocolHandler ["http-nio-8080"]
2025-05-04 04:10:57.384 [INFO] [restartedMain] [o.a.catalina.core.StandardService] - Starting service [Tomcat]
2025-05-04 04:10:57.384 [INFO] [restartedMain] [o.a.catalina.core.StandardEngine] - Starting Servlet engine: [Apache Tomcat/10.1.39]
2025-05-04 04:10:57.407 [INFO] [restartedMain] [o.a.c.c.C.[Tomcat].[localhost].[/]] - Initializing Spring embedded WebApplicationContext
2025-05-04 04:10:57.408 [INFO] [restartedMain] [o.s.b.w.s.c.ServletWebServerApplicationContext] - Root WebApplicationContext: initialization completed in 552 ms
2025-05-04 04:10:57.442 [INFO] [restartedMain] [o.h.jpa.internal.util.LogHelper] - HHH000204: Processing PersistenceUnitInfo [name: default]
2025-05-04 04:10:57.454 [INFO] [restartedMain] [o.h.c.i.RegionFactoryInitiator] - HHH000026: Second-level cache disabled
2025-05-04 04:10:57.468 [INFO] [restartedMain] [o.s.o.j.p.SpringPersistenceUnitInfo] - No LoadTimeWeaver setup: ignoring JPA class transformer
2025-05-04 04:10:57.470 [INFO] [restartedMain] [com.zaxxer.hikari.HikariDataSource] - HikariPool-6 - Starting...
2025-05-04 04:10:57.472 [INFO] [restartedMain] [com.zaxxer.hikari.pool.HikariPool] - HikariPool-6 - Added connection org.mariadb.jdbc.MariaDbConnection@5a185f8c
2025-05-04 04:10:57.472 [INFO] [restartedMain] [com.zaxxer.hikari.HikariDataSource] - HikariPool-6 - Start completed.
2025-05-04 04:10:57.473 [INFO] [restartedMain] [o.hibernate.orm.connections.pooling] - HHH10001005: Database info:
	Database JDBC URL [Connecting through datasource 'HikariDataSource (HikariPool-6)']
	Database driver: undefined/unknown
	Database version: 11.7.2
	Autocommit mode: undefined/unknown
	Isolation level: undefined/unknown
	Minimum pool size: undefined/unknown
	Maximum pool size: undefined/unknown
2025-05-04 04:10:57.624 [INFO] [restartedMain] [o.h.e.t.j.p.i.JtaPlatformInitiator] - HHH000489: No JTA platform available (set 'hibernate.transaction.jta.platform' to enable JTA platform integration)
2025-05-04 04:10:57.655 [INFO] [restartedMain] [o.s.o.j.LocalContainerEntityManagerFactoryBean] - Initialized JPA EntityManagerFactory for persistence unit 'default'
2025-05-04 04:10:57.819 [INFO] [restartedMain] [o.s.s.c.a.a.c.InitializeUserDetailsBeanManagerConfigurer$InitializeUserDetailsManagerConfigurer] - Global AuthenticationManager configured with UserDetailsService bean with name inMemoryUserDetailsManager
2025-05-04 04:10:57.824 [INFO] [restartedMain] [o.s.b.a.w.s.WelcomePageHandlerMapping] - Adding welcome page: class path resource [static/index.html]
2025-05-04 04:10:58.135 [INFO] [restartedMain] [o.s.v.b.OptionalValidatorFactoryBean] - Failed to set up a Bean Validation provider: jakarta.validation.NoProviderFoundException: Unable to create a Configuration, because no Jakarta Bean Validation provider could be found. Add a provider like Hibernate Validator (RI) to your classpath.
2025-05-04 04:10:58.196 [INFO] [restartedMain] [o.s.b.d.a.OptionalLiveReloadServer] - LiveReload server is running on port 35729
2025-05-04 04:10:58.201 [INFO] [restartedMain] [o.a.coyote.http11.Http11NioProtocol] - Starting ProtocolHandler ["http-nio-8080"]
2025-05-04 04:10:58.204 [INFO] [restartedMain] [o.s.b.w.e.tomcat.TomcatWebServer] - Tomcat started on port 8080 (http) with context path '/'
2025-05-04 04:10:58.207 [INFO] [restartedMain] [c.g.aigroove.AigrooveApplication] - Started AigrooveApplication in 1.386 seconds (process running for 269.007)
2025-05-04 04:10:58.208 [INFO] [restartedMain] [o.s.b.d.a.ConditionEvaluationDeltaLoggingListener] - Condition evaluation unchanged
2025-05-04 04:11:00.389 [INFO] [http-nio-8080-exec-1] [o.a.c.c.C.[Tomcat].[localhost].[/]] - Initializing Spring DispatcherServlet 'dispatcherServlet'
2025-05-04 04:11:00.389 [INFO] [http-nio-8080-exec-1] [o.s.web.servlet.DispatcherServlet] - Initializing Servlet 'dispatcherServlet'
2025-05-04 04:11:00.390 [INFO] [http-nio-8080-exec-1] [o.s.web.servlet.DispatcherServlet] - Completed initialization in 0 ms
2025-05-04 04:11:33.959 [INFO] [File Watcher] [o.s.b.d.a.LocalDevToolsAutoConfiguration$RestartingClassPathChangeChangedEventListener] - Restarting due to 1 class path change (0 additions, 0 deletions, 1 modification)
2025-05-04 04:11:33.960 [INFO] [Thread-23] [o.s.b.w.e.tomcat.GracefulShutdown] - Commencing graceful shutdown. Waiting for active requests to complete
2025-05-04 04:11:33.960 [INFO] [tomcat-shutdown] [o.a.coyote.http11.Http11NioProtocol] - Pausing ProtocolHandler ["http-nio-8080"]
2025-05-04 04:11:34.050 [INFO] [tomcat-shutdown] [o.s.b.w.e.tomcat.GracefulShutdown] - Graceful shutdown complete
2025-05-04 04:11:34.051 [INFO] [Thread-23] [o.a.coyote.http11.Http11NioProtocol] - Stopping ProtocolHandler ["http-nio-8080"]
2025-05-04 04:11:34.052 [INFO] [Thread-23] [o.s.o.j.LocalContainerEntityManagerFactoryBean] - Closing JPA EntityManagerFactory for persistence unit 'default'
2025-05-04 04:11:34.053 [INFO] [Thread-23] [com.zaxxer.hikari.HikariDataSource] - HikariPool-6 - Shutdown initiated...
2025-05-04 04:11:34.055 [INFO] [Thread-23] [com.zaxxer.hikari.HikariDataSource] - HikariPool-6 - Shutdown completed.
2025-05-04 04:11:34.138 [INFO] [restartedMain] [c.g.aigroove.AigrooveApplication] - Starting AigrooveApplication using Java 17.0.15 with PID 7776 (C:\dev\AIGroove_api\aigroove\bin\main started by 문유신 in C:\dev\AIGroove_api\aigroove)
2025-05-04 04:11:34.138 [INFO] [restartedMain] [c.g.aigroove.AigrooveApplication] - No active profile set, falling back to 1 default profile: "default"
2025-05-04 04:11:34.500 [INFO] [restartedMain] [o.s.d.r.c.RepositoryConfigurationDelegate] - Bootstrapping Spring Data JPA repositories in DEFAULT mode.
2025-05-04 04:11:34.558 [INFO] [restartedMain] [o.s.d.r.c.RepositoryConfigurationDelegate] - Finished Spring Data repository scanning in 55 ms. Found 11 JPA repository interfaces.
2025-05-04 04:11:34.692 [INFO] [restartedMain] [o.s.b.w.e.tomcat.TomcatWebServer] - Tomcat initialized with port 8080 (http)
2025-05-04 04:11:34.692 [INFO] [restartedMain] [o.a.coyote.http11.Http11NioProtocol] - Initializing ProtocolHandler ["http-nio-8080"]
2025-05-04 04:11:34.692 [INFO] [restartedMain] [o.a.catalina.core.StandardService] - Starting service [Tomcat]
2025-05-04 04:11:34.693 [INFO] [restartedMain] [o.a.catalina.core.StandardEngine] - Starting Servlet engine: [Apache Tomcat/10.1.39]
2025-05-04 04:11:34.713 [INFO] [restartedMain] [o.a.c.c.C.[Tomcat].[localhost].[/]] - Initializing Spring embedded WebApplicationContext
2025-05-04 04:11:34.714 [INFO] [restartedMain] [o.s.b.w.s.c.ServletWebServerApplicationContext] - Root WebApplicationContext: initialization completed in 574 ms
2025-05-04 04:11:34.741 [INFO] [restartedMain] [o.h.jpa.internal.util.LogHelper] - HHH000204: Processing PersistenceUnitInfo [name: default]
2025-05-04 04:11:34.746 [INFO] [restartedMain] [o.h.c.i.RegionFactoryInitiator] - HHH000026: Second-level cache disabled
2025-05-04 04:11:34.758 [INFO] [restartedMain] [o.s.o.j.p.SpringPersistenceUnitInfo] - No LoadTimeWeaver setup: ignoring JPA class transformer
2025-05-04 04:11:34.760 [INFO] [restartedMain] [com.zaxxer.hikari.HikariDataSource] - HikariPool-7 - Starting...
2025-05-04 04:11:34.763 [INFO] [restartedMain] [com.zaxxer.hikari.pool.HikariPool] - HikariPool-7 - Added connection org.mariadb.jdbc.MariaDbConnection@715e35af
2025-05-04 04:11:34.763 [INFO] [restartedMain] [com.zaxxer.hikari.HikariDataSource] - HikariPool-7 - Start completed.
2025-05-04 04:11:34.765 [INFO] [restartedMain] [o.hibernate.orm.connections.pooling] - HHH10001005: Database info:
	Database JDBC URL [Connecting through datasource 'HikariDataSource (HikariPool-7)']
	Database driver: undefined/unknown
	Database version: 11.7.2
	Autocommit mode: undefined/unknown
	Isolation level: undefined/unknown
	Minimum pool size: undefined/unknown
	Maximum pool size: undefined/unknown
2025-05-04 04:11:34.917 [INFO] [restartedMain] [o.h.e.t.j.p.i.JtaPlatformInitiator] - HHH000489: No JTA platform available (set 'hibernate.transaction.jta.platform' to enable JTA platform integration)
2025-05-04 04:11:34.947 [INFO] [restartedMain] [o.s.o.j.LocalContainerEntityManagerFactoryBean] - Initialized JPA EntityManagerFactory for persistence unit 'default'
2025-05-04 04:11:35.177 [INFO] [restartedMain] [o.s.s.c.a.a.c.InitializeUserDetailsBeanManagerConfigurer$InitializeUserDetailsManagerConfigurer] - Global AuthenticationManager configured with UserDetailsService bean with name inMemoryUserDetailsManager
2025-05-04 04:11:35.190 [INFO] [restartedMain] [o.s.b.a.w.s.WelcomePageHandlerMapping] - Adding welcome page: class path resource [static/index.html]
2025-05-04 04:11:35.564 [INFO] [restartedMain] [o.s.v.b.OptionalValidatorFactoryBean] - Failed to set up a Bean Validation provider: jakarta.validation.NoProviderFoundException: Unable to create a Configuration, because no Jakarta Bean Validation provider could be found. Add a provider like Hibernate Validator (RI) to your classpath.
2025-05-04 04:11:35.644 [INFO] [restartedMain] [o.s.b.d.a.OptionalLiveReloadServer] - LiveReload server is running on port 35729
2025-05-04 04:11:35.649 [INFO] [restartedMain] [o.a.coyote.http11.Http11NioProtocol] - Starting ProtocolHandler ["http-nio-8080"]
2025-05-04 04:11:35.652 [INFO] [restartedMain] [o.s.b.w.e.tomcat.TomcatWebServer] - Tomcat started on port 8080 (http) with context path '/'
2025-05-04 04:11:35.655 [INFO] [restartedMain] [c.g.aigroove.AigrooveApplication] - Started AigrooveApplication in 1.547 seconds (process running for 306.455)
2025-05-04 04:11:35.656 [INFO] [restartedMain] [o.s.b.d.a.ConditionEvaluationDeltaLoggingListener] - Condition evaluation unchanged
2025-05-04 04:11:51.658 [INFO] [File Watcher] [o.s.b.d.a.LocalDevToolsAutoConfiguration$RestartingClassPathChangeChangedEventListener] - Restarting due to 1 class path change (0 additions, 0 deletions, 1 modification)
2025-05-04 04:11:51.659 [INFO] [Thread-27] [o.s.b.w.e.tomcat.GracefulShutdown] - Commencing graceful shutdown. Waiting for active requests to complete
2025-05-04 04:11:51.659 [INFO] [tomcat-shutdown] [o.a.coyote.http11.Http11NioProtocol] - Pausing ProtocolHandler ["http-nio-8080"]
2025-05-04 04:11:51.745 [INFO] [tomcat-shutdown] [o.s.b.w.e.tomcat.GracefulShutdown] - Graceful shutdown complete
2025-05-04 04:11:51.746 [INFO] [Thread-27] [o.a.coyote.http11.Http11NioProtocol] - Stopping ProtocolHandler ["http-nio-8080"]
2025-05-04 04:11:51.748 [INFO] [Thread-27] [o.s.o.j.LocalContainerEntityManagerFactoryBean] - Closing JPA EntityManagerFactory for persistence unit 'default'
2025-05-04 04:11:51.749 [INFO] [Thread-27] [com.zaxxer.hikari.HikariDataSource] - HikariPool-7 - Shutdown initiated...
2025-05-04 04:11:51.751 [INFO] [Thread-27] [com.zaxxer.hikari.HikariDataSource] - HikariPool-7 - Shutdown completed.
2025-05-04 04:11:51.837 [INFO] [restartedMain] [c.g.aigroove.AigrooveApplication] - Starting AigrooveApplication using Java 17.0.15 with PID 7776 (C:\dev\AIGroove_api\aigroove\bin\main started by 문유신 in C:\dev\AIGroove_api\aigroove)
2025-05-04 04:11:51.837 [INFO] [restartedMain] [c.g.aigroove.AigrooveApplication] - No active profile set, falling back to 1 default profile: "default"
2025-05-04 04:11:52.203 [INFO] [restartedMain] [o.s.d.r.c.RepositoryConfigurationDelegate] - Bootstrapping Spring Data JPA repositories in DEFAULT mode.
2025-05-04 04:11:52.260 [INFO] [restartedMain] [o.s.d.r.c.RepositoryConfigurationDelegate] - Finished Spring Data repository scanning in 55 ms. Found 11 JPA repository interfaces.
2025-05-04 04:11:52.378 [INFO] [restartedMain] [o.s.b.w.e.tomcat.TomcatWebServer] - Tomcat initialized with port 8080 (http)
2025-05-04 04:11:52.379 [INFO] [restartedMain] [o.a.coyote.http11.Http11NioProtocol] - Initializing ProtocolHandler ["http-nio-8080"]
2025-05-04 04:11:52.379 [INFO] [restartedMain] [o.a.catalina.core.StandardService] - Starting service [Tomcat]
2025-05-04 04:11:52.379 [INFO] [restartedMain] [o.a.catalina.core.StandardEngine] - Starting Servlet engine: [Apache Tomcat/10.1.39]
2025-05-04 04:11:52.409 [INFO] [restartedMain] [o.a.c.c.C.[Tomcat].[localhost].[/]] - Initializing Spring embedded WebApplicationContext
2025-05-04 04:11:52.413 [INFO] [restartedMain] [o.s.b.w.s.c.ServletWebServerApplicationContext] - Root WebApplicationContext: initialization completed in 573 ms
2025-05-04 04:11:52.448 [INFO] [restartedMain] [o.h.jpa.internal.util.LogHelper] - HHH000204: Processing PersistenceUnitInfo [name: default]
2025-05-04 04:11:52.453 [INFO] [restartedMain] [o.h.c.i.RegionFactoryInitiator] - HHH000026: Second-level cache disabled
2025-05-04 04:11:52.467 [INFO] [restartedMain] [o.s.o.j.p.SpringPersistenceUnitInfo] - No LoadTimeWeaver setup: ignoring JPA class transformer
2025-05-04 04:11:52.468 [INFO] [restartedMain] [com.zaxxer.hikari.HikariDataSource] - HikariPool-8 - Starting...
2025-05-04 04:11:52.471 [INFO] [restartedMain] [com.zaxxer.hikari.pool.HikariPool] - HikariPool-8 - Added connection org.mariadb.jdbc.MariaDbConnection@71e04c75
2025-05-04 04:11:52.471 [INFO] [restartedMain] [com.zaxxer.hikari.HikariDataSource] - HikariPool-8 - Start completed.
2025-05-04 04:11:52.472 [INFO] [restartedMain] [o.hibernate.orm.connections.pooling] - HHH10001005: Database info:
	Database JDBC URL [Connecting through datasource 'HikariDataSource (HikariPool-8)']
	Database driver: undefined/unknown
	Database version: 11.7.2
	Autocommit mode: undefined/unknown
	Isolation level: undefined/unknown
	Minimum pool size: undefined/unknown
	Maximum pool size: undefined/unknown
2025-05-04 04:11:52.638 [INFO] [restartedMain] [o.h.e.t.j.p.i.JtaPlatformInitiator] - HHH000489: No JTA platform available (set 'hibernate.transaction.jta.platform' to enable JTA platform integration)
2025-05-04 04:11:52.668 [INFO] [restartedMain] [o.s.o.j.LocalContainerEntityManagerFactoryBean] - Initialized JPA EntityManagerFactory for persistence unit 'default'
2025-05-04 04:11:52.841 [INFO] [restartedMain] [o.s.s.c.a.a.c.InitializeUserDetailsBeanManagerConfigurer$InitializeUserDetailsManagerConfigurer] - Global AuthenticationManager configured with UserDetailsService bean with name inMemoryUserDetailsManager
2025-05-04 04:11:52.846 [INFO] [restartedMain] [o.s.b.a.w.s.WelcomePageHandlerMapping] - Adding welcome page: class path resource [static/index.html]
2025-05-04 04:11:53.189 [INFO] [restartedMain] [o.s.v.b.OptionalValidatorFactoryBean] - Failed to set up a Bean Validation provider: jakarta.validation.NoProviderFoundException: Unable to create a Configuration, because no Jakarta Bean Validation provider could be found. Add a provider like Hibernate Validator (RI) to your classpath.
2025-05-04 04:11:53.250 [INFO] [restartedMain] [o.s.b.d.a.OptionalLiveReloadServer] - LiveReload server is running on port 35729
2025-05-04 04:11:53.255 [INFO] [restartedMain] [o.a.coyote.http11.Http11NioProtocol] - Starting ProtocolHandler ["http-nio-8080"]
2025-05-04 04:11:53.259 [INFO] [restartedMain] [o.s.b.w.e.tomcat.TomcatWebServer] - Tomcat started on port 8080 (http) with context path '/'
2025-05-04 04:11:53.262 [INFO] [restartedMain] [c.g.aigroove.AigrooveApplication] - Started AigrooveApplication in 1.459 seconds (process running for 324.062)
2025-05-04 04:11:53.263 [INFO] [restartedMain] [o.s.b.d.a.ConditionEvaluationDeltaLoggingListener] - Condition evaluation unchanged
2025-05-04 04:11:54.804 [INFO] [http-nio-8080-exec-1] [o.a.c.c.C.[Tomcat].[localhost].[/]] - Initializing Spring DispatcherServlet 'dispatcherServlet'
2025-05-04 04:11:54.805 [INFO] [http-nio-8080-exec-1] [o.s.web.servlet.DispatcherServlet] - Initializing Servlet 'dispatcherServlet'
2025-05-04 04:11:54.805 [INFO] [http-nio-8080-exec-1] [o.s.web.servlet.DispatcherServlet] - Completed initialization in 0 ms
2025-05-04 04:14:37.542 [INFO] [File Watcher] [o.s.b.d.a.LocalDevToolsAutoConfiguration$RestartingClassPathChangeChangedEventListener] - Restarting due to 1 class path change (0 additions, 0 deletions, 1 modification)
2025-05-04 04:14:37.544 [INFO] [Thread-31] [o.s.b.w.e.tomcat.GracefulShutdown] - Commencing graceful shutdown. Waiting for active requests to complete
2025-05-04 04:14:37.545 [INFO] [tomcat-shutdown] [o.a.coyote.http11.Http11NioProtocol] - Pausing ProtocolHandler ["http-nio-8080"]
2025-05-04 04:14:37.628 [INFO] [tomcat-shutdown] [o.s.b.w.e.tomcat.GracefulShutdown] - Graceful shutdown complete
2025-05-04 04:14:37.628 [INFO] [Thread-31] [o.a.coyote.http11.Http11NioProtocol] - Stopping ProtocolHandler ["http-nio-8080"]
2025-05-04 04:14:37.630 [INFO] [Thread-31] [o.s.o.j.LocalContainerEntityManagerFactoryBean] - Closing JPA EntityManagerFactory for persistence unit 'default'
2025-05-04 04:14:37.631 [INFO] [Thread-31] [com.zaxxer.hikari.HikariDataSource] - HikariPool-8 - Shutdown initiated...
2025-05-04 04:14:37.633 [INFO] [Thread-31] [com.zaxxer.hikari.HikariDataSource] - HikariPool-8 - Shutdown completed.
2025-05-04 04:14:37.724 [INFO] [restartedMain] [c.g.aigroove.AigrooveApplication] - Starting AigrooveApplication using Java 17.0.15 with PID 7776 (C:\dev\AIGroove_api\aigroove\bin\main started by 문유신 in C:\dev\AIGroove_api\aigroove)
2025-05-04 04:14:37.724 [INFO] [restartedMain] [c.g.aigroove.AigrooveApplication] - No active profile set, falling back to 1 default profile: "default"
2025-05-04 04:14:38.051 [INFO] [restartedMain] [o.s.d.r.c.RepositoryConfigurationDelegate] - Bootstrapping Spring Data JPA repositories in DEFAULT mode.
2025-05-04 04:14:38.095 [INFO] [restartedMain] [o.s.d.r.c.RepositoryConfigurationDelegate] - Finished Spring Data repository scanning in 43 ms. Found 11 JPA repository interfaces.
2025-05-04 04:14:38.198 [INFO] [restartedMain] [o.s.b.w.e.tomcat.TomcatWebServer] - Tomcat initialized with port 8080 (http)
2025-05-04 04:14:38.199 [INFO] [restartedMain] [o.a.coyote.http11.Http11NioProtocol] - Initializing ProtocolHandler ["http-nio-8080"]
2025-05-04 04:14:38.200 [INFO] [restartedMain] [o.a.catalina.core.StandardService] - Starting service [Tomcat]
2025-05-04 04:14:38.200 [INFO] [restartedMain] [o.a.catalina.core.StandardEngine] - Starting Servlet engine: [Apache Tomcat/10.1.39]
2025-05-04 04:14:38.223 [INFO] [restartedMain] [o.a.c.c.C.[Tomcat].[localhost].[/]] - Initializing Spring embedded WebApplicationContext
2025-05-04 04:14:38.224 [INFO] [restartedMain] [o.s.b.w.s.c.ServletWebServerApplicationContext] - Root WebApplicationContext: initialization completed in 497 ms
2025-05-04 04:14:38.264 [INFO] [restartedMain] [o.h.jpa.internal.util.LogHelper] - HHH000204: Processing PersistenceUnitInfo [name: default]
2025-05-04 04:14:38.270 [INFO] [restartedMain] [o.h.c.i.RegionFactoryInitiator] - HHH000026: Second-level cache disabled
2025-05-04 04:14:38.280 [INFO] [restartedMain] [o.s.o.j.p.SpringPersistenceUnitInfo] - No LoadTimeWeaver setup: ignoring JPA class transformer
2025-05-04 04:14:38.282 [INFO] [restartedMain] [com.zaxxer.hikari.HikariDataSource] - HikariPool-9 - Starting...
2025-05-04 04:14:38.284 [INFO] [restartedMain] [com.zaxxer.hikari.pool.HikariPool] - HikariPool-9 - Added connection org.mariadb.jdbc.MariaDbConnection@16c2e360
2025-05-04 04:14:38.284 [INFO] [restartedMain] [com.zaxxer.hikari.HikariDataSource] - HikariPool-9 - Start completed.
2025-05-04 04:14:38.285 [INFO] [restartedMain] [o.hibernate.orm.connections.pooling] - HHH10001005: Database info:
	Database JDBC URL [Connecting through datasource 'HikariDataSource (HikariPool-9)']
	Database driver: undefined/unknown
	Database version: 11.7.2
	Autocommit mode: undefined/unknown
	Isolation level: undefined/unknown
	Minimum pool size: undefined/unknown
	Maximum pool size: undefined/unknown
2025-05-04 04:14:38.419 [INFO] [restartedMain] [o.h.e.t.j.p.i.JtaPlatformInitiator] - HHH000489: No JTA platform available (set 'hibernate.transaction.jta.platform' to enable JTA platform integration)
2025-05-04 04:14:38.446 [INFO] [restartedMain] [o.s.o.j.LocalContainerEntityManagerFactoryBean] - Initialized JPA EntityManagerFactory for persistence unit 'default'
2025-05-04 04:14:38.606 [INFO] [restartedMain] [o.s.s.c.a.a.c.InitializeUserDetailsBeanManagerConfigurer$InitializeUserDetailsManagerConfigurer] - Global AuthenticationManager configured with UserDetailsService bean with name inMemoryUserDetailsManager
2025-05-04 04:14:38.613 [INFO] [restartedMain] [o.s.b.a.w.s.WelcomePageHandlerMapping] - Adding welcome page: class path resource [static/index.html]
2025-05-04 04:14:38.933 [INFO] [restartedMain] [o.s.v.b.OptionalValidatorFactoryBean] - Failed to set up a Bean Validation provider: jakarta.validation.NoProviderFoundException: Unable to create a Configuration, because no Jakarta Bean Validation provider could be found. Add a provider like Hibernate Validator (RI) to your classpath.
2025-05-04 04:14:39.002 [INFO] [restartedMain] [o.s.b.d.a.OptionalLiveReloadServer] - LiveReload server is running on port 35729
2025-05-04 04:14:39.006 [INFO] [restartedMain] [o.a.coyote.http11.Http11NioProtocol] - Starting ProtocolHandler ["http-nio-8080"]
2025-05-04 04:14:39.009 [INFO] [restartedMain] [o.s.b.w.e.tomcat.TomcatWebServer] - Tomcat started on port 8080 (http) with context path '/'
2025-05-04 04:14:39.011 [INFO] [restartedMain] [c.g.aigroove.AigrooveApplication] - Started AigrooveApplication in 1.322 seconds (process running for 489.812)
2025-05-04 04:14:39.012 [INFO] [restartedMain] [o.s.b.d.a.ConditionEvaluationDeltaLoggingListener] - Condition evaluation unchanged
2025-05-04 04:14:42.168 [INFO] [http-nio-8080-exec-1] [o.a.c.c.C.[Tomcat].[localhost].[/]] - Initializing Spring DispatcherServlet 'dispatcherServlet'
2025-05-04 04:14:42.168 [INFO] [http-nio-8080-exec-1] [o.s.web.servlet.DispatcherServlet] - Initializing Servlet 'dispatcherServlet'
2025-05-04 04:14:42.169 [INFO] [http-nio-8080-exec-1] [o.s.web.servlet.DispatcherServlet] - Completed initialization in 1 ms
2025-05-04 04:20:14.023 [INFO] [File Watcher] [o.s.b.d.a.LocalDevToolsAutoConfiguration$RestartingClassPathChangeChangedEventListener] - Restarting due to 1 class path change (0 additions, 0 deletions, 1 modification)
2025-05-04 04:20:14.024 [INFO] [Thread-35] [o.s.b.w.e.tomcat.GracefulShutdown] - Commencing graceful shutdown. Waiting for active requests to complete
2025-05-04 04:20:14.025 [INFO] [tomcat-shutdown] [o.a.coyote.http11.Http11NioProtocol] - Pausing ProtocolHandler ["http-nio-8080"]
2025-05-04 04:20:14.111 [INFO] [tomcat-shutdown] [o.s.b.w.e.tomcat.GracefulShutdown] - Graceful shutdown complete
2025-05-04 04:20:14.111 [INFO] [Thread-35] [o.a.coyote.http11.Http11NioProtocol] - Stopping ProtocolHandler ["http-nio-8080"]
2025-05-04 04:20:14.113 [INFO] [Thread-35] [o.s.o.j.LocalContainerEntityManagerFactoryBean] - Closing JPA EntityManagerFactory for persistence unit 'default'
2025-05-04 04:20:14.114 [INFO] [Thread-35] [com.zaxxer.hikari.HikariDataSource] - HikariPool-9 - Shutdown initiated...
2025-05-04 04:20:14.116 [INFO] [Thread-35] [com.zaxxer.hikari.HikariDataSource] - HikariPool-9 - Shutdown completed.
2025-05-04 04:20:14.206 [INFO] [restartedMain] [c.g.aigroove.AigrooveApplication] - Starting AigrooveApplication using Java 17.0.15 with PID 7776 (C:\dev\AIGroove_api\aigroove\bin\main started by 문유신 in C:\dev\AIGroove_api\aigroove)
2025-05-04 04:20:14.206 [INFO] [restartedMain] [c.g.aigroove.AigrooveApplication] - No active profile set, falling back to 1 default profile: "default"
2025-05-04 04:20:14.516 [INFO] [restartedMain] [o.s.d.r.c.RepositoryConfigurationDelegate] - Bootstrapping Spring Data JPA repositories in DEFAULT mode.
2025-05-04 04:20:14.558 [INFO] [restartedMain] [o.s.d.r.c.RepositoryConfigurationDelegate] - Finished Spring Data repository scanning in 41 ms. Found 11 JPA repository interfaces.
2025-05-04 04:20:14.655 [INFO] [restartedMain] [o.s.b.w.e.tomcat.TomcatWebServer] - Tomcat initialized with port 8080 (http)
2025-05-04 04:20:14.656 [INFO] [restartedMain] [o.a.coyote.http11.Http11NioProtocol] - Initializing ProtocolHandler ["http-nio-8080"]
2025-05-04 04:20:14.656 [INFO] [restartedMain] [o.a.catalina.core.StandardService] - Starting service [Tomcat]
2025-05-04 04:20:14.656 [INFO] [restartedMain] [o.a.catalina.core.StandardEngine] - Starting Servlet engine: [Apache Tomcat/10.1.39]
2025-05-04 04:20:14.676 [INFO] [restartedMain] [o.a.c.c.C.[Tomcat].[localhost].[/]] - Initializing Spring embedded WebApplicationContext
2025-05-04 04:20:14.677 [INFO] [restartedMain] [o.s.b.w.s.c.ServletWebServerApplicationContext] - Root WebApplicationContext: initialization completed in 468 ms
2025-05-04 04:20:14.703 [INFO] [restartedMain] [o.h.jpa.internal.util.LogHelper] - HHH000204: Processing PersistenceUnitInfo [name: default]
2025-05-04 04:20:14.708 [INFO] [restartedMain] [o.h.c.i.RegionFactoryInitiator] - HHH000026: Second-level cache disabled
2025-05-04 04:20:14.720 [INFO] [restartedMain] [o.s.o.j.p.SpringPersistenceUnitInfo] - No LoadTimeWeaver setup: ignoring JPA class transformer
2025-05-04 04:20:14.722 [INFO] [restartedMain] [com.zaxxer.hikari.HikariDataSource] - HikariPool-10 - Starting...
2025-05-04 04:20:14.724 [INFO] [restartedMain] [com.zaxxer.hikari.pool.HikariPool] - HikariPool-10 - Added connection org.mariadb.jdbc.MariaDbConnection@7a5ae427
2025-05-04 04:20:14.724 [INFO] [restartedMain] [com.zaxxer.hikari.HikariDataSource] - HikariPool-10 - Start completed.
2025-05-04 04:20:14.725 [INFO] [restartedMain] [o.hibernate.orm.connections.pooling] - HHH10001005: Database info:
	Database JDBC URL [Connecting through datasource 'HikariDataSource (HikariPool-10)']
	Database driver: undefined/unknown
	Database version: 11.7.2
	Autocommit mode: undefined/unknown
	Isolation level: undefined/unknown
	Minimum pool size: undefined/unknown
	Maximum pool size: undefined/unknown
2025-05-04 04:20:14.871 [INFO] [restartedMain] [o.h.e.t.j.p.i.JtaPlatformInitiator] - HHH000489: No JTA platform available (set 'hibernate.transaction.jta.platform' to enable JTA platform integration)
2025-05-04 04:20:14.982 [INFO] [restartedMain] [o.s.o.j.LocalContainerEntityManagerFactoryBean] - Initialized JPA EntityManagerFactory for persistence unit 'default'
2025-05-04 04:20:15.149 [INFO] [restartedMain] [o.s.s.c.a.a.c.InitializeUserDetailsBeanManagerConfigurer$InitializeUserDetailsManagerConfigurer] - Global AuthenticationManager configured with UserDetailsService bean with name inMemoryUserDetailsManager
2025-05-04 04:20:15.156 [INFO] [restartedMain] [o.s.b.a.w.s.WelcomePageHandlerMapping] - Adding welcome page: class path resource [static/index.html]
2025-05-04 04:20:15.456 [INFO] [restartedMain] [o.s.v.b.OptionalValidatorFactoryBean] - Failed to set up a Bean Validation provider: jakarta.validation.NoProviderFoundException: Unable to create a Configuration, because no Jakarta Bean Validation provider could be found. Add a provider like Hibernate Validator (RI) to your classpath.
2025-05-04 04:20:15.512 [INFO] [restartedMain] [o.s.b.d.a.OptionalLiveReloadServer] - LiveReload server is running on port 35729
2025-05-04 04:20:15.517 [INFO] [restartedMain] [o.a.coyote.http11.Http11NioProtocol] - Starting ProtocolHandler ["http-nio-8080"]
2025-05-04 04:20:15.520 [INFO] [restartedMain] [o.s.b.w.e.tomcat.TomcatWebServer] - Tomcat started on port 8080 (http) with context path '/'
2025-05-04 04:20:15.523 [INFO] [restartedMain] [c.g.aigroove.AigrooveApplication] - Started AigrooveApplication in 1.347 seconds (process running for 826.324)
2025-05-04 04:20:15.524 [INFO] [restartedMain] [o.s.b.d.a.ConditionEvaluationDeltaLoggingListener] - Condition evaluation unchanged
2025-05-04 04:20:45.614 [INFO] [http-nio-8080-exec-1] [o.a.c.c.C.[Tomcat].[localhost].[/]] - Initializing Spring DispatcherServlet 'dispatcherServlet'
2025-05-04 04:20:45.615 [INFO] [http-nio-8080-exec-1] [o.s.web.servlet.DispatcherServlet] - Initializing Servlet 'dispatcherServlet'
2025-05-04 04:20:45.616 [INFO] [http-nio-8080-exec-1] [o.s.web.servlet.DispatcherServlet] - Completed initialization in 1 ms
2025-05-04 04:25:16.161 [INFO] [File Watcher] [o.s.b.d.a.LocalDevToolsAutoConfiguration$RestartingClassPathChangeChangedEventListener] - Restarting due to 1 class path change (0 additions, 0 deletions, 1 modification)
2025-05-04 04:25:16.163 [INFO] [Thread-39] [o.s.b.w.e.tomcat.GracefulShutdown] - Commencing graceful shutdown. Waiting for active requests to complete
2025-05-04 04:25:16.164 [INFO] [tomcat-shutdown] [o.a.coyote.http11.Http11NioProtocol] - Pausing ProtocolHandler ["http-nio-8080"]
2025-05-04 04:25:16.253 [INFO] [tomcat-shutdown] [o.s.b.w.e.tomcat.GracefulShutdown] - Graceful shutdown complete
2025-05-04 04:25:16.253 [INFO] [Thread-39] [o.a.coyote.http11.Http11NioProtocol] - Stopping ProtocolHandler ["http-nio-8080"]
2025-05-04 04:25:16.254 [INFO] [Thread-39] [o.s.o.j.LocalContainerEntityManagerFactoryBean] - Closing JPA EntityManagerFactory for persistence unit 'default'
2025-05-04 04:25:16.255 [INFO] [Thread-39] [com.zaxxer.hikari.HikariDataSource] - HikariPool-10 - Shutdown initiated...
2025-05-04 04:25:16.256 [INFO] [Thread-39] [com.zaxxer.hikari.HikariDataSource] - HikariPool-10 - Shutdown completed.
2025-05-04 04:25:16.349 [INFO] [restartedMain] [c.g.aigroove.AigrooveApplication] - Starting AigrooveApplication using Java 17.0.15 with PID 7776 (C:\dev\AIGroove_api\aigroove\bin\main started by 문유신 in C:\dev\AIGroove_api\aigroove)
2025-05-04 04:25:16.350 [INFO] [restartedMain] [c.g.aigroove.AigrooveApplication] - No active profile set, falling back to 1 default profile: "default"
2025-05-04 04:25:16.654 [INFO] [restartedMain] [o.s.d.r.c.RepositoryConfigurationDelegate] - Bootstrapping Spring Data JPA repositories in DEFAULT mode.
2025-05-04 04:25:16.696 [INFO] [restartedMain] [o.s.d.r.c.RepositoryConfigurationDelegate] - Finished Spring Data repository scanning in 40 ms. Found 11 JPA repository interfaces.
2025-05-04 04:25:16.789 [INFO] [restartedMain] [o.s.b.w.e.tomcat.TomcatWebServer] - Tomcat initialized with port 8080 (http)
2025-05-04 04:25:16.790 [INFO] [restartedMain] [o.a.coyote.http11.Http11NioProtocol] - Initializing ProtocolHandler ["http-nio-8080"]
2025-05-04 04:25:16.790 [INFO] [restartedMain] [o.a.catalina.core.StandardService] - Starting service [Tomcat]
2025-05-04 04:25:16.790 [INFO] [restartedMain] [o.a.catalina.core.StandardEngine] - Starting Servlet engine: [Apache Tomcat/10.1.39]
2025-05-04 04:25:16.810 [INFO] [restartedMain] [o.a.c.c.C.[Tomcat].[localhost].[/]] - Initializing Spring embedded WebApplicationContext
2025-05-04 04:25:16.810 [INFO] [restartedMain] [o.s.b.w.s.c.ServletWebServerApplicationContext] - Root WebApplicationContext: initialization completed in 458 ms
2025-05-04 04:25:16.843 [INFO] [restartedMain] [o.h.jpa.internal.util.LogHelper] - HHH000204: Processing PersistenceUnitInfo [name: default]
2025-05-04 04:25:16.848 [INFO] [restartedMain] [o.h.c.i.RegionFactoryInitiator] - HHH000026: Second-level cache disabled
2025-05-04 04:25:16.859 [INFO] [restartedMain] [o.s.o.j.p.SpringPersistenceUnitInfo] - No LoadTimeWeaver setup: ignoring JPA class transformer
2025-05-04 04:25:16.861 [INFO] [restartedMain] [com.zaxxer.hikari.HikariDataSource] - HikariPool-11 - Starting...
2025-05-04 04:25:16.863 [INFO] [restartedMain] [com.zaxxer.hikari.pool.HikariPool] - HikariPool-11 - Added connection org.mariadb.jdbc.MariaDbConnection@712a15f2
2025-05-04 04:25:16.863 [INFO] [restartedMain] [com.zaxxer.hikari.HikariDataSource] - HikariPool-11 - Start completed.
2025-05-04 04:25:16.865 [INFO] [restartedMain] [o.hibernate.orm.connections.pooling] - HHH10001005: Database info:
	Database JDBC URL [Connecting through datasource 'HikariDataSource (HikariPool-11)']
	Database driver: undefined/unknown
	Database version: 11.7.2
	Autocommit mode: undefined/unknown
	Isolation level: undefined/unknown
	Minimum pool size: undefined/unknown
	Maximum pool size: undefined/unknown
2025-05-04 04:25:17.018 [INFO] [restartedMain] [o.h.e.t.j.p.i.JtaPlatformInitiator] - HHH000489: No JTA platform available (set 'hibernate.transaction.jta.platform' to enable JTA platform integration)
2025-05-04 04:25:17.046 [INFO] [restartedMain] [o.s.o.j.LocalContainerEntityManagerFactoryBean] - Initialized JPA EntityManagerFactory for persistence unit 'default'
2025-05-04 04:25:17.205 [INFO] [restartedMain] [o.s.s.c.a.a.c.InitializeUserDetailsBeanManagerConfigurer$InitializeUserDetailsManagerConfigurer] - Global AuthenticationManager configured with UserDetailsService bean with name inMemoryUserDetailsManager
2025-05-04 04:25:17.211 [INFO] [restartedMain] [o.s.b.a.w.s.WelcomePageHandlerMapping] - Adding welcome page: class path resource [static/index.html]
2025-05-04 04:25:17.538 [INFO] [restartedMain] [o.s.v.b.OptionalValidatorFactoryBean] - Failed to set up a Bean Validation provider: jakarta.validation.NoProviderFoundException: Unable to create a Configuration, because no Jakarta Bean Validation provider could be found. Add a provider like Hibernate Validator (RI) to your classpath.
2025-05-04 04:25:17.603 [INFO] [restartedMain] [o.s.b.d.a.OptionalLiveReloadServer] - LiveReload server is running on port 35729
2025-05-04 04:25:17.607 [INFO] [restartedMain] [o.a.coyote.http11.Http11NioProtocol] - Starting ProtocolHandler ["http-nio-8080"]
2025-05-04 04:25:17.610 [INFO] [restartedMain] [o.s.b.w.e.tomcat.TomcatWebServer] - Tomcat started on port 8080 (http) with context path '/'
2025-05-04 04:25:17.612 [INFO] [restartedMain] [c.g.aigroove.AigrooveApplication] - Started AigrooveApplication in 1.292 seconds (process running for 1128.413)
2025-05-04 04:25:17.613 [INFO] [restartedMain] [o.s.b.d.a.ConditionEvaluationDeltaLoggingListener] - Condition evaluation unchanged
2025-05-04 04:31:29.898 [INFO] [File Watcher] [o.s.b.d.a.LocalDevToolsAutoConfiguration$RestartingClassPathChangeChangedEventListener] - Restarting due to 1 class path change (0 additions, 0 deletions, 1 modification)
2025-05-04 04:31:29.899 [INFO] [Thread-43] [o.s.b.w.e.tomcat.GracefulShutdown] - Commencing graceful shutdown. Waiting for active requests to complete
2025-05-04 04:31:29.900 [INFO] [tomcat-shutdown] [o.a.coyote.http11.Http11NioProtocol] - Pausing ProtocolHandler ["http-nio-8080"]
2025-05-04 04:31:29.982 [INFO] [tomcat-shutdown] [o.s.b.w.e.tomcat.GracefulShutdown] - Graceful shutdown complete
2025-05-04 04:31:29.982 [INFO] [Thread-43] [o.a.coyote.http11.Http11NioProtocol] - Stopping ProtocolHandler ["http-nio-8080"]
2025-05-04 04:31:29.984 [INFO] [Thread-43] [o.s.o.j.LocalContainerEntityManagerFactoryBean] - Closing JPA EntityManagerFactory for persistence unit 'default'
2025-05-04 04:31:29.985 [INFO] [Thread-43] [com.zaxxer.hikari.HikariDataSource] - HikariPool-11 - Shutdown initiated...
2025-05-04 04:31:29.987 [INFO] [Thread-43] [com.zaxxer.hikari.HikariDataSource] - HikariPool-11 - Shutdown completed.
2025-05-04 04:31:30.078 [INFO] [restartedMain] [c.g.aigroove.AigrooveApplication] - Starting AigrooveApplication using Java 17.0.15 with PID 7776 (C:\dev\AIGroove_api\aigroove\bin\main started by 문유신 in C:\dev\AIGroove_api\aigroove)
2025-05-04 04:31:30.078 [INFO] [restartedMain] [c.g.aigroove.AigrooveApplication] - No active profile set, falling back to 1 default profile: "default"
2025-05-04 04:31:30.385 [INFO] [restartedMain] [o.s.d.r.c.RepositoryConfigurationDelegate] - Bootstrapping Spring Data JPA repositories in DEFAULT mode.
2025-05-04 04:31:30.428 [INFO] [restartedMain] [o.s.d.r.c.RepositoryConfigurationDelegate] - Finished Spring Data repository scanning in 41 ms. Found 11 JPA repository interfaces.
2025-05-04 04:31:30.515 [INFO] [restartedMain] [o.s.b.w.e.tomcat.TomcatWebServer] - Tomcat initialized with port 8080 (http)
2025-05-04 04:31:30.516 [INFO] [restartedMain] [o.a.coyote.http11.Http11NioProtocol] - Initializing ProtocolHandler ["http-nio-8080"]
2025-05-04 04:31:30.516 [INFO] [restartedMain] [o.a.catalina.core.StandardService] - Starting service [Tomcat]
2025-05-04 04:31:30.516 [INFO] [restartedMain] [o.a.catalina.core.StandardEngine] - Starting Servlet engine: [Apache Tomcat/10.1.39]
2025-05-04 04:31:30.539 [INFO] [restartedMain] [o.a.c.c.C.[Tomcat].[localhost].[/]] - Initializing Spring embedded WebApplicationContext
2025-05-04 04:31:30.539 [INFO] [restartedMain] [o.s.b.w.s.c.ServletWebServerApplicationContext] - Root WebApplicationContext: initialization completed in 459 ms
2025-05-04 04:31:30.565 [INFO] [restartedMain] [o.h.jpa.internal.util.LogHelper] - HHH000204: Processing PersistenceUnitInfo [name: default]
2025-05-04 04:31:30.571 [INFO] [restartedMain] [o.h.c.i.RegionFactoryInitiator] - HHH000026: Second-level cache disabled
2025-05-04 04:31:30.582 [INFO] [restartedMain] [o.s.o.j.p.SpringPersistenceUnitInfo] - No LoadTimeWeaver setup: ignoring JPA class transformer
2025-05-04 04:31:30.584 [INFO] [restartedMain] [com.zaxxer.hikari.HikariDataSource] - HikariPool-12 - Starting...
2025-05-04 04:31:30.586 [INFO] [restartedMain] [com.zaxxer.hikari.pool.HikariPool] - HikariPool-12 - Added connection org.mariadb.jdbc.MariaDbConnection@36a13b8d
2025-05-04 04:31:30.586 [INFO] [restartedMain] [com.zaxxer.hikari.HikariDataSource] - HikariPool-12 - Start completed.
2025-05-04 04:31:30.588 [INFO] [restartedMain] [o.hibernate.orm.connections.pooling] - HHH10001005: Database info:
	Database JDBC URL [Connecting through datasource 'HikariDataSource (HikariPool-12)']
	Database driver: undefined/unknown
	Database version: 11.7.2
	Autocommit mode: undefined/unknown
	Isolation level: undefined/unknown
	Minimum pool size: undefined/unknown
	Maximum pool size: undefined/unknown
2025-05-04 04:31:30.715 [INFO] [restartedMain] [o.h.e.t.j.p.i.JtaPlatformInitiator] - HHH000489: No JTA platform available (set 'hibernate.transaction.jta.platform' to enable JTA platform integration)
2025-05-04 04:31:30.736 [INFO] [restartedMain] [o.s.o.j.LocalContainerEntityManagerFactoryBean] - Initialized JPA EntityManagerFactory for persistence unit 'default'
2025-05-04 04:31:30.859 [INFO] [restartedMain] [o.s.o.j.LocalContainerEntityManagerFactoryBean] - Closing JPA EntityManagerFactory for persistence unit 'default'
2025-05-04 04:31:30.860 [INFO] [restartedMain] [com.zaxxer.hikari.HikariDataSource] - HikariPool-12 - Shutdown initiated...
2025-05-04 04:31:30.883 [INFO] [restartedMain] [com.zaxxer.hikari.HikariDataSource] - HikariPool-12 - Shutdown completed.
2025-05-04 04:31:30.884 [INFO] [restartedMain] [o.a.catalina.core.StandardService] - Stopping service [Tomcat]
2025-05-04 04:31:30.889 [INFO] [restartedMain] [o.s.b.a.l.ConditionEvaluationReportLogger] - 

Error starting ApplicationContext. To display the condition evaluation report re-run your application with 'debug' enabled.
2025-05-04 04:34:31.608 [INFO] [restartedMain] [c.g.aigroove.AigrooveApplication] - Starting AigrooveApplication using Java 17.0.15 with PID 7776 (C:\dev\AIGroove_api\aigroove\bin\main started by 문유신 in C:\dev\AIGroove_api\aigroove)
2025-05-04 04:34:31.609 [INFO] [restartedMain] [c.g.aigroove.AigrooveApplication] - No active profile set, falling back to 1 default profile: "default"
2025-05-04 04:34:31.931 [INFO] [restartedMain] [o.s.d.r.c.RepositoryConfigurationDelegate] - Bootstrapping Spring Data JPA repositories in DEFAULT mode.
2025-05-04 04:34:31.977 [INFO] [restartedMain] [o.s.d.r.c.RepositoryConfigurationDelegate] - Finished Spring Data repository scanning in 44 ms. Found 11 JPA repository interfaces.
2025-05-04 04:34:32.077 [INFO] [restartedMain] [o.s.b.w.e.tomcat.TomcatWebServer] - Tomcat initialized with port 8080 (http)
2025-05-04 04:34:32.078 [INFO] [restartedMain] [o.a.coyote.http11.Http11NioProtocol] - Initializing ProtocolHandler ["http-nio-8080"]
2025-05-04 04:34:32.078 [INFO] [restartedMain] [o.a.catalina.core.StandardService] - Starting service [Tomcat]
2025-05-04 04:34:32.079 [INFO] [restartedMain] [o.a.catalina.core.StandardEngine] - Starting Servlet engine: [Apache Tomcat/10.1.39]
2025-05-04 04:34:32.103 [INFO] [restartedMain] [o.a.c.c.C.[Tomcat-1].[localhost].[/]] - Initializing Spring embedded WebApplicationContext
2025-05-04 04:34:32.103 [INFO] [restartedMain] [o.s.b.w.s.c.ServletWebServerApplicationContext] - Root WebApplicationContext: initialization completed in 492 ms
2025-05-04 04:34:32.130 [INFO] [restartedMain] [o.h.jpa.internal.util.LogHelper] - HHH000204: Processing PersistenceUnitInfo [name: default]
2025-05-04 04:34:32.135 [INFO] [restartedMain] [o.h.c.i.RegionFactoryInitiator] - HHH000026: Second-level cache disabled
2025-05-04 04:34:32.147 [INFO] [restartedMain] [o.s.o.j.p.SpringPersistenceUnitInfo] - No LoadTimeWeaver setup: ignoring JPA class transformer
2025-05-04 04:34:32.149 [INFO] [restartedMain] [com.zaxxer.hikari.HikariDataSource] - HikariPool-13 - Starting...
2025-05-04 04:34:32.151 [INFO] [restartedMain] [com.zaxxer.hikari.pool.HikariPool] - HikariPool-13 - Added connection org.mariadb.jdbc.MariaDbConnection@11d89886
2025-05-04 04:34:32.151 [INFO] [restartedMain] [com.zaxxer.hikari.HikariDataSource] - HikariPool-13 - Start completed.
2025-05-04 04:34:32.153 [INFO] [restartedMain] [o.hibernate.orm.connections.pooling] - HHH10001005: Database info:
	Database JDBC URL [Connecting through datasource 'HikariDataSource (HikariPool-13)']
	Database driver: undefined/unknown
	Database version: 11.7.2
	Autocommit mode: undefined/unknown
	Isolation level: undefined/unknown
	Minimum pool size: undefined/unknown
	Maximum pool size: undefined/unknown
2025-05-04 04:34:32.292 [INFO] [restartedMain] [o.h.e.t.j.p.i.JtaPlatformInitiator] - HHH000489: No JTA platform available (set 'hibernate.transaction.jta.platform' to enable JTA platform integration)
2025-05-04 04:34:32.323 [INFO] [restartedMain] [o.s.o.j.LocalContainerEntityManagerFactoryBean] - Initialized JPA EntityManagerFactory for persistence unit 'default'
2025-05-04 04:34:32.480 [INFO] [restartedMain] [o.s.o.j.LocalContainerEntityManagerFactoryBean] - Closing JPA EntityManagerFactory for persistence unit 'default'
2025-05-04 04:34:32.480 [INFO] [restartedMain] [com.zaxxer.hikari.HikariDataSource] - HikariPool-13 - Shutdown initiated...
2025-05-04 04:34:32.488 [INFO] [restartedMain] [com.zaxxer.hikari.HikariDataSource] - HikariPool-13 - Shutdown completed.
2025-05-04 04:34:32.489 [INFO] [restartedMain] [o.a.catalina.core.StandardService] - Stopping service [Tomcat]
2025-05-04 04:34:32.493 [INFO] [restartedMain] [o.s.b.a.l.ConditionEvaluationReportLogger] - 

Error starting ApplicationContext. To display the condition evaluation report re-run your application with 'debug' enabled.
2025-05-04 04:36:38.192 [INFO] [restartedMain] [c.g.aigroove.AigrooveApplication] - Starting AigrooveApplication using Java 17.0.15 with PID 7776 (C:\dev\AIGroove_api\aigroove\bin\main started by 문유신 in C:\dev\AIGroove_api\aigroove)
2025-05-04 04:36:38.192 [INFO] [restartedMain] [c.g.aigroove.AigrooveApplication] - No active profile set, falling back to 1 default profile: "default"
2025-05-04 04:36:38.501 [INFO] [restartedMain] [o.s.d.r.c.RepositoryConfigurationDelegate] - Bootstrapping Spring Data JPA repositories in DEFAULT mode.
2025-05-04 04:36:38.539 [INFO] [restartedMain] [o.s.d.r.c.RepositoryConfigurationDelegate] - Finished Spring Data repository scanning in 36 ms. Found 11 JPA repository interfaces.
2025-05-04 04:36:38.633 [INFO] [restartedMain] [o.s.b.w.e.tomcat.TomcatWebServer] - Tomcat initialized with port 8080 (http)
2025-05-04 04:36:38.634 [INFO] [restartedMain] [o.a.coyote.http11.Http11NioProtocol] - Initializing ProtocolHandler ["http-nio-8080"]
2025-05-04 04:36:38.634 [INFO] [restartedMain] [o.a.catalina.core.StandardService] - Starting service [Tomcat]
2025-05-04 04:36:38.634 [INFO] [restartedMain] [o.a.catalina.core.StandardEngine] - Starting Servlet engine: [Apache Tomcat/10.1.39]
2025-05-04 04:36:38.660 [INFO] [restartedMain] [o.a.c.c.C.[Tomcat-2].[localhost].[/]] - Initializing Spring embedded WebApplicationContext
2025-05-04 04:36:38.660 [INFO] [restartedMain] [o.s.b.w.s.c.ServletWebServerApplicationContext] - Root WebApplicationContext: initialization completed in 465 ms
2025-05-04 04:36:38.685 [INFO] [restartedMain] [o.h.jpa.internal.util.LogHelper] - HHH000204: Processing PersistenceUnitInfo [name: default]
2025-05-04 04:36:38.690 [INFO] [restartedMain] [o.h.c.i.RegionFactoryInitiator] - HHH000026: Second-level cache disabled
2025-05-04 04:36:38.700 [INFO] [restartedMain] [o.s.o.j.p.SpringPersistenceUnitInfo] - No LoadTimeWeaver setup: ignoring JPA class transformer
2025-05-04 04:36:38.702 [INFO] [restartedMain] [com.zaxxer.hikari.HikariDataSource] - HikariPool-14 - Starting...
2025-05-04 04:36:38.703 [INFO] [restartedMain] [com.zaxxer.hikari.pool.HikariPool] - HikariPool-14 - Added connection org.mariadb.jdbc.MariaDbConnection@7ae415e1
2025-05-04 04:36:38.704 [INFO] [restartedMain] [com.zaxxer.hikari.HikariDataSource] - HikariPool-14 - Start completed.
2025-05-04 04:36:38.705 [INFO] [restartedMain] [o.hibernate.orm.connections.pooling] - HHH10001005: Database info:
	Database JDBC URL [Connecting through datasource 'HikariDataSource (HikariPool-14)']
	Database driver: undefined/unknown
	Database version: 11.7.2
	Autocommit mode: undefined/unknown
	Isolation level: undefined/unknown
	Minimum pool size: undefined/unknown
	Maximum pool size: undefined/unknown
2025-05-04 04:36:38.828 [INFO] [restartedMain] [o.h.e.t.j.p.i.JtaPlatformInitiator] - HHH000489: No JTA platform available (set 'hibernate.transaction.jta.platform' to enable JTA platform integration)
2025-05-04 04:36:38.854 [INFO] [restartedMain] [o.s.o.j.LocalContainerEntityManagerFactoryBean] - Initialized JPA EntityManagerFactory for persistence unit 'default'
2025-05-04 04:36:39.006 [INFO] [restartedMain] [o.s.o.j.LocalContainerEntityManagerFactoryBean] - Closing JPA EntityManagerFactory for persistence unit 'default'
2025-05-04 04:36:39.006 [INFO] [restartedMain] [com.zaxxer.hikari.HikariDataSource] - HikariPool-14 - Shutdown initiated...
2025-05-04 04:36:39.025 [INFO] [restartedMain] [com.zaxxer.hikari.HikariDataSource] - HikariPool-14 - Shutdown completed.
2025-05-04 04:36:39.026 [INFO] [restartedMain] [o.a.catalina.core.StandardService] - Stopping service [Tomcat]
2025-05-04 04:36:39.030 [INFO] [restartedMain] [o.s.b.a.l.ConditionEvaluationReportLogger] - 

Error starting ApplicationContext. To display the condition evaluation report re-run your application with 'debug' enabled.
2025-05-04 04:36:43.644 [INFO] [restartedMain] [c.g.aigroove.AigrooveApplication] - Starting AigrooveApplication using Java 17.0.15 with PID 7776 (C:\dev\AIGroove_api\aigroove\bin\main started by 문유신 in C:\dev\AIGroove_api\aigroove)
2025-05-04 04:36:43.645 [INFO] [restartedMain] [c.g.aigroove.AigrooveApplication] - No active profile set, falling back to 1 default profile: "default"
2025-05-04 04:36:43.950 [INFO] [restartedMain] [o.s.d.r.c.RepositoryConfigurationDelegate] - Bootstrapping Spring Data JPA repositories in DEFAULT mode.
2025-05-04 04:36:43.997 [INFO] [restartedMain] [o.s.d.r.c.RepositoryConfigurationDelegate] - Finished Spring Data repository scanning in 45 ms. Found 11 JPA repository interfaces.
2025-05-04 04:36:44.097 [INFO] [restartedMain] [o.s.b.w.e.tomcat.TomcatWebServer] - Tomcat initialized with port 8080 (http)
2025-05-04 04:36:44.098 [INFO] [restartedMain] [o.a.coyote.http11.Http11NioProtocol] - Initializing ProtocolHandler ["http-nio-8080"]
2025-05-04 04:36:44.099 [INFO] [restartedMain] [o.a.catalina.core.StandardService] - Starting service [Tomcat]
2025-05-04 04:36:44.099 [INFO] [restartedMain] [o.a.catalina.core.StandardEngine] - Starting Servlet engine: [Apache Tomcat/10.1.39]
2025-05-04 04:36:44.120 [INFO] [restartedMain] [o.a.c.c.C.[Tomcat-3].[localhost].[/]] - Initializing Spring embedded WebApplicationContext
2025-05-04 04:36:44.120 [INFO] [restartedMain] [o.s.b.w.s.c.ServletWebServerApplicationContext] - Root WebApplicationContext: initialization completed in 473 ms
2025-05-04 04:36:44.145 [INFO] [restartedMain] [o.h.jpa.internal.util.LogHelper] - HHH000204: Processing PersistenceUnitInfo [name: default]
2025-05-04 04:36:44.149 [INFO] [restartedMain] [o.h.c.i.RegionFactoryInitiator] - HHH000026: Second-level cache disabled
2025-05-04 04:36:44.159 [INFO] [restartedMain] [o.s.o.j.p.SpringPersistenceUnitInfo] - No LoadTimeWeaver setup: ignoring JPA class transformer
2025-05-04 04:36:44.161 [INFO] [restartedMain] [com.zaxxer.hikari.HikariDataSource] - HikariPool-15 - Starting...
2025-05-04 04:36:44.162 [INFO] [restartedMain] [com.zaxxer.hikari.pool.HikariPool] - HikariPool-15 - Added connection org.mariadb.jdbc.MariaDbConnection@5ce1df80
2025-05-04 04:36:44.163 [INFO] [restartedMain] [com.zaxxer.hikari.HikariDataSource] - HikariPool-15 - Start completed.
2025-05-04 04:36:44.164 [INFO] [restartedMain] [o.hibernate.orm.connections.pooling] - HHH10001005: Database info:
	Database JDBC URL [Connecting through datasource 'HikariDataSource (HikariPool-15)']
	Database driver: undefined/unknown
	Database version: 11.7.2
	Autocommit mode: undefined/unknown
	Isolation level: undefined/unknown
	Minimum pool size: undefined/unknown
	Maximum pool size: undefined/unknown
2025-05-04 04:36:44.281 [INFO] [restartedMain] [o.h.e.t.j.p.i.JtaPlatformInitiator] - HHH000489: No JTA platform available (set 'hibernate.transaction.jta.platform' to enable JTA platform integration)
2025-05-04 04:36:44.305 [INFO] [restartedMain] [o.s.o.j.LocalContainerEntityManagerFactoryBean] - Initialized JPA EntityManagerFactory for persistence unit 'default'
2025-05-04 04:36:44.453 [INFO] [restartedMain] [o.s.o.j.LocalContainerEntityManagerFactoryBean] - Closing JPA EntityManagerFactory for persistence unit 'default'
2025-05-04 04:36:44.453 [INFO] [restartedMain] [com.zaxxer.hikari.HikariDataSource] - HikariPool-15 - Shutdown initiated...
2025-05-04 04:36:44.461 [INFO] [restartedMain] [com.zaxxer.hikari.HikariDataSource] - HikariPool-15 - Shutdown completed.
2025-05-04 04:36:44.461 [INFO] [restartedMain] [o.a.catalina.core.StandardService] - Stopping service [Tomcat]
2025-05-04 04:36:44.466 [INFO] [restartedMain] [o.s.b.a.l.ConditionEvaluationReportLogger] - 

Error starting ApplicationContext. To display the condition evaluation report re-run your application with 'debug' enabled.
2025-05-04 04:37:52.386 [INFO] [restartedMain] [c.g.aigroove.AigrooveApplication] - Starting AigrooveApplication using Java 17.0.15 with PID 7776 (C:\dev\AIGroove_api\aigroove\bin\main started by 문유신 in C:\dev\AIGroove_api\aigroove)
2025-05-04 04:37:52.386 [INFO] [restartedMain] [c.g.aigroove.AigrooveApplication] - No active profile set, falling back to 1 default profile: "default"
2025-05-04 04:37:52.689 [INFO] [restartedMain] [o.s.d.r.c.RepositoryConfigurationDelegate] - Bootstrapping Spring Data JPA repositories in DEFAULT mode.
2025-05-04 04:37:52.725 [INFO] [restartedMain] [o.s.d.r.c.RepositoryConfigurationDelegate] - Finished Spring Data repository scanning in 34 ms. Found 11 JPA repository interfaces.
2025-05-04 04:37:52.835 [INFO] [restartedMain] [o.s.b.w.e.tomcat.TomcatWebServer] - Tomcat initialized with port 8080 (http)
2025-05-04 04:37:52.836 [INFO] [restartedMain] [o.a.coyote.http11.Http11NioProtocol] - Initializing ProtocolHandler ["http-nio-8080"]
2025-05-04 04:37:52.837 [INFO] [restartedMain] [o.a.catalina.core.StandardService] - Starting service [Tomcat]
2025-05-04 04:37:52.837 [INFO] [restartedMain] [o.a.catalina.core.StandardEngine] - Starting Servlet engine: [Apache Tomcat/10.1.39]
2025-05-04 04:37:52.858 [INFO] [restartedMain] [o.a.c.c.C.[Tomcat-4].[localhost].[/]] - Initializing Spring embedded WebApplicationContext
2025-05-04 04:37:52.858 [INFO] [restartedMain] [o.s.b.w.s.c.ServletWebServerApplicationContext] - Root WebApplicationContext: initialization completed in 470 ms
2025-05-04 04:37:52.890 [INFO] [restartedMain] [o.h.jpa.internal.util.LogHelper] - HHH000204: Processing PersistenceUnitInfo [name: default]
2025-05-04 04:37:52.895 [INFO] [restartedMain] [o.h.c.i.RegionFactoryInitiator] - HHH000026: Second-level cache disabled
2025-05-04 04:37:52.907 [INFO] [restartedMain] [o.s.o.j.p.SpringPersistenceUnitInfo] - No LoadTimeWeaver setup: ignoring JPA class transformer
2025-05-04 04:37:52.909 [INFO] [restartedMain] [com.zaxxer.hikari.HikariDataSource] - HikariPool-16 - Starting...
2025-05-04 04:37:52.911 [INFO] [restartedMain] [com.zaxxer.hikari.pool.HikariPool] - HikariPool-16 - Added connection org.mariadb.jdbc.MariaDbConnection@1bbafa5b
2025-05-04 04:37:52.911 [INFO] [restartedMain] [com.zaxxer.hikari.HikariDataSource] - HikariPool-16 - Start completed.
2025-05-04 04:37:52.912 [INFO] [restartedMain] [o.hibernate.orm.connections.pooling] - HHH10001005: Database info:
	Database JDBC URL [Connecting through datasource 'HikariDataSource (HikariPool-16)']
	Database driver: undefined/unknown
	Database version: 11.7.2
	Autocommit mode: undefined/unknown
	Isolation level: undefined/unknown
	Minimum pool size: undefined/unknown
	Maximum pool size: undefined/unknown
2025-05-04 04:37:53.033 [INFO] [restartedMain] [o.h.e.t.j.p.i.JtaPlatformInitiator] - HHH000489: No JTA platform available (set 'hibernate.transaction.jta.platform' to enable JTA platform integration)
2025-05-04 04:37:53.058 [INFO] [restartedMain] [o.s.o.j.LocalContainerEntityManagerFactoryBean] - Initialized JPA EntityManagerFactory for persistence unit 'default'
2025-05-04 04:37:53.210 [INFO] [restartedMain] [o.s.o.j.LocalContainerEntityManagerFactoryBean] - Closing JPA EntityManagerFactory for persistence unit 'default'
2025-05-04 04:37:53.211 [INFO] [restartedMain] [com.zaxxer.hikari.HikariDataSource] - HikariPool-16 - Shutdown initiated...
2025-05-04 04:37:53.220 [INFO] [restartedMain] [com.zaxxer.hikari.HikariDataSource] - HikariPool-16 - Shutdown completed.
2025-05-04 04:37:53.221 [INFO] [restartedMain] [o.a.catalina.core.StandardService] - Stopping service [Tomcat]
2025-05-04 04:37:53.225 [INFO] [restartedMain] [o.s.b.a.l.ConditionEvaluationReportLogger] - 

Error starting ApplicationContext. To display the condition evaluation report re-run your application with 'debug' enabled.
2025-05-04 04:38:41.826 [INFO] [restartedMain] [c.g.aigroove.AigrooveApplication] - Starting AigrooveApplication using Java 17.0.15 with PID 7776 (C:\dev\AIGroove_api\aigroove\bin\main started by 문유신 in C:\dev\AIGroove_api\aigroove)
2025-05-04 04:38:41.827 [INFO] [restartedMain] [c.g.aigroove.AigrooveApplication] - No active profile set, falling back to 1 default profile: "default"
2025-05-04 04:38:42.137 [INFO] [restartedMain] [o.s.d.r.c.RepositoryConfigurationDelegate] - Bootstrapping Spring Data JPA repositories in DEFAULT mode.
2025-05-04 04:38:42.174 [INFO] [restartedMain] [o.s.d.r.c.RepositoryConfigurationDelegate] - Finished Spring Data repository scanning in 35 ms. Found 11 JPA repository interfaces.
2025-05-04 04:38:42.260 [INFO] [restartedMain] [o.s.b.w.e.tomcat.TomcatWebServer] - Tomcat initialized with port 8080 (http)
2025-05-04 04:38:42.261 [INFO] [restartedMain] [o.a.coyote.http11.Http11NioProtocol] - Initializing ProtocolHandler ["http-nio-8080"]
2025-05-04 04:38:42.261 [INFO] [restartedMain] [o.a.catalina.core.StandardService] - Starting service [Tomcat]
2025-05-04 04:38:42.261 [INFO] [restartedMain] [o.a.catalina.core.StandardEngine] - Starting Servlet engine: [Apache Tomcat/10.1.39]
2025-05-04 04:38:42.282 [INFO] [restartedMain] [o.a.c.c.C.[Tomcat-5].[localhost].[/]] - Initializing Spring embedded WebApplicationContext
2025-05-04 04:38:42.282 [INFO] [restartedMain] [o.s.b.w.s.c.ServletWebServerApplicationContext] - Root WebApplicationContext: initialization completed in 453 ms
2025-05-04 04:38:42.308 [INFO] [restartedMain] [o.h.jpa.internal.util.LogHelper] - HHH000204: Processing PersistenceUnitInfo [name: default]
2025-05-04 04:38:42.313 [INFO] [restartedMain] [o.h.c.i.RegionFactoryInitiator] - HHH000026: Second-level cache disabled
2025-05-04 04:38:42.324 [INFO] [restartedMain] [o.s.o.j.p.SpringPersistenceUnitInfo] - No LoadTimeWeaver setup: ignoring JPA class transformer
2025-05-04 04:38:42.325 [INFO] [restartedMain] [com.zaxxer.hikari.HikariDataSource] - HikariPool-17 - Starting...
2025-05-04 04:38:42.327 [INFO] [restartedMain] [com.zaxxer.hikari.pool.HikariPool] - HikariPool-17 - Added connection org.mariadb.jdbc.MariaDbConnection@1de6aa3a
2025-05-04 04:38:42.327 [INFO] [restartedMain] [com.zaxxer.hikari.HikariDataSource] - HikariPool-17 - Start completed.
2025-05-04 04:38:42.328 [INFO] [restartedMain] [o.hibernate.orm.connections.pooling] - HHH10001005: Database info:
	Database JDBC URL [Connecting through datasource 'HikariDataSource (HikariPool-17)']
	Database driver: undefined/unknown
	Database version: 11.7.2
	Autocommit mode: undefined/unknown
	Isolation level: undefined/unknown
	Minimum pool size: undefined/unknown
	Maximum pool size: undefined/unknown
2025-05-04 04:38:42.468 [INFO] [restartedMain] [o.h.e.t.j.p.i.JtaPlatformInitiator] - HHH000489: No JTA platform available (set 'hibernate.transaction.jta.platform' to enable JTA platform integration)
2025-05-04 04:38:42.489 [INFO] [restartedMain] [o.s.o.j.LocalContainerEntityManagerFactoryBean] - Initialized JPA EntityManagerFactory for persistence unit 'default'
2025-05-04 04:38:42.651 [INFO] [restartedMain] [o.s.s.c.a.a.c.InitializeUserDetailsBeanManagerConfigurer$InitializeUserDetailsManagerConfigurer] - Global AuthenticationManager configured with UserDetailsService bean with name inMemoryUserDetailsManager
2025-05-04 04:38:42.657 [INFO] [restartedMain] [o.s.b.a.w.s.WelcomePageHandlerMapping] - Adding welcome page: class path resource [static/index.html]
2025-05-04 04:38:43.021 [INFO] [restartedMain] [o.s.v.b.OptionalValidatorFactoryBean] - Failed to set up a Bean Validation provider: jakarta.validation.NoProviderFoundException: Unable to create a Configuration, because no Jakarta Bean Validation provider could be found. Add a provider like Hibernate Validator (RI) to your classpath.
2025-05-04 04:38:43.078 [INFO] [restartedMain] [o.s.b.d.a.OptionalLiveReloadServer] - LiveReload server is running on port 35729
2025-05-04 04:38:43.082 [INFO] [restartedMain] [o.a.coyote.http11.Http11NioProtocol] - Starting ProtocolHandler ["http-nio-8080"]
2025-05-04 04:38:43.085 [INFO] [restartedMain] [o.s.b.w.e.tomcat.TomcatWebServer] - Tomcat started on port 8080 (http) with context path '/'
2025-05-04 04:38:43.088 [INFO] [restartedMain] [c.g.aigroove.AigrooveApplication] - Started AigrooveApplication in 1.29 seconds (process running for 1933.889)
2025-05-04 04:38:43.089 [INFO] [restartedMain] [o.s.b.d.a.ConditionEvaluationDeltaLoggingListener] - Condition evaluation unchanged
2025-05-04 04:41:25.098 [INFO] [File Watcher] [o.s.b.d.a.LocalDevToolsAutoConfiguration$RestartingClassPathChangeChangedEventListener] - Restarting due to 2 class path changes (0 additions, 0 deletions, 2 modifications)
2025-05-04 04:41:25.099 [INFO] [Thread-47] [o.s.b.w.e.tomcat.GracefulShutdown] - Commencing graceful shutdown. Waiting for active requests to complete
2025-05-04 04:41:25.100 [INFO] [tomcat-shutdown] [o.a.coyote.http11.Http11NioProtocol] - Pausing ProtocolHandler ["http-nio-8080"]
2025-05-04 04:41:25.183 [INFO] [tomcat-shutdown] [o.s.b.w.e.tomcat.GracefulShutdown] - Graceful shutdown complete
2025-05-04 04:41:25.183 [INFO] [Thread-47] [o.a.coyote.http11.Http11NioProtocol] - Stopping ProtocolHandler ["http-nio-8080"]
2025-05-04 04:41:25.185 [INFO] [Thread-47] [o.s.o.j.LocalContainerEntityManagerFactoryBean] - Closing JPA EntityManagerFactory for persistence unit 'default'
2025-05-04 04:41:25.186 [INFO] [Thread-47] [com.zaxxer.hikari.HikariDataSource] - HikariPool-17 - Shutdown initiated...
2025-05-04 04:41:25.187 [INFO] [Thread-47] [com.zaxxer.hikari.HikariDataSource] - HikariPool-17 - Shutdown completed.
2025-05-04 04:41:25.283 [INFO] [restartedMain] [c.g.aigroove.AigrooveApplication] - Starting AigrooveApplication using Java 17.0.15 with PID 7776 (C:\dev\AIGroove_api\aigroove\bin\main started by 문유신 in C:\dev\AIGroove_api\aigroove)
2025-05-04 04:41:25.283 [INFO] [restartedMain] [c.g.aigroove.AigrooveApplication] - No active profile set, falling back to 1 default profile: "default"
2025-05-04 04:41:25.578 [INFO] [restartedMain] [o.s.d.r.c.RepositoryConfigurationDelegate] - Bootstrapping Spring Data JPA repositories in DEFAULT mode.
2025-05-04 04:41:25.615 [INFO] [restartedMain] [o.s.d.r.c.RepositoryConfigurationDelegate] - Finished Spring Data repository scanning in 36 ms. Found 11 JPA repository interfaces.
2025-05-04 04:41:25.697 [INFO] [restartedMain] [o.s.b.w.e.tomcat.TomcatWebServer] - Tomcat initialized with port 8080 (http)
2025-05-04 04:41:25.698 [INFO] [restartedMain] [o.a.coyote.http11.Http11NioProtocol] - Initializing ProtocolHandler ["http-nio-8080"]
2025-05-04 04:41:25.699 [INFO] [restartedMain] [o.a.catalina.core.StandardService] - Starting service [Tomcat]
2025-05-04 04:41:25.699 [INFO] [restartedMain] [o.a.catalina.core.StandardEngine] - Starting Servlet engine: [Apache Tomcat/10.1.39]
2025-05-04 04:41:25.721 [INFO] [restartedMain] [o.a.c.c.C.[Tomcat-5].[localhost].[/]] - Initializing Spring embedded WebApplicationContext
2025-05-04 04:41:25.721 [INFO] [restartedMain] [o.s.b.w.s.c.ServletWebServerApplicationContext] - Root WebApplicationContext: initialization completed in 436 ms
2025-05-04 04:41:25.745 [INFO] [restartedMain] [o.h.jpa.internal.util.LogHelper] - HHH000204: Processing PersistenceUnitInfo [name: default]
2025-05-04 04:41:25.750 [INFO] [restartedMain] [o.h.c.i.RegionFactoryInitiator] - HHH000026: Second-level cache disabled
2025-05-04 04:41:25.759 [INFO] [restartedMain] [o.s.o.j.p.SpringPersistenceUnitInfo] - No LoadTimeWeaver setup: ignoring JPA class transformer
2025-05-04 04:41:25.761 [INFO] [restartedMain] [com.zaxxer.hikari.HikariDataSource] - HikariPool-18 - Starting...
2025-05-04 04:41:25.763 [INFO] [restartedMain] [com.zaxxer.hikari.pool.HikariPool] - HikariPool-18 - Added connection org.mariadb.jdbc.MariaDbConnection@64fc0ac3
2025-05-04 04:41:25.763 [INFO] [restartedMain] [com.zaxxer.hikari.HikariDataSource] - HikariPool-18 - Start completed.
2025-05-04 04:41:25.764 [INFO] [restartedMain] [o.hibernate.orm.connections.pooling] - HHH10001005: Database info:
	Database JDBC URL [Connecting through datasource 'HikariDataSource (HikariPool-18)']
	Database driver: undefined/unknown
	Database version: 11.7.2
	Autocommit mode: undefined/unknown
	Isolation level: undefined/unknown
	Minimum pool size: undefined/unknown
	Maximum pool size: undefined/unknown
2025-05-04 04:41:25.887 [INFO] [restartedMain] [o.h.e.t.j.p.i.JtaPlatformInitiator] - HHH000489: No JTA platform available (set 'hibernate.transaction.jta.platform' to enable JTA platform integration)
2025-05-04 04:41:25.918 [INFO] [restartedMain] [o.s.o.j.LocalContainerEntityManagerFactoryBean] - Initialized JPA EntityManagerFactory for persistence unit 'default'
2025-05-04 04:41:26.094 [INFO] [restartedMain] [o.s.s.c.a.a.c.InitializeUserDetailsBeanManagerConfigurer$InitializeUserDetailsManagerConfigurer] - Global AuthenticationManager configured with UserDetailsService bean with name inMemoryUserDetailsManager
2025-05-04 04:41:26.102 [INFO] [restartedMain] [o.s.b.a.w.s.WelcomePageHandlerMapping] - Adding welcome page: class path resource [static/index.html]
2025-05-04 04:41:26.395 [INFO] [restartedMain] [o.s.v.b.OptionalValidatorFactoryBean] - Failed to set up a Bean Validation provider: jakarta.validation.NoProviderFoundException: Unable to create a Configuration, because no Jakarta Bean Validation provider could be found. Add a provider like Hibernate Validator (RI) to your classpath.
2025-05-04 04:41:26.446 [INFO] [restartedMain] [o.s.b.d.a.OptionalLiveReloadServer] - LiveReload server is running on port 35729
2025-05-04 04:41:26.451 [INFO] [restartedMain] [o.a.coyote.http11.Http11NioProtocol] - Starting ProtocolHandler ["http-nio-8080"]
2025-05-04 04:41:26.454 [INFO] [restartedMain] [o.s.b.w.e.tomcat.TomcatWebServer] - Tomcat started on port 8080 (http) with context path '/'
2025-05-04 04:41:26.457 [INFO] [restartedMain] [c.g.aigroove.AigrooveApplication] - Started AigrooveApplication in 1.206 seconds (process running for 2097.258)
2025-05-04 04:41:26.458 [INFO] [restartedMain] [o.s.b.d.a.ConditionEvaluationDeltaLoggingListener] - Condition evaluation unchanged
2025-05-04 04:42:00.047 [INFO] [File Watcher] [o.s.b.d.a.LocalDevToolsAutoConfiguration$RestartingClassPathChangeChangedEventListener] - Restarting due to 1 class path change (0 additions, 0 deletions, 1 modification)
2025-05-04 04:42:00.049 [INFO] [Thread-66] [o.s.b.w.e.tomcat.GracefulShutdown] - Commencing graceful shutdown. Waiting for active requests to complete
2025-05-04 04:42:00.049 [INFO] [tomcat-shutdown] [o.a.coyote.http11.Http11NioProtocol] - Pausing ProtocolHandler ["http-nio-8080"]
2025-05-04 04:42:00.133 [INFO] [tomcat-shutdown] [o.s.b.w.e.tomcat.GracefulShutdown] - Graceful shutdown complete
2025-05-04 04:42:00.134 [INFO] [Thread-66] [o.a.coyote.http11.Http11NioProtocol] - Stopping ProtocolHandler ["http-nio-8080"]
2025-05-04 04:42:00.136 [INFO] [Thread-66] [o.s.o.j.LocalContainerEntityManagerFactoryBean] - Closing JPA EntityManagerFactory for persistence unit 'default'
2025-05-04 04:42:00.136 [INFO] [Thread-66] [com.zaxxer.hikari.HikariDataSource] - HikariPool-18 - Shutdown initiated...
2025-05-04 04:42:00.138 [INFO] [Thread-66] [com.zaxxer.hikari.HikariDataSource] - HikariPool-18 - Shutdown completed.
2025-05-04 04:42:00.232 [INFO] [restartedMain] [c.g.aigroove.AigrooveApplication] - Starting AigrooveApplication using Java 17.0.15 with PID 7776 (C:\dev\AIGroove_api\aigroove\bin\main started by 문유신 in C:\dev\AIGroove_api\aigroove)
2025-05-04 04:42:00.232 [INFO] [restartedMain] [c.g.aigroove.AigrooveApplication] - No active profile set, falling back to 1 default profile: "default"
2025-05-04 04:42:00.530 [INFO] [restartedMain] [o.s.d.r.c.RepositoryConfigurationDelegate] - Bootstrapping Spring Data JPA repositories in DEFAULT mode.
2025-05-04 04:42:00.571 [INFO] [restartedMain] [o.s.d.r.c.RepositoryConfigurationDelegate] - Finished Spring Data repository scanning in 40 ms. Found 11 JPA repository interfaces.
2025-05-04 04:42:00.679 [INFO] [restartedMain] [o.s.b.w.e.tomcat.TomcatWebServer] - Tomcat initialized with port 8080 (http)
2025-05-04 04:42:00.680 [INFO] [restartedMain] [o.a.coyote.http11.Http11NioProtocol] - Initializing ProtocolHandler ["http-nio-8080"]
2025-05-04 04:42:00.680 [INFO] [restartedMain] [o.a.catalina.core.StandardService] - Starting service [Tomcat]
2025-05-04 04:42:00.680 [INFO] [restartedMain] [o.a.catalina.core.StandardEngine] - Starting Servlet engine: [Apache Tomcat/10.1.39]
2025-05-04 04:42:00.706 [INFO] [restartedMain] [o.a.c.c.C.[Tomcat-5].[localhost].[/]] - Initializing Spring embedded WebApplicationContext
2025-05-04 04:42:00.706 [INFO] [restartedMain] [o.s.b.w.s.c.ServletWebServerApplicationContext] - Root WebApplicationContext: initialization completed in 472 ms
2025-05-04 04:42:00.733 [INFO] [restartedMain] [o.h.jpa.internal.util.LogHelper] - HHH000204: Processing PersistenceUnitInfo [name: default]
2025-05-04 04:42:00.737 [INFO] [restartedMain] [o.h.c.i.RegionFactoryInitiator] - HHH000026: Second-level cache disabled
2025-05-04 04:42:00.749 [INFO] [restartedMain] [o.s.o.j.p.SpringPersistenceUnitInfo] - No LoadTimeWeaver setup: ignoring JPA class transformer
2025-05-04 04:42:00.751 [INFO] [restartedMain] [com.zaxxer.hikari.HikariDataSource] - HikariPool-19 - Starting...
2025-05-04 04:42:00.752 [INFO] [restartedMain] [com.zaxxer.hikari.pool.HikariPool] - HikariPool-19 - Added connection org.mariadb.jdbc.MariaDbConnection@246a7730
2025-05-04 04:42:00.753 [INFO] [restartedMain] [com.zaxxer.hikari.HikariDataSource] - HikariPool-19 - Start completed.
2025-05-04 04:42:00.754 [INFO] [restartedMain] [o.hibernate.orm.connections.pooling] - HHH10001005: Database info:
	Database JDBC URL [Connecting through datasource 'HikariDataSource (HikariPool-19)']
	Database driver: undefined/unknown
	Database version: 11.7.2
	Autocommit mode: undefined/unknown
	Isolation level: undefined/unknown
	Minimum pool size: undefined/unknown
	Maximum pool size: undefined/unknown
2025-05-04 04:42:00.884 [INFO] [restartedMain] [o.h.e.t.j.p.i.JtaPlatformInitiator] - HHH000489: No JTA platform available (set 'hibernate.transaction.jta.platform' to enable JTA platform integration)
2025-05-04 04:42:00.905 [INFO] [restartedMain] [o.s.o.j.LocalContainerEntityManagerFactoryBean] - Initialized JPA EntityManagerFactory for persistence unit 'default'
2025-05-04 04:42:01.056 [INFO] [restartedMain] [o.s.s.c.a.a.c.InitializeUserDetailsBeanManagerConfigurer$InitializeUserDetailsManagerConfigurer] - Global AuthenticationManager configured with UserDetailsService bean with name inMemoryUserDetailsManager
2025-05-04 04:42:01.062 [INFO] [restartedMain] [o.s.b.a.w.s.WelcomePageHandlerMapping] - Adding welcome page: class path resource [static/index.html]
2025-05-04 04:42:01.357 [INFO] [restartedMain] [o.s.v.b.OptionalValidatorFactoryBean] - Failed to set up a Bean Validation provider: jakarta.validation.NoProviderFoundException: Unable to create a Configuration, because no Jakarta Bean Validation provider could be found. Add a provider like Hibernate Validator (RI) to your classpath.
2025-05-04 04:42:01.403 [INFO] [restartedMain] [o.s.b.d.a.OptionalLiveReloadServer] - LiveReload server is running on port 35729
2025-05-04 04:42:01.407 [INFO] [restartedMain] [o.a.coyote.http11.Http11NioProtocol] - Starting ProtocolHandler ["http-nio-8080"]
2025-05-04 04:42:01.410 [INFO] [restartedMain] [o.s.b.w.e.tomcat.TomcatWebServer] - Tomcat started on port 8080 (http) with context path '/'
2025-05-04 04:42:01.412 [INFO] [restartedMain] [c.g.aigroove.AigrooveApplication] - Started AigrooveApplication in 1.212 seconds (process running for 2132.213)
2025-05-04 04:42:01.414 [INFO] [restartedMain] [o.s.b.d.a.ConditionEvaluationDeltaLoggingListener] - Condition evaluation unchanged
2025-05-04 04:42:43.277 [INFO] [File Watcher] [o.s.b.d.a.LocalDevToolsAutoConfiguration$RestartingClassPathChangeChangedEventListener] - Restarting due to 2 class path changes (0 additions, 0 deletions, 2 modifications)
2025-05-04 04:42:43.278 [INFO] [Thread-70] [o.s.b.w.e.tomcat.GracefulShutdown] - Commencing graceful shutdown. Waiting for active requests to complete
2025-05-04 04:42:43.278 [INFO] [tomcat-shutdown] [o.a.coyote.http11.Http11NioProtocol] - Pausing ProtocolHandler ["http-nio-8080"]
2025-05-04 04:42:43.362 [INFO] [tomcat-shutdown] [o.s.b.w.e.tomcat.GracefulShutdown] - Graceful shutdown complete
2025-05-04 04:42:43.363 [INFO] [Thread-70] [o.a.coyote.http11.Http11NioProtocol] - Stopping ProtocolHandler ["http-nio-8080"]
2025-05-04 04:42:43.364 [INFO] [Thread-70] [o.s.o.j.LocalContainerEntityManagerFactoryBean] - Closing JPA EntityManagerFactory for persistence unit 'default'
2025-05-04 04:42:43.365 [INFO] [Thread-70] [com.zaxxer.hikari.HikariDataSource] - HikariPool-19 - Shutdown initiated...
2025-05-04 04:42:43.366 [INFO] [Thread-70] [com.zaxxer.hikari.HikariDataSource] - HikariPool-19 - Shutdown completed.
2025-05-04 04:42:43.477 [INFO] [restartedMain] [c.g.aigroove.AigrooveApplication] - Starting AigrooveApplication using Java 17.0.15 with PID 7776 (C:\dev\AIGroove_api\aigroove\bin\main started by 문유신 in C:\dev\AIGroove_api\aigroove)
2025-05-04 04:42:43.478 [INFO] [restartedMain] [c.g.aigroove.AigrooveApplication] - No active profile set, falling back to 1 default profile: "default"
2025-05-04 04:42:43.775 [INFO] [restartedMain] [o.s.d.r.c.RepositoryConfigurationDelegate] - Bootstrapping Spring Data JPA repositories in DEFAULT mode.
2025-05-04 04:42:43.810 [INFO] [restartedMain] [o.s.d.r.c.RepositoryConfigurationDelegate] - Finished Spring Data repository scanning in 34 ms. Found 11 JPA repository interfaces.
2025-05-04 04:42:43.887 [INFO] [restartedMain] [o.s.b.w.e.tomcat.TomcatWebServer] - Tomcat initialized with port 8080 (http)
2025-05-04 04:42:43.888 [INFO] [restartedMain] [o.a.coyote.http11.Http11NioProtocol] - Initializing ProtocolHandler ["http-nio-8080"]
2025-05-04 04:42:43.888 [INFO] [restartedMain] [o.a.catalina.core.StandardService] - Starting service [Tomcat]
2025-05-04 04:42:43.889 [INFO] [restartedMain] [o.a.catalina.core.StandardEngine] - Starting Servlet engine: [Apache Tomcat/10.1.39]
2025-05-04 04:42:43.909 [INFO] [restartedMain] [o.a.c.c.C.[Tomcat-5].[localhost].[/]] - Initializing Spring embedded WebApplicationContext
2025-05-04 04:42:43.909 [INFO] [restartedMain] [o.s.b.w.s.c.ServletWebServerApplicationContext] - Root WebApplicationContext: initialization completed in 428 ms
2025-05-04 04:42:43.934 [INFO] [restartedMain] [o.h.jpa.internal.util.LogHelper] - HHH000204: Processing PersistenceUnitInfo [name: default]
2025-05-04 04:42:43.939 [INFO] [restartedMain] [o.h.c.i.RegionFactoryInitiator] - HHH000026: Second-level cache disabled
2025-05-04 04:42:43.950 [INFO] [restartedMain] [o.s.o.j.p.SpringPersistenceUnitInfo] - No LoadTimeWeaver setup: ignoring JPA class transformer
2025-05-04 04:42:43.951 [INFO] [restartedMain] [com.zaxxer.hikari.HikariDataSource] - HikariPool-20 - Starting...
2025-05-04 04:42:43.953 [INFO] [restartedMain] [com.zaxxer.hikari.pool.HikariPool] - HikariPool-20 - Added connection org.mariadb.jdbc.MariaDbConnection@6e205f08
2025-05-04 04:42:43.953 [INFO] [restartedMain] [com.zaxxer.hikari.HikariDataSource] - HikariPool-20 - Start completed.
2025-05-04 04:42:43.954 [INFO] [restartedMain] [o.hibernate.orm.connections.pooling] - HHH10001005: Database info:
	Database JDBC URL [Connecting through datasource 'HikariDataSource (HikariPool-20)']
	Database driver: undefined/unknown
	Database version: 11.7.2
	Autocommit mode: undefined/unknown
	Isolation level: undefined/unknown
	Minimum pool size: undefined/unknown
	Maximum pool size: undefined/unknown
2025-05-04 04:42:44.082 [INFO] [restartedMain] [o.h.e.t.j.p.i.JtaPlatformInitiator] - HHH000489: No JTA platform available (set 'hibernate.transaction.jta.platform' to enable JTA platform integration)
2025-05-04 04:42:44.107 [INFO] [restartedMain] [o.s.o.j.LocalContainerEntityManagerFactoryBean] - Initialized JPA EntityManagerFactory for persistence unit 'default'
2025-05-04 04:42:44.321 [INFO] [restartedMain] [o.s.s.c.a.a.c.InitializeUserDetailsBeanManagerConfigurer$InitializeUserDetailsManagerConfigurer] - Global AuthenticationManager configured with UserDetailsService bean with name inMemoryUserDetailsManager
2025-05-04 04:42:44.332 [INFO] [restartedMain] [o.s.b.a.w.s.WelcomePageHandlerMapping] - Adding welcome page: class path resource [static/index.html]
2025-05-04 04:42:44.687 [INFO] [restartedMain] [o.s.v.b.OptionalValidatorFactoryBean] - Failed to set up a Bean Validation provider: jakarta.validation.NoProviderFoundException: Unable to create a Configuration, because no Jakarta Bean Validation provider could be found. Add a provider like Hibernate Validator (RI) to your classpath.
2025-05-04 04:42:44.737 [INFO] [restartedMain] [o.s.b.d.a.OptionalLiveReloadServer] - LiveReload server is running on port 35729
2025-05-04 04:42:44.743 [INFO] [restartedMain] [o.a.coyote.http11.Http11NioProtocol] - Starting ProtocolHandler ["http-nio-8080"]
2025-05-04 04:42:44.746 [INFO] [restartedMain] [o.s.b.w.e.tomcat.TomcatWebServer] - Tomcat started on port 8080 (http) with context path '/'
2025-05-04 04:42:44.748 [INFO] [restartedMain] [c.g.aigroove.AigrooveApplication] - Started AigrooveApplication in 1.303 seconds (process running for 2175.549)
2025-05-04 04:42:44.750 [INFO] [restartedMain] [o.s.b.d.a.ConditionEvaluationDeltaLoggingListener] - Condition evaluation unchanged
2025-05-04 04:43:02.775 [INFO] [File Watcher] [o.s.b.d.a.LocalDevToolsAutoConfiguration$RestartingClassPathChangeChangedEventListener] - Restarting due to 2 class path changes (0 additions, 0 deletions, 2 modifications)
2025-05-04 04:43:02.777 [INFO] [Thread-74] [o.s.b.w.e.tomcat.GracefulShutdown] - Commencing graceful shutdown. Waiting for active requests to complete
2025-05-04 04:43:02.778 [INFO] [tomcat-shutdown] [o.a.coyote.http11.Http11NioProtocol] - Pausing ProtocolHandler ["http-nio-8080"]
2025-05-04 04:43:02.864 [INFO] [tomcat-shutdown] [o.s.b.w.e.tomcat.GracefulShutdown] - Graceful shutdown complete
2025-05-04 04:43:02.864 [INFO] [Thread-74] [o.a.coyote.http11.Http11NioProtocol] - Stopping ProtocolHandler ["http-nio-8080"]
2025-05-04 04:43:02.866 [INFO] [Thread-74] [o.s.o.j.LocalContainerEntityManagerFactoryBean] - Closing JPA EntityManagerFactory for persistence unit 'default'
2025-05-04 04:43:02.866 [INFO] [Thread-74] [com.zaxxer.hikari.HikariDataSource] - HikariPool-20 - Shutdown initiated...
2025-05-04 04:43:02.868 [INFO] [Thread-74] [com.zaxxer.hikari.HikariDataSource] - HikariPool-20 - Shutdown completed.
2025-05-04 04:43:02.972 [INFO] [restartedMain] [c.g.aigroove.AigrooveApplication] - Starting AigrooveApplication using Java 17.0.15 with PID 7776 (C:\dev\AIGroove_api\aigroove\bin\main started by 문유신 in C:\dev\AIGroove_api\aigroove)
2025-05-04 04:43:02.973 [INFO] [restartedMain] [c.g.aigroove.AigrooveApplication] - No active profile set, falling back to 1 default profile: "default"
2025-05-04 04:43:03.260 [INFO] [restartedMain] [o.s.d.r.c.RepositoryConfigurationDelegate] - Bootstrapping Spring Data JPA repositories in DEFAULT mode.
2025-05-04 04:43:03.296 [INFO] [restartedMain] [o.s.d.r.c.RepositoryConfigurationDelegate] - Finished Spring Data repository scanning in 35 ms. Found 11 JPA repository interfaces.
2025-05-04 04:43:03.375 [INFO] [restartedMain] [o.s.b.w.e.tomcat.TomcatWebServer] - Tomcat initialized with port 8080 (http)
2025-05-04 04:43:03.375 [INFO] [restartedMain] [o.a.coyote.http11.Http11NioProtocol] - Initializing ProtocolHandler ["http-nio-8080"]
2025-05-04 04:43:03.375 [INFO] [restartedMain] [o.a.catalina.core.StandardService] - Starting service [Tomcat]
2025-05-04 04:43:03.376 [INFO] [restartedMain] [o.a.catalina.core.StandardEngine] - Starting Servlet engine: [Apache Tomcat/10.1.39]
2025-05-04 04:43:03.400 [INFO] [restartedMain] [o.a.c.c.C.[Tomcat-5].[localhost].[/]] - Initializing Spring embedded WebApplicationContext
2025-05-04 04:43:03.400 [INFO] [restartedMain] [o.s.b.w.s.c.ServletWebServerApplicationContext] - Root WebApplicationContext: initialization completed in 425 ms
2025-05-04 04:43:03.424 [INFO] [restartedMain] [o.h.jpa.internal.util.LogHelper] - HHH000204: Processing PersistenceUnitInfo [name: default]
2025-05-04 04:43:03.429 [INFO] [restartedMain] [o.h.c.i.RegionFactoryInitiator] - HHH000026: Second-level cache disabled
2025-05-04 04:43:03.439 [INFO] [restartedMain] [o.s.o.j.p.SpringPersistenceUnitInfo] - No LoadTimeWeaver setup: ignoring JPA class transformer
2025-05-04 04:43:03.441 [INFO] [restartedMain] [com.zaxxer.hikari.HikariDataSource] - HikariPool-21 - Starting...
2025-05-04 04:43:03.443 [INFO] [restartedMain] [com.zaxxer.hikari.pool.HikariPool] - HikariPool-21 - Added connection org.mariadb.jdbc.MariaDbConnection@5bc3af15
2025-05-04 04:43:03.443 [INFO] [restartedMain] [com.zaxxer.hikari.HikariDataSource] - HikariPool-21 - Start completed.
2025-05-04 04:43:03.444 [INFO] [restartedMain] [o.hibernate.orm.connections.pooling] - HHH10001005: Database info:
	Database JDBC URL [Connecting through datasource 'HikariDataSource (HikariPool-21)']
	Database driver: undefined/unknown
	Database version: 11.7.2
	Autocommit mode: undefined/unknown
	Isolation level: undefined/unknown
	Minimum pool size: undefined/unknown
	Maximum pool size: undefined/unknown
2025-05-04 04:43:03.552 [INFO] [restartedMain] [o.h.e.t.j.p.i.JtaPlatformInitiator] - HHH000489: No JTA platform available (set 'hibernate.transaction.jta.platform' to enable JTA platform integration)
2025-05-04 04:43:03.574 [INFO] [restartedMain] [o.s.o.j.LocalContainerEntityManagerFactoryBean] - Initialized JPA EntityManagerFactory for persistence unit 'default'
2025-05-04 04:43:03.761 [INFO] [restartedMain] [o.s.s.c.a.a.c.InitializeUserDetailsBeanManagerConfigurer$InitializeUserDetailsManagerConfigurer] - Global AuthenticationManager configured with UserDetailsService bean with name inMemoryUserDetailsManager
2025-05-04 04:43:03.769 [INFO] [restartedMain] [o.s.b.a.w.s.WelcomePageHandlerMapping] - Adding welcome page: class path resource [static/index.html]
2025-05-04 04:43:04.099 [INFO] [restartedMain] [o.s.v.b.OptionalValidatorFactoryBean] - Failed to set up a Bean Validation provider: jakarta.validation.NoProviderFoundException: Unable to create a Configuration, because no Jakarta Bean Validation provider could be found. Add a provider like Hibernate Validator (RI) to your classpath.
2025-05-04 04:43:04.177 [INFO] [restartedMain] [o.s.b.d.a.OptionalLiveReloadServer] - LiveReload server is running on port 35729
2025-05-04 04:43:04.182 [INFO] [restartedMain] [o.a.coyote.http11.Http11NioProtocol] - Starting ProtocolHandler ["http-nio-8080"]
2025-05-04 04:43:04.185 [INFO] [restartedMain] [o.s.b.w.e.tomcat.TomcatWebServer] - Tomcat started on port 8080 (http) with context path '/'
2025-05-04 04:43:04.188 [INFO] [restartedMain] [c.g.aigroove.AigrooveApplication] - Started AigrooveApplication in 1.245 seconds (process running for 2194.989)
2025-05-04 04:43:04.189 [INFO] [restartedMain] [o.s.b.d.a.ConditionEvaluationDeltaLoggingListener] - Condition evaluation unchanged
2025-05-04 04:43:12.938 [INFO] [File Watcher] [o.s.b.d.a.LocalDevToolsAutoConfiguration$RestartingClassPathChangeChangedEventListener] - Restarting due to 1 class path change (0 additions, 0 deletions, 1 modification)
2025-05-04 04:43:12.940 [INFO] [Thread-78] [o.s.b.w.e.tomcat.GracefulShutdown] - Commencing graceful shutdown. Waiting for active requests to complete
2025-05-04 04:43:12.940 [INFO] [tomcat-shutdown] [o.a.coyote.http11.Http11NioProtocol] - Pausing ProtocolHandler ["http-nio-8080"]
2025-05-04 04:43:13.025 [INFO] [tomcat-shutdown] [o.s.b.w.e.tomcat.GracefulShutdown] - Graceful shutdown complete
2025-05-04 04:43:13.026 [INFO] [Thread-78] [o.a.coyote.http11.Http11NioProtocol] - Stopping ProtocolHandler ["http-nio-8080"]
2025-05-04 04:43:13.028 [INFO] [Thread-78] [o.s.o.j.LocalContainerEntityManagerFactoryBean] - Closing JPA EntityManagerFactory for persistence unit 'default'
2025-05-04 04:43:13.028 [INFO] [Thread-78] [com.zaxxer.hikari.HikariDataSource] - HikariPool-21 - Shutdown initiated...
2025-05-04 04:43:13.030 [INFO] [Thread-78] [com.zaxxer.hikari.HikariDataSource] - HikariPool-21 - Shutdown completed.
2025-05-04 04:43:13.142 [INFO] [restartedMain] [c.g.aigroove.AigrooveApplication] - Starting AigrooveApplication using Java 17.0.15 with PID 7776 (C:\dev\AIGroove_api\aigroove\bin\main started by 문유신 in C:\dev\AIGroove_api\aigroove)
2025-05-04 04:43:13.143 [INFO] [restartedMain] [c.g.aigroove.AigrooveApplication] - No active profile set, falling back to 1 default profile: "default"
2025-05-04 04:43:13.427 [INFO] [restartedMain] [o.s.d.r.c.RepositoryConfigurationDelegate] - Bootstrapping Spring Data JPA repositories in DEFAULT mode.
2025-05-04 04:43:13.460 [INFO] [restartedMain] [o.s.d.r.c.RepositoryConfigurationDelegate] - Finished Spring Data repository scanning in 32 ms. Found 11 JPA repository interfaces.
2025-05-04 04:43:13.543 [INFO] [restartedMain] [o.s.b.w.e.tomcat.TomcatWebServer] - Tomcat initialized with port 8080 (http)
2025-05-04 04:43:13.544 [INFO] [restartedMain] [o.a.coyote.http11.Http11NioProtocol] - Initializing ProtocolHandler ["http-nio-8080"]
2025-05-04 04:43:13.544 [INFO] [restartedMain] [o.a.catalina.core.StandardService] - Starting service [Tomcat]
2025-05-04 04:43:13.544 [INFO] [restartedMain] [o.a.catalina.core.StandardEngine] - Starting Servlet engine: [Apache Tomcat/10.1.39]
2025-05-04 04:43:13.566 [INFO] [restartedMain] [o.a.c.c.C.[Tomcat-5].[localhost].[/]] - Initializing Spring embedded WebApplicationContext
2025-05-04 04:43:13.567 [INFO] [restartedMain] [o.s.b.w.s.c.ServletWebServerApplicationContext] - Root WebApplicationContext: initialization completed in 422 ms
2025-05-04 04:43:13.591 [INFO] [restartedMain] [o.h.jpa.internal.util.LogHelper] - HHH000204: Processing PersistenceUnitInfo [name: default]
2025-05-04 04:43:13.596 [INFO] [restartedMain] [o.h.c.i.RegionFactoryInitiator] - HHH000026: Second-level cache disabled
2025-05-04 04:43:13.606 [INFO] [restartedMain] [o.s.o.j.p.SpringPersistenceUnitInfo] - No LoadTimeWeaver setup: ignoring JPA class transformer
2025-05-04 04:43:13.607 [INFO] [restartedMain] [com.zaxxer.hikari.HikariDataSource] - HikariPool-22 - Starting...
2025-05-04 04:43:13.609 [INFO] [restartedMain] [com.zaxxer.hikari.pool.HikariPool] - HikariPool-22 - Added connection org.mariadb.jdbc.MariaDbConnection@705dc8c0
2025-05-04 04:43:13.609 [INFO] [restartedMain] [com.zaxxer.hikari.HikariDataSource] - HikariPool-22 - Start completed.
2025-05-04 04:43:13.610 [INFO] [restartedMain] [o.hibernate.orm.connections.pooling] - HHH10001005: Database info:
	Database JDBC URL [Connecting through datasource 'HikariDataSource (HikariPool-22)']
	Database driver: undefined/unknown
	Database version: 11.7.2
	Autocommit mode: undefined/unknown
	Isolation level: undefined/unknown
	Minimum pool size: undefined/unknown
	Maximum pool size: undefined/unknown
2025-05-04 04:43:13.721 [INFO] [restartedMain] [o.h.e.t.j.p.i.JtaPlatformInitiator] - HHH000489: No JTA platform available (set 'hibernate.transaction.jta.platform' to enable JTA platform integration)
2025-05-04 04:43:13.746 [INFO] [restartedMain] [o.s.o.j.LocalContainerEntityManagerFactoryBean] - Initialized JPA EntityManagerFactory for persistence unit 'default'
2025-05-04 04:43:13.948 [INFO] [restartedMain] [o.s.s.c.a.a.c.InitializeUserDetailsBeanManagerConfigurer$InitializeUserDetailsManagerConfigurer] - Global AuthenticationManager configured with UserDetailsService bean with name inMemoryUserDetailsManager
2025-05-04 04:43:13.955 [INFO] [restartedMain] [o.s.b.a.w.s.WelcomePageHandlerMapping] - Adding welcome page: class path resource [static/index.html]
2025-05-04 04:43:14.252 [INFO] [restartedMain] [o.s.v.b.OptionalValidatorFactoryBean] - Failed to set up a Bean Validation provider: jakarta.validation.NoProviderFoundException: Unable to create a Configuration, because no Jakarta Bean Validation provider could be found. Add a provider like Hibernate Validator (RI) to your classpath.
2025-05-04 04:43:14.297 [INFO] [restartedMain] [o.s.b.d.a.OptionalLiveReloadServer] - LiveReload server is running on port 35729
2025-05-04 04:43:14.300 [INFO] [restartedMain] [o.a.coyote.http11.Http11NioProtocol] - Starting ProtocolHandler ["http-nio-8080"]
2025-05-04 04:43:14.303 [INFO] [restartedMain] [o.s.b.w.e.tomcat.TomcatWebServer] - Tomcat started on port 8080 (http) with context path '/'
2025-05-04 04:43:14.306 [INFO] [restartedMain] [c.g.aigroove.AigrooveApplication] - Started AigrooveApplication in 1.2 seconds (process running for 2205.106)
2025-05-04 04:43:14.307 [INFO] [restartedMain] [o.s.b.d.a.ConditionEvaluationDeltaLoggingListener] - Condition evaluation unchanged
2025-05-04 04:43:39.926 [INFO] [http-nio-8080-exec-1] [o.a.c.c.C.[Tomcat-5].[localhost].[/]] - Initializing Spring DispatcherServlet 'dispatcherServlet'
2025-05-04 04:43:39.927 [INFO] [http-nio-8080-exec-1] [o.s.web.servlet.DispatcherServlet] - Initializing Servlet 'dispatcherServlet'
2025-05-04 04:43:39.927 [INFO] [http-nio-8080-exec-1] [o.s.web.servlet.DispatcherServlet] - Completed initialization in 0 ms
2025-05-04 04:44:00.177 [INFO] [http-nio-8080-exec-1] [o.s.api.AbstractOpenApiResource] - Init duration for springdoc-openapi is: 377 ms
2025-05-04 04:45:00.237 [INFO] [File Watcher] [o.s.b.d.a.LocalDevToolsAutoConfiguration$RestartingClassPathChangeChangedEventListener] - Restarting due to 1 class path change (0 additions, 0 deletions, 1 modification)
2025-05-04 04:45:00.238 [INFO] [Thread-82] [o.s.b.w.e.tomcat.GracefulShutdown] - Commencing graceful shutdown. Waiting for active requests to complete
2025-05-04 04:45:00.239 [INFO] [tomcat-shutdown] [o.a.coyote.http11.Http11NioProtocol] - Pausing ProtocolHandler ["http-nio-8080"]
2025-05-04 04:45:00.326 [INFO] [tomcat-shutdown] [o.s.b.w.e.tomcat.GracefulShutdown] - Graceful shutdown complete
2025-05-04 04:45:00.327 [INFO] [Thread-82] [o.a.coyote.http11.Http11NioProtocol] - Stopping ProtocolHandler ["http-nio-8080"]
2025-05-04 04:45:00.329 [INFO] [Thread-82] [o.s.o.j.LocalContainerEntityManagerFactoryBean] - Closing JPA EntityManagerFactory for persistence unit 'default'
2025-05-04 04:45:00.329 [INFO] [Thread-82] [com.zaxxer.hikari.HikariDataSource] - HikariPool-22 - Shutdown initiated...
2025-05-04 04:45:00.331 [INFO] [Thread-82] [com.zaxxer.hikari.HikariDataSource] - HikariPool-22 - Shutdown completed.
2025-05-04 04:45:00.436 [INFO] [restartedMain] [c.g.aigroove.AigrooveApplication] - Starting AigrooveApplication using Java 17.0.15 with PID 7776 (C:\dev\AIGroove_api\aigroove\bin\main started by 문유신 in C:\dev\AIGroove_api\aigroove)
2025-05-04 04:45:00.436 [INFO] [restartedMain] [c.g.aigroove.AigrooveApplication] - No active profile set, falling back to 1 default profile: "default"
2025-05-04 04:45:00.728 [INFO] [restartedMain] [o.s.d.r.c.RepositoryConfigurationDelegate] - Bootstrapping Spring Data JPA repositories in DEFAULT mode.
2025-05-04 04:45:00.768 [INFO] [restartedMain] [o.s.d.r.c.RepositoryConfigurationDelegate] - Finished Spring Data repository scanning in 39 ms. Found 11 JPA repository interfaces.
2025-05-04 04:45:00.862 [INFO] [restartedMain] [o.s.b.w.e.tomcat.TomcatWebServer] - Tomcat initialized with port 8080 (http)
2025-05-04 04:45:00.863 [INFO] [restartedMain] [o.a.coyote.http11.Http11NioProtocol] - Initializing ProtocolHandler ["http-nio-8080"]
2025-05-04 04:45:00.864 [INFO] [restartedMain] [o.a.catalina.core.StandardService] - Starting service [Tomcat]
2025-05-04 04:45:00.864 [INFO] [restartedMain] [o.a.catalina.core.StandardEngine] - Starting Servlet engine: [Apache Tomcat/10.1.39]
2025-05-04 04:45:00.886 [INFO] [restartedMain] [o.a.c.c.C.[Tomcat-5].[localhost].[/]] - Initializing Spring embedded WebApplicationContext
2025-05-04 04:45:00.886 [INFO] [restartedMain] [o.s.b.w.s.c.ServletWebServerApplicationContext] - Root WebApplicationContext: initialization completed in 447 ms
2025-05-04 04:45:00.915 [INFO] [restartedMain] [o.h.jpa.internal.util.LogHelper] - HHH000204: Processing PersistenceUnitInfo [name: default]
2025-05-04 04:45:00.920 [INFO] [restartedMain] [o.h.c.i.RegionFactoryInitiator] - HHH000026: Second-level cache disabled
2025-05-04 04:45:00.931 [INFO] [restartedMain] [o.s.o.j.p.SpringPersistenceUnitInfo] - No LoadTimeWeaver setup: ignoring JPA class transformer
2025-05-04 04:45:00.932 [INFO] [restartedMain] [com.zaxxer.hikari.HikariDataSource] - HikariPool-23 - Starting...
2025-05-04 04:45:00.934 [INFO] [restartedMain] [com.zaxxer.hikari.pool.HikariPool] - HikariPool-23 - Added connection org.mariadb.jdbc.MariaDbConnection@2d1a623a
2025-05-04 04:45:00.935 [INFO] [restartedMain] [com.zaxxer.hikari.HikariDataSource] - HikariPool-23 - Start completed.
2025-05-04 04:45:00.936 [INFO] [restartedMain] [o.hibernate.orm.connections.pooling] - HHH10001005: Database info:
	Database JDBC URL [Connecting through datasource 'HikariDataSource (HikariPool-23)']
	Database driver: undefined/unknown
	Database version: 11.7.2
	Autocommit mode: undefined/unknown
	Isolation level: undefined/unknown
	Minimum pool size: undefined/unknown
	Maximum pool size: undefined/unknown
2025-05-04 04:45:01.064 [INFO] [restartedMain] [o.h.e.t.j.p.i.JtaPlatformInitiator] - HHH000489: No JTA platform available (set 'hibernate.transaction.jta.platform' to enable JTA platform integration)
2025-05-04 04:45:01.087 [INFO] [restartedMain] [o.s.o.j.LocalContainerEntityManagerFactoryBean] - Initialized JPA EntityManagerFactory for persistence unit 'default'
2025-05-04 04:45:01.261 [INFO] [restartedMain] [o.s.s.c.a.a.c.InitializeUserDetailsBeanManagerConfigurer$InitializeUserDetailsManagerConfigurer] - Global AuthenticationManager configured with UserDetailsService bean with name inMemoryUserDetailsManager
2025-05-04 04:45:01.266 [INFO] [restartedMain] [o.s.b.a.w.s.WelcomePageHandlerMapping] - Adding welcome page: class path resource [static/index.html]
2025-05-04 04:45:01.554 [INFO] [restartedMain] [o.s.v.b.OptionalValidatorFactoryBean] - Failed to set up a Bean Validation provider: jakarta.validation.NoProviderFoundException: Unable to create a Configuration, because no Jakarta Bean Validation provider could be found. Add a provider like Hibernate Validator (RI) to your classpath.
2025-05-04 04:45:01.605 [INFO] [restartedMain] [o.s.b.d.a.OptionalLiveReloadServer] - LiveReload server is running on port 35729
2025-05-04 04:45:01.609 [INFO] [restartedMain] [o.a.coyote.http11.Http11NioProtocol] - Starting ProtocolHandler ["http-nio-8080"]
2025-05-04 04:45:01.613 [INFO] [restartedMain] [o.s.b.w.e.tomcat.TomcatWebServer] - Tomcat started on port 8080 (http) with context path '/'
2025-05-04 04:45:01.616 [INFO] [restartedMain] [c.g.aigroove.AigrooveApplication] - Started AigrooveApplication in 1.214 seconds (process running for 2312.416)
2025-05-04 04:45:01.617 [INFO] [restartedMain] [o.s.b.d.a.ConditionEvaluationDeltaLoggingListener] - Condition evaluation unchanged
2025-05-04 04:45:18.616 [INFO] [File Watcher] [o.s.b.d.a.LocalDevToolsAutoConfiguration$RestartingClassPathChangeChangedEventListener] - Restarting due to 1 class path change (0 additions, 0 deletions, 1 modification)
2025-05-04 04:45:18.617 [INFO] [Thread-86] [o.s.b.w.e.tomcat.GracefulShutdown] - Commencing graceful shutdown. Waiting for active requests to complete
2025-05-04 04:45:18.618 [INFO] [tomcat-shutdown] [o.a.coyote.http11.Http11NioProtocol] - Pausing ProtocolHandler ["http-nio-8080"]
2025-05-04 04:45:18.725 [INFO] [tomcat-shutdown] [o.s.b.w.e.tomcat.GracefulShutdown] - Graceful shutdown complete
2025-05-04 04:45:18.725 [INFO] [Thread-86] [o.a.coyote.http11.Http11NioProtocol] - Stopping ProtocolHandler ["http-nio-8080"]
2025-05-04 04:45:18.726 [INFO] [Thread-86] [o.s.o.j.LocalContainerEntityManagerFactoryBean] - Closing JPA EntityManagerFactory for persistence unit 'default'
2025-05-04 04:45:18.727 [INFO] [Thread-86] [com.zaxxer.hikari.HikariDataSource] - HikariPool-23 - Shutdown initiated...
2025-05-04 04:45:18.729 [INFO] [Thread-86] [com.zaxxer.hikari.HikariDataSource] - HikariPool-23 - Shutdown completed.
2025-05-04 04:45:18.844 [INFO] [restartedMain] [c.g.aigroove.AigrooveApplication] - Starting AigrooveApplication using Java 17.0.15 with PID 7776 (C:\dev\AIGroove_api\aigroove\bin\main started by 문유신 in C:\dev\AIGroove_api\aigroove)
2025-05-04 04:45:18.845 [INFO] [restartedMain] [c.g.aigroove.AigrooveApplication] - No active profile set, falling back to 1 default profile: "default"
2025-05-04 04:45:19.160 [INFO] [restartedMain] [o.s.d.r.c.RepositoryConfigurationDelegate] - Bootstrapping Spring Data JPA repositories in DEFAULT mode.
2025-05-04 04:45:19.198 [INFO] [restartedMain] [o.s.d.r.c.RepositoryConfigurationDelegate] - Finished Spring Data repository scanning in 37 ms. Found 11 JPA repository interfaces.
2025-05-04 04:45:19.274 [INFO] [restartedMain] [o.s.b.w.e.tomcat.TomcatWebServer] - Tomcat initialized with port 8080 (http)
2025-05-04 04:45:19.275 [INFO] [restartedMain] [o.a.coyote.http11.Http11NioProtocol] - Initializing ProtocolHandler ["http-nio-8080"]
2025-05-04 04:45:19.275 [INFO] [restartedMain] [o.a.catalina.core.StandardService] - Starting service [Tomcat]
2025-05-04 04:45:19.275 [INFO] [restartedMain] [o.a.catalina.core.StandardEngine] - Starting Servlet engine: [Apache Tomcat/10.1.39]
2025-05-04 04:45:19.297 [INFO] [restartedMain] [o.a.c.c.C.[Tomcat-5].[localhost].[/]] - Initializing Spring embedded WebApplicationContext
2025-05-04 04:45:19.297 [INFO] [restartedMain] [o.s.b.w.s.c.ServletWebServerApplicationContext] - Root WebApplicationContext: initialization completed in 450 ms
2025-05-04 04:45:19.325 [INFO] [restartedMain] [o.h.jpa.internal.util.LogHelper] - HHH000204: Processing PersistenceUnitInfo [name: default]
2025-05-04 04:45:19.330 [INFO] [restartedMain] [o.h.c.i.RegionFactoryInitiator] - HHH000026: Second-level cache disabled
2025-05-04 04:45:19.339 [INFO] [restartedMain] [o.s.o.j.p.SpringPersistenceUnitInfo] - No LoadTimeWeaver setup: ignoring JPA class transformer
2025-05-04 04:45:19.341 [INFO] [restartedMain] [com.zaxxer.hikari.HikariDataSource] - HikariPool-24 - Starting...
2025-05-04 04:45:19.343 [INFO] [restartedMain] [com.zaxxer.hikari.pool.HikariPool] - HikariPool-24 - Added connection org.mariadb.jdbc.MariaDbConnection@4981b2b4
2025-05-04 04:45:19.344 [INFO] [restartedMain] [com.zaxxer.hikari.HikariDataSource] - HikariPool-24 - Start completed.
2025-05-04 04:45:19.344 [INFO] [restartedMain] [o.hibernate.orm.connections.pooling] - HHH10001005: Database info:
	Database JDBC URL [Connecting through datasource 'HikariDataSource (HikariPool-24)']
	Database driver: undefined/unknown
	Database version: 11.7.2
	Autocommit mode: undefined/unknown
	Isolation level: undefined/unknown
	Minimum pool size: undefined/unknown
	Maximum pool size: undefined/unknown
2025-05-04 04:45:19.454 [INFO] [restartedMain] [o.h.e.t.j.p.i.JtaPlatformInitiator] - HHH000489: No JTA platform available (set 'hibernate.transaction.jta.platform' to enable JTA platform integration)
2025-05-04 04:45:19.476 [INFO] [restartedMain] [o.s.o.j.LocalContainerEntityManagerFactoryBean] - Initialized JPA EntityManagerFactory for persistence unit 'default'
2025-05-04 04:45:19.659 [INFO] [restartedMain] [o.s.s.c.a.a.c.InitializeUserDetailsBeanManagerConfigurer$InitializeUserDetailsManagerConfigurer] - Global AuthenticationManager configured with UserDetailsService bean with name inMemoryUserDetailsManager
2025-05-04 04:45:19.665 [INFO] [restartedMain] [o.s.b.a.w.s.WelcomePageHandlerMapping] - Adding welcome page: class path resource [static/index.html]
2025-05-04 04:45:19.997 [INFO] [restartedMain] [o.s.v.b.OptionalValidatorFactoryBean] - Failed to set up a Bean Validation provider: jakarta.validation.NoProviderFoundException: Unable to create a Configuration, because no Jakarta Bean Validation provider could be found. Add a provider like Hibernate Validator (RI) to your classpath.
2025-05-04 04:45:20.051 [INFO] [restartedMain] [o.s.b.d.a.OptionalLiveReloadServer] - LiveReload server is running on port 35729
2025-05-04 04:45:20.056 [INFO] [restartedMain] [o.a.coyote.http11.Http11NioProtocol] - Starting ProtocolHandler ["http-nio-8080"]
2025-05-04 04:45:20.060 [INFO] [restartedMain] [o.s.b.w.e.tomcat.TomcatWebServer] - Tomcat started on port 8080 (http) with context path '/'
2025-05-04 04:45:20.062 [INFO] [restartedMain] [c.g.aigroove.AigrooveApplication] - Started AigrooveApplication in 1.255 seconds (process running for 2330.863)
2025-05-04 04:45:20.064 [INFO] [restartedMain] [o.s.b.d.a.ConditionEvaluationDeltaLoggingListener] - Condition evaluation unchanged
2025-05-04 04:45:21.325 [INFO] [http-nio-8080-exec-1] [o.a.c.c.C.[Tomcat-5].[localhost].[/]] - Initializing Spring DispatcherServlet 'dispatcherServlet'
2025-05-04 04:45:21.326 [INFO] [http-nio-8080-exec-1] [o.s.web.servlet.DispatcherServlet] - Initializing Servlet 'dispatcherServlet'
2025-05-04 04:45:21.327 [INFO] [http-nio-8080-exec-1] [o.s.web.servlet.DispatcherServlet] - Completed initialization in 1 ms
2025-05-04 04:46:29.850 [INFO] [File Watcher] [o.s.b.d.a.LocalDevToolsAutoConfiguration$RestartingClassPathChangeChangedEventListener] - Restarting due to 1 class path change (0 additions, 0 deletions, 1 modification)
2025-05-04 04:46:29.852 [INFO] [Thread-90] [o.s.b.w.e.tomcat.GracefulShutdown] - Commencing graceful shutdown. Waiting for active requests to complete
2025-05-04 04:46:29.853 [INFO] [tomcat-shutdown] [o.a.coyote.http11.Http11NioProtocol] - Pausing ProtocolHandler ["http-nio-8080"]
2025-05-04 04:46:29.957 [INFO] [tomcat-shutdown] [o.s.b.w.e.tomcat.GracefulShutdown] - Graceful shutdown complete
2025-05-04 04:46:29.958 [INFO] [Thread-90] [o.a.coyote.http11.Http11NioProtocol] - Stopping ProtocolHandler ["http-nio-8080"]
2025-05-04 04:46:29.960 [INFO] [Thread-90] [o.s.o.j.LocalContainerEntityManagerFactoryBean] - Closing JPA EntityManagerFactory for persistence unit 'default'
2025-05-04 04:46:29.960 [INFO] [Thread-90] [com.zaxxer.hikari.HikariDataSource] - HikariPool-24 - Shutdown initiated...
2025-05-04 04:46:29.963 [INFO] [Thread-90] [com.zaxxer.hikari.HikariDataSource] - HikariPool-24 - Shutdown completed.
2025-05-04 04:46:30.071 [INFO] [restartedMain] [c.g.aigroove.AigrooveApplication] - Starting AigrooveApplication using Java 17.0.15 with PID 7776 (C:\dev\AIGroove_api\aigroove\bin\main started by 문유신 in C:\dev\AIGroove_api\aigroove)
2025-05-04 04:46:30.071 [INFO] [restartedMain] [c.g.aigroove.AigrooveApplication] - No active profile set, falling back to 1 default profile: "default"
2025-05-04 04:46:30.344 [INFO] [restartedMain] [o.s.d.r.c.RepositoryConfigurationDelegate] - Bootstrapping Spring Data JPA repositories in DEFAULT mode.
2025-05-04 04:46:30.385 [INFO] [restartedMain] [o.s.d.r.c.RepositoryConfigurationDelegate] - Finished Spring Data repository scanning in 39 ms. Found 11 JPA repository interfaces.
2025-05-04 04:46:30.485 [INFO] [restartedMain] [o.s.b.w.e.tomcat.TomcatWebServer] - Tomcat initialized with port 8080 (http)
2025-05-04 04:46:30.486 [INFO] [restartedMain] [o.a.coyote.http11.Http11NioProtocol] - Initializing ProtocolHandler ["http-nio-8080"]
2025-05-04 04:46:30.486 [INFO] [restartedMain] [o.a.catalina.core.StandardService] - Starting service [Tomcat]
2025-05-04 04:46:30.486 [INFO] [restartedMain] [o.a.catalina.core.StandardEngine] - Starting Servlet engine: [Apache Tomcat/10.1.39]
2025-05-04 04:46:30.507 [INFO] [restartedMain] [o.a.c.c.C.[Tomcat-5].[localhost].[/]] - Initializing Spring embedded WebApplicationContext
2025-05-04 04:46:30.508 [INFO] [restartedMain] [o.s.b.w.s.c.ServletWebServerApplicationContext] - Root WebApplicationContext: initialization completed in 434 ms
2025-05-04 04:46:30.533 [INFO] [restartedMain] [o.h.jpa.internal.util.LogHelper] - HHH000204: Processing PersistenceUnitInfo [name: default]
2025-05-04 04:46:30.538 [INFO] [restartedMain] [o.h.c.i.RegionFactoryInitiator] - HHH000026: Second-level cache disabled
2025-05-04 04:46:30.548 [INFO] [restartedMain] [o.s.o.j.p.SpringPersistenceUnitInfo] - No LoadTimeWeaver setup: ignoring JPA class transformer
2025-05-04 04:46:30.549 [INFO] [restartedMain] [com.zaxxer.hikari.HikariDataSource] - HikariPool-25 - Starting...
2025-05-04 04:46:30.552 [INFO] [restartedMain] [com.zaxxer.hikari.pool.HikariPool] - HikariPool-25 - Added connection org.mariadb.jdbc.MariaDbConnection@7ad66e47
2025-05-04 04:46:30.552 [INFO] [restartedMain] [com.zaxxer.hikari.HikariDataSource] - HikariPool-25 - Start completed.
2025-05-04 04:46:30.553 [INFO] [restartedMain] [o.hibernate.orm.connections.pooling] - HHH10001005: Database info:
	Database JDBC URL [Connecting through datasource 'HikariDataSource (HikariPool-25)']
	Database driver: undefined/unknown
	Database version: 11.7.2
	Autocommit mode: undefined/unknown
	Isolation level: undefined/unknown
	Minimum pool size: undefined/unknown
	Maximum pool size: undefined/unknown
2025-05-04 04:46:30.668 [INFO] [restartedMain] [o.h.e.t.j.p.i.JtaPlatformInitiator] - HHH000489: No JTA platform available (set 'hibernate.transaction.jta.platform' to enable JTA platform integration)
2025-05-04 04:46:30.692 [INFO] [restartedMain] [o.s.o.j.LocalContainerEntityManagerFactoryBean] - Initialized JPA EntityManagerFactory for persistence unit 'default'
2025-05-04 04:46:30.857 [INFO] [restartedMain] [o.s.s.c.a.a.c.InitializeUserDetailsBeanManagerConfigurer$InitializeUserDetailsManagerConfigurer] - Global AuthenticationManager configured with UserDetailsService bean with name inMemoryUserDetailsManager
2025-05-04 04:46:30.862 [INFO] [restartedMain] [o.s.b.a.w.s.WelcomePageHandlerMapping] - Adding welcome page: class path resource [static/index.html]
2025-05-04 04:46:31.151 [INFO] [restartedMain] [o.s.v.b.OptionalValidatorFactoryBean] - Failed to set up a Bean Validation provider: jakarta.validation.NoProviderFoundException: Unable to create a Configuration, because no Jakarta Bean Validation provider could be found. Add a provider like Hibernate Validator (RI) to your classpath.
2025-05-04 04:46:31.194 [INFO] [restartedMain] [o.s.b.d.a.OptionalLiveReloadServer] - LiveReload server is running on port 35729
2025-05-04 04:46:31.198 [INFO] [restartedMain] [o.a.coyote.http11.Http11NioProtocol] - Starting ProtocolHandler ["http-nio-8080"]
2025-05-04 04:46:31.202 [INFO] [restartedMain] [o.s.b.w.e.tomcat.TomcatWebServer] - Tomcat started on port 8080 (http) with context path '/'
2025-05-04 04:46:31.205 [INFO] [restartedMain] [c.g.aigroove.AigrooveApplication] - Started AigrooveApplication in 1.165 seconds (process running for 2402.005)
2025-05-04 04:46:31.206 [INFO] [restartedMain] [o.s.b.d.a.ConditionEvaluationDeltaLoggingListener] - Condition evaluation unchanged
2025-05-04 04:52:49.478 [INFO] [File Watcher] [o.s.b.d.a.LocalDevToolsAutoConfiguration$RestartingClassPathChangeChangedEventListener] - Restarting due to 1 class path change (0 additions, 0 deletions, 1 modification)
2025-05-04 04:52:49.480 [INFO] [Thread-94] [o.s.b.w.e.tomcat.GracefulShutdown] - Commencing graceful shutdown. Waiting for active requests to complete
2025-05-04 04:52:49.480 [INFO] [tomcat-shutdown] [o.a.coyote.http11.Http11NioProtocol] - Pausing ProtocolHandler ["http-nio-8080"]
2025-05-04 04:52:49.565 [INFO] [tomcat-shutdown] [o.s.b.w.e.tomcat.GracefulShutdown] - Graceful shutdown complete
2025-05-04 04:52:49.566 [INFO] [Thread-94] [o.a.coyote.http11.Http11NioProtocol] - Stopping ProtocolHandler ["http-nio-8080"]
2025-05-04 04:52:49.567 [INFO] [Thread-94] [o.s.o.j.LocalContainerEntityManagerFactoryBean] - Closing JPA EntityManagerFactory for persistence unit 'default'
2025-05-04 04:52:49.568 [INFO] [Thread-94] [com.zaxxer.hikari.HikariDataSource] - HikariPool-25 - Shutdown initiated...
2025-05-04 04:52:49.570 [INFO] [Thread-94] [com.zaxxer.hikari.HikariDataSource] - HikariPool-25 - Shutdown completed.
2025-05-04 04:52:49.673 [INFO] [restartedMain] [c.g.aigroove.AigrooveApplication] - Starting AigrooveApplication using Java 17.0.15 with PID 7776 (C:\dev\AIGroove_api\aigroove\bin\main started by 문유신 in C:\dev\AIGroove_api\aigroove)
2025-05-04 04:52:49.673 [INFO] [restartedMain] [c.g.aigroove.AigrooveApplication] - No active profile set, falling back to 1 default profile: "default"
2025-05-04 04:52:49.946 [INFO] [restartedMain] [o.s.d.r.c.RepositoryConfigurationDelegate] - Bootstrapping Spring Data JPA repositories in DEFAULT mode.
2025-05-04 04:52:49.982 [INFO] [restartedMain] [o.s.d.r.c.RepositoryConfigurationDelegate] - Finished Spring Data repository scanning in 35 ms. Found 11 JPA repository interfaces.
2025-05-04 04:52:50.064 [INFO] [restartedMain] [o.s.b.w.e.tomcat.TomcatWebServer] - Tomcat initialized with port 8080 (http)
2025-05-04 04:52:50.065 [INFO] [restartedMain] [o.a.coyote.http11.Http11NioProtocol] - Initializing ProtocolHandler ["http-nio-8080"]
2025-05-04 04:52:50.065 [INFO] [restartedMain] [o.a.catalina.core.StandardService] - Starting service [Tomcat]
2025-05-04 04:52:50.065 [INFO] [restartedMain] [o.a.catalina.core.StandardEngine] - Starting Servlet engine: [Apache Tomcat/10.1.39]
2025-05-04 04:52:50.091 [INFO] [restartedMain] [o.a.c.c.C.[Tomcat-5].[localhost].[/]] - Initializing Spring embedded WebApplicationContext
2025-05-04 04:52:50.091 [INFO] [restartedMain] [o.s.b.w.s.c.ServletWebServerApplicationContext] - Root WebApplicationContext: initialization completed in 416 ms
2025-05-04 04:52:50.116 [INFO] [restartedMain] [o.h.jpa.internal.util.LogHelper] - HHH000204: Processing PersistenceUnitInfo [name: default]
2025-05-04 04:52:50.121 [INFO] [restartedMain] [o.h.c.i.RegionFactoryInitiator] - HHH000026: Second-level cache disabled
2025-05-04 04:52:50.132 [INFO] [restartedMain] [o.s.o.j.p.SpringPersistenceUnitInfo] - No LoadTimeWeaver setup: ignoring JPA class transformer
2025-05-04 04:52:50.133 [INFO] [restartedMain] [com.zaxxer.hikari.HikariDataSource] - HikariPool-26 - Starting...
2025-05-04 04:52:50.135 [INFO] [restartedMain] [com.zaxxer.hikari.pool.HikariPool] - HikariPool-26 - Added connection org.mariadb.jdbc.MariaDbConnection@27efd70
2025-05-04 04:52:50.135 [INFO] [restartedMain] [com.zaxxer.hikari.HikariDataSource] - HikariPool-26 - Start completed.
2025-05-04 04:52:50.135 [INFO] [restartedMain] [o.hibernate.orm.connections.pooling] - HHH10001005: Database info:
	Database JDBC URL [Connecting through datasource 'HikariDataSource (HikariPool-26)']
	Database driver: undefined/unknown
	Database version: 11.7.2
	Autocommit mode: undefined/unknown
	Isolation level: undefined/unknown
	Minimum pool size: undefined/unknown
	Maximum pool size: undefined/unknown
2025-05-04 04:52:50.242 [INFO] [restartedMain] [o.h.e.t.j.p.i.JtaPlatformInitiator] - HHH000489: No JTA platform available (set 'hibernate.transaction.jta.platform' to enable JTA platform integration)
2025-05-04 04:52:50.264 [INFO] [restartedMain] [o.s.o.j.LocalContainerEntityManagerFactoryBean] - Initialized JPA EntityManagerFactory for persistence unit 'default'
2025-05-04 04:52:50.425 [INFO] [restartedMain] [o.s.s.c.a.a.c.InitializeUserDetailsBeanManagerConfigurer$InitializeUserDetailsManagerConfigurer] - Global AuthenticationManager configured with UserDetailsService bean with name inMemoryUserDetailsManager
2025-05-04 04:52:50.430 [INFO] [restartedMain] [o.s.b.a.w.s.WelcomePageHandlerMapping] - Adding welcome page: class path resource [static/index.html]
2025-05-04 04:52:50.709 [INFO] [restartedMain] [o.s.v.b.OptionalValidatorFactoryBean] - Failed to set up a Bean Validation provider: jakarta.validation.NoProviderFoundException: Unable to create a Configuration, because no Jakarta Bean Validation provider could be found. Add a provider like Hibernate Validator (RI) to your classpath.
2025-05-04 04:52:50.751 [INFO] [restartedMain] [o.s.b.d.a.OptionalLiveReloadServer] - LiveReload server is running on port 35729
2025-05-04 04:52:50.756 [INFO] [restartedMain] [o.a.coyote.http11.Http11NioProtocol] - Starting ProtocolHandler ["http-nio-8080"]
2025-05-04 04:52:50.759 [INFO] [restartedMain] [o.s.b.w.e.tomcat.TomcatWebServer] - Tomcat started on port 8080 (http) with context path '/'
2025-05-04 04:52:50.762 [INFO] [restartedMain] [c.g.aigroove.AigrooveApplication] - Started AigrooveApplication in 1.115 seconds (process running for 2781.563)
2025-05-04 04:52:50.763 [INFO] [restartedMain] [o.s.b.d.a.ConditionEvaluationDeltaLoggingListener] - Condition evaluation unchanged
2025-05-04 04:55:56.066 [INFO] [File Watcher] [o.s.b.d.a.LocalDevToolsAutoConfiguration$RestartingClassPathChangeChangedEventListener] - Restarting due to 1 class path change (0 additions, 0 deletions, 1 modification)
2025-05-04 04:55:56.067 [INFO] [Thread-98] [o.s.b.w.e.tomcat.GracefulShutdown] - Commencing graceful shutdown. Waiting for active requests to complete
2025-05-04 04:55:56.068 [INFO] [tomcat-shutdown] [o.a.coyote.http11.Http11NioProtocol] - Pausing ProtocolHandler ["http-nio-8080"]
2025-05-04 04:55:56.153 [INFO] [tomcat-shutdown] [o.s.b.w.e.tomcat.GracefulShutdown] - Graceful shutdown complete
2025-05-04 04:55:56.153 [INFO] [Thread-98] [o.a.coyote.http11.Http11NioProtocol] - Stopping ProtocolHandler ["http-nio-8080"]
2025-05-04 04:55:56.155 [INFO] [Thread-98] [o.s.o.j.LocalContainerEntityManagerFactoryBean] - Closing JPA EntityManagerFactory for persistence unit 'default'
2025-05-04 04:55:56.156 [INFO] [Thread-98] [com.zaxxer.hikari.HikariDataSource] - HikariPool-26 - Shutdown initiated...
2025-05-04 04:55:56.157 [INFO] [Thread-98] [com.zaxxer.hikari.HikariDataSource] - HikariPool-26 - Shutdown completed.
2025-05-04 04:55:56.261 [INFO] [restartedMain] [c.g.aigroove.AigrooveApplication] - Starting AigrooveApplication using Java 17.0.15 with PID 7776 (C:\dev\AIGroove_api\aigroove\bin\main started by 문유신 in C:\dev\AIGroove_api\aigroove)
2025-05-04 04:55:56.261 [INFO] [restartedMain] [c.g.aigroove.AigrooveApplication] - No active profile set, falling back to 1 default profile: "default"
2025-05-04 04:55:56.533 [INFO] [restartedMain] [o.s.d.r.c.RepositoryConfigurationDelegate] - Bootstrapping Spring Data JPA repositories in DEFAULT mode.
2025-05-04 04:55:56.570 [INFO] [restartedMain] [o.s.d.r.c.RepositoryConfigurationDelegate] - Finished Spring Data repository scanning in 35 ms. Found 11 JPA repository interfaces.
2025-05-04 04:55:56.645 [INFO] [restartedMain] [o.s.b.w.e.tomcat.TomcatWebServer] - Tomcat initialized with port 8080 (http)
2025-05-04 04:55:56.646 [INFO] [restartedMain] [o.a.coyote.http11.Http11NioProtocol] - Initializing ProtocolHandler ["http-nio-8080"]
2025-05-04 04:55:56.647 [INFO] [restartedMain] [o.a.catalina.core.StandardService] - Starting service [Tomcat]
2025-05-04 04:55:56.647 [INFO] [restartedMain] [o.a.catalina.core.StandardEngine] - Starting Servlet engine: [Apache Tomcat/10.1.39]
2025-05-04 04:55:56.668 [INFO] [restartedMain] [o.a.c.c.C.[Tomcat-5].[localhost].[/]] - Initializing Spring embedded WebApplicationContext
2025-05-04 04:55:56.668 [INFO] [restartedMain] [o.s.b.w.s.c.ServletWebServerApplicationContext] - Root WebApplicationContext: initialization completed in 404 ms
2025-05-04 04:55:56.693 [INFO] [restartedMain] [o.h.jpa.internal.util.LogHelper] - HHH000204: Processing PersistenceUnitInfo [name: default]
2025-05-04 04:55:56.698 [INFO] [restartedMain] [o.h.c.i.RegionFactoryInitiator] - HHH000026: Second-level cache disabled
2025-05-04 04:55:56.708 [INFO] [restartedMain] [o.s.o.j.p.SpringPersistenceUnitInfo] - No LoadTimeWeaver setup: ignoring JPA class transformer
2025-05-04 04:55:56.710 [INFO] [restartedMain] [com.zaxxer.hikari.HikariDataSource] - HikariPool-27 - Starting...
2025-05-04 04:55:56.712 [INFO] [restartedMain] [com.zaxxer.hikari.pool.HikariPool] - HikariPool-27 - Added connection org.mariadb.jdbc.MariaDbConnection@8b64189
2025-05-04 04:55:56.712 [INFO] [restartedMain] [com.zaxxer.hikari.HikariDataSource] - HikariPool-27 - Start completed.
2025-05-04 04:55:56.713 [INFO] [restartedMain] [o.hibernate.orm.connections.pooling] - HHH10001005: Database info:
	Database JDBC URL [Connecting through datasource 'HikariDataSource (HikariPool-27)']
	Database driver: undefined/unknown
	Database version: 11.7.2
	Autocommit mode: undefined/unknown
	Isolation level: undefined/unknown
	Minimum pool size: undefined/unknown
	Maximum pool size: undefined/unknown
2025-05-04 04:55:56.821 [INFO] [restartedMain] [o.h.e.t.j.p.i.JtaPlatformInitiator] - HHH000489: No JTA platform available (set 'hibernate.transaction.jta.platform' to enable JTA platform integration)
2025-05-04 04:55:56.847 [INFO] [restartedMain] [o.s.o.j.LocalContainerEntityManagerFactoryBean] - Initialized JPA EntityManagerFactory for persistence unit 'default'
2025-05-04 04:55:57.031 [INFO] [restartedMain] [o.s.s.c.a.a.c.InitializeUserDetailsBeanManagerConfigurer$InitializeUserDetailsManagerConfigurer] - Global AuthenticationManager configured with UserDetailsService bean with name inMemoryUserDetailsManager
2025-05-04 04:55:57.037 [INFO] [restartedMain] [o.s.b.a.w.s.WelcomePageHandlerMapping] - Adding welcome page: class path resource [static/index.html]
2025-05-04 04:55:57.338 [INFO] [restartedMain] [o.s.v.b.OptionalValidatorFactoryBean] - Failed to set up a Bean Validation provider: jakarta.validation.NoProviderFoundException: Unable to create a Configuration, because no Jakarta Bean Validation provider could be found. Add a provider like Hibernate Validator (RI) to your classpath.
2025-05-04 04:55:57.385 [INFO] [restartedMain] [o.s.b.d.a.OptionalLiveReloadServer] - LiveReload server is running on port 35729
2025-05-04 04:55:57.389 [INFO] [restartedMain] [o.a.coyote.http11.Http11NioProtocol] - Starting ProtocolHandler ["http-nio-8080"]
2025-05-04 04:55:57.393 [INFO] [restartedMain] [o.s.b.w.e.tomcat.TomcatWebServer] - Tomcat started on port 8080 (http) with context path '/'
2025-05-04 04:55:57.397 [INFO] [restartedMain] [c.g.aigroove.AigrooveApplication] - Started AigrooveApplication in 1.167 seconds (process running for 2968.197)
2025-05-04 04:55:57.398 [INFO] [restartedMain] [o.s.b.d.a.ConditionEvaluationDeltaLoggingListener] - Condition evaluation unchanged
2025-05-04 04:56:08.161 [INFO] [File Watcher] [o.s.b.d.a.LocalDevToolsAutoConfiguration$RestartingClassPathChangeChangedEventListener] - Restarting due to 1 class path change (0 additions, 0 deletions, 1 modification)
2025-05-04 04:56:08.162 [INFO] [Thread-102] [o.s.b.w.e.tomcat.GracefulShutdown] - Commencing graceful shutdown. Waiting for active requests to complete
2025-05-04 04:56:08.163 [INFO] [tomcat-shutdown] [o.a.coyote.http11.Http11NioProtocol] - Pausing ProtocolHandler ["http-nio-8080"]
2025-05-04 04:56:08.248 [INFO] [tomcat-shutdown] [o.s.b.w.e.tomcat.GracefulShutdown] - Graceful shutdown complete
2025-05-04 04:56:08.248 [INFO] [Thread-102] [o.a.coyote.http11.Http11NioProtocol] - Stopping ProtocolHandler ["http-nio-8080"]
2025-05-04 04:56:08.250 [INFO] [Thread-102] [o.s.o.j.LocalContainerEntityManagerFactoryBean] - Closing JPA EntityManagerFactory for persistence unit 'default'
2025-05-04 04:56:08.250 [INFO] [Thread-102] [com.zaxxer.hikari.HikariDataSource] - HikariPool-27 - Shutdown initiated...
2025-05-04 04:56:08.252 [INFO] [Thread-102] [com.zaxxer.hikari.HikariDataSource] - HikariPool-27 - Shutdown completed.
2025-05-04 04:56:08.354 [INFO] [restartedMain] [c.g.aigroove.AigrooveApplication] - Starting AigrooveApplication using Java 17.0.15 with PID 7776 (C:\dev\AIGroove_api\aigroove\bin\main started by 문유신 in C:\dev\AIGroove_api\aigroove)
2025-05-04 04:56:08.354 [INFO] [restartedMain] [c.g.aigroove.AigrooveApplication] - No active profile set, falling back to 1 default profile: "default"
2025-05-04 04:56:08.639 [INFO] [restartedMain] [o.s.d.r.c.RepositoryConfigurationDelegate] - Bootstrapping Spring Data JPA repositories in DEFAULT mode.
2025-05-04 04:56:08.680 [INFO] [restartedMain] [o.s.d.r.c.RepositoryConfigurationDelegate] - Finished Spring Data repository scanning in 40 ms. Found 11 JPA repository interfaces.
2025-05-04 04:56:08.772 [INFO] [restartedMain] [o.s.b.w.e.tomcat.TomcatWebServer] - Tomcat initialized with port 8080 (http)
2025-05-04 04:56:08.773 [INFO] [restartedMain] [o.a.coyote.http11.Http11NioProtocol] - Initializing ProtocolHandler ["http-nio-8080"]
2025-05-04 04:56:08.773 [INFO] [restartedMain] [o.a.catalina.core.StandardService] - Starting service [Tomcat]
2025-05-04 04:56:08.774 [INFO] [restartedMain] [o.a.catalina.core.StandardEngine] - Starting Servlet engine: [Apache Tomcat/10.1.39]
2025-05-04 04:56:08.796 [INFO] [restartedMain] [o.a.c.c.C.[Tomcat-5].[localhost].[/]] - Initializing Spring embedded WebApplicationContext
2025-05-04 04:56:08.797 [INFO] [restartedMain] [o.s.b.w.s.c.ServletWebServerApplicationContext] - Root WebApplicationContext: initialization completed in 440 ms
2025-05-04 04:56:08.820 [INFO] [restartedMain] [o.h.jpa.internal.util.LogHelper] - HHH000204: Processing PersistenceUnitInfo [name: default]
2025-05-04 04:56:08.824 [INFO] [restartedMain] [o.h.c.i.RegionFactoryInitiator] - HHH000026: Second-level cache disabled
2025-05-04 04:56:08.834 [INFO] [restartedMain] [o.s.o.j.p.SpringPersistenceUnitInfo] - No LoadTimeWeaver setup: ignoring JPA class transformer
2025-05-04 04:56:08.836 [INFO] [restartedMain] [com.zaxxer.hikari.HikariDataSource] - HikariPool-28 - Starting...
2025-05-04 04:56:08.837 [INFO] [restartedMain] [com.zaxxer.hikari.pool.HikariPool] - HikariPool-28 - Added connection org.mariadb.jdbc.MariaDbConnection@a82b303
2025-05-04 04:56:08.838 [INFO] [restartedMain] [com.zaxxer.hikari.HikariDataSource] - HikariPool-28 - Start completed.
2025-05-04 04:56:08.838 [INFO] [restartedMain] [o.hibernate.orm.connections.pooling] - HHH10001005: Database info:
	Database JDBC URL [Connecting through datasource 'HikariDataSource (HikariPool-28)']
	Database driver: undefined/unknown
	Database version: 11.7.2
	Autocommit mode: undefined/unknown
	Isolation level: undefined/unknown
	Minimum pool size: undefined/unknown
	Maximum pool size: undefined/unknown
2025-05-04 04:56:08.943 [INFO] [restartedMain] [o.h.e.t.j.p.i.JtaPlatformInitiator] - HHH000489: No JTA platform available (set 'hibernate.transaction.jta.platform' to enable JTA platform integration)
2025-05-04 04:56:08.968 [INFO] [restartedMain] [o.s.o.j.LocalContainerEntityManagerFactoryBean] - Initialized JPA EntityManagerFactory for persistence unit 'default'
2025-05-04 04:56:09.132 [INFO] [restartedMain] [o.s.s.c.a.a.c.InitializeUserDetailsBeanManagerConfigurer$InitializeUserDetailsManagerConfigurer] - Global AuthenticationManager configured with UserDetailsService bean with name inMemoryUserDetailsManager
2025-05-04 04:56:09.137 [INFO] [restartedMain] [o.s.b.a.w.s.WelcomePageHandlerMapping] - Adding welcome page: class path resource [static/index.html]
2025-05-04 04:56:09.430 [INFO] [restartedMain] [o.s.v.b.OptionalValidatorFactoryBean] - Failed to set up a Bean Validation provider: jakarta.validation.NoProviderFoundException: Unable to create a Configuration, because no Jakarta Bean Validation provider could be found. Add a provider like Hibernate Validator (RI) to your classpath.
2025-05-04 04:56:09.471 [INFO] [restartedMain] [o.s.b.d.a.OptionalLiveReloadServer] - LiveReload server is running on port 35729
2025-05-04 04:56:09.475 [INFO] [restartedMain] [o.a.coyote.http11.Http11NioProtocol] - Starting ProtocolHandler ["http-nio-8080"]
2025-05-04 04:56:09.479 [INFO] [restartedMain] [o.s.b.w.e.tomcat.TomcatWebServer] - Tomcat started on port 8080 (http) with context path '/'
2025-05-04 04:56:09.482 [INFO] [restartedMain] [c.g.aigroove.AigrooveApplication] - Started AigrooveApplication in 1.163 seconds (process running for 2980.283)
2025-05-04 04:56:09.483 [INFO] [restartedMain] [o.s.b.d.a.ConditionEvaluationDeltaLoggingListener] - Condition evaluation unchanged
2025-05-04 04:56:32.707 [INFO] [File Watcher] [o.s.b.d.a.LocalDevToolsAutoConfiguration$RestartingClassPathChangeChangedEventListener] - Restarting due to 1 class path change (0 additions, 0 deletions, 1 modification)
2025-05-04 04:56:32.708 [INFO] [Thread-106] [o.s.b.w.e.tomcat.GracefulShutdown] - Commencing graceful shutdown. Waiting for active requests to complete
2025-05-04 04:56:32.708 [INFO] [tomcat-shutdown] [o.a.coyote.http11.Http11NioProtocol] - Pausing ProtocolHandler ["http-nio-8080"]
2025-05-04 04:56:32.792 [INFO] [tomcat-shutdown] [o.s.b.w.e.tomcat.GracefulShutdown] - Graceful shutdown complete
2025-05-04 04:56:32.793 [INFO] [Thread-106] [o.a.coyote.http11.Http11NioProtocol] - Stopping ProtocolHandler ["http-nio-8080"]
2025-05-04 04:56:32.794 [INFO] [Thread-106] [o.s.o.j.LocalContainerEntityManagerFactoryBean] - Closing JPA EntityManagerFactory for persistence unit 'default'
2025-05-04 04:56:32.795 [INFO] [Thread-106] [com.zaxxer.hikari.HikariDataSource] - HikariPool-28 - Shutdown initiated...
2025-05-04 04:56:32.797 [INFO] [Thread-106] [com.zaxxer.hikari.HikariDataSource] - HikariPool-28 - Shutdown completed.
2025-05-04 04:56:32.895 [INFO] [restartedMain] [c.g.aigroove.AigrooveApplication] - Starting AigrooveApplication using Java 17.0.15 with PID 7776 (C:\dev\AIGroove_api\aigroove\bin\main started by 문유신 in C:\dev\AIGroove_api\aigroove)
2025-05-04 04:56:32.896 [INFO] [restartedMain] [c.g.aigroove.AigrooveApplication] - No active profile set, falling back to 1 default profile: "default"
2025-05-04 04:56:33.176 [INFO] [restartedMain] [o.s.d.r.c.RepositoryConfigurationDelegate] - Bootstrapping Spring Data JPA repositories in DEFAULT mode.
2025-05-04 04:56:33.209 [INFO] [restartedMain] [o.s.d.r.c.RepositoryConfigurationDelegate] - Finished Spring Data repository scanning in 31 ms. Found 11 JPA repository interfaces.
2025-05-04 04:56:33.292 [INFO] [restartedMain] [o.s.b.w.e.tomcat.TomcatWebServer] - Tomcat initialized with port 8080 (http)
2025-05-04 04:56:33.292 [INFO] [restartedMain] [o.a.coyote.http11.Http11NioProtocol] - Initializing ProtocolHandler ["http-nio-8080"]
2025-05-04 04:56:33.293 [INFO] [restartedMain] [o.a.catalina.core.StandardService] - Starting service [Tomcat]
2025-05-04 04:56:33.293 [INFO] [restartedMain] [o.a.catalina.core.StandardEngine] - Starting Servlet engine: [Apache Tomcat/10.1.39]
2025-05-04 04:56:33.314 [INFO] [restartedMain] [o.a.c.c.C.[Tomcat-5].[localhost].[/]] - Initializing Spring embedded WebApplicationContext
2025-05-04 04:56:33.314 [INFO] [restartedMain] [o.s.b.w.s.c.ServletWebServerApplicationContext] - Root WebApplicationContext: initialization completed in 416 ms
2025-05-04 04:56:33.338 [INFO] [restartedMain] [o.h.jpa.internal.util.LogHelper] - HHH000204: Processing PersistenceUnitInfo [name: default]
2025-05-04 04:56:33.342 [INFO] [restartedMain] [o.h.c.i.RegionFactoryInitiator] - HHH000026: Second-level cache disabled
2025-05-04 04:56:33.351 [INFO] [restartedMain] [o.s.o.j.p.SpringPersistenceUnitInfo] - No LoadTimeWeaver setup: ignoring JPA class transformer
2025-05-04 04:56:33.353 [INFO] [restartedMain] [com.zaxxer.hikari.HikariDataSource] - HikariPool-29 - Starting...
2025-05-04 04:56:33.354 [INFO] [restartedMain] [com.zaxxer.hikari.pool.HikariPool] - HikariPool-29 - Added connection org.mariadb.jdbc.MariaDbConnection@773a6c2d
2025-05-04 04:56:33.355 [INFO] [restartedMain] [com.zaxxer.hikari.HikariDataSource] - HikariPool-29 - Start completed.
2025-05-04 04:56:33.355 [INFO] [restartedMain] [o.hibernate.orm.connections.pooling] - HHH10001005: Database info:
	Database JDBC URL [Connecting through datasource 'HikariDataSource (HikariPool-29)']
	Database driver: undefined/unknown
	Database version: 11.7.2
	Autocommit mode: undefined/unknown
	Isolation level: undefined/unknown
	Minimum pool size: undefined/unknown
	Maximum pool size: undefined/unknown
2025-05-04 04:56:33.455 [INFO] [restartedMain] [o.h.e.t.j.p.i.JtaPlatformInitiator] - HHH000489: No JTA platform available (set 'hibernate.transaction.jta.platform' to enable JTA platform integration)
2025-05-04 04:56:33.478 [INFO] [restartedMain] [o.s.o.j.LocalContainerEntityManagerFactoryBean] - Initialized JPA EntityManagerFactory for persistence unit 'default'
2025-05-04 04:56:33.652 [INFO] [restartedMain] [o.s.s.c.a.a.c.InitializeUserDetailsBeanManagerConfigurer$InitializeUserDetailsManagerConfigurer] - Global AuthenticationManager configured with UserDetailsService bean with name inMemoryUserDetailsManager
2025-05-04 04:56:33.659 [INFO] [restartedMain] [o.s.b.a.w.s.WelcomePageHandlerMapping] - Adding welcome page: class path resource [static/index.html]
2025-05-04 04:56:33.975 [INFO] [restartedMain] [o.s.v.b.OptionalValidatorFactoryBean] - Failed to set up a Bean Validation provider: jakarta.validation.NoProviderFoundException: Unable to create a Configuration, because no Jakarta Bean Validation provider could be found. Add a provider like Hibernate Validator (RI) to your classpath.
2025-05-04 04:56:34.027 [INFO] [restartedMain] [o.s.b.d.a.OptionalLiveReloadServer] - LiveReload server is running on port 35729
2025-05-04 04:56:34.032 [INFO] [restartedMain] [o.a.coyote.http11.Http11NioProtocol] - Starting ProtocolHandler ["http-nio-8080"]
2025-05-04 04:56:34.035 [INFO] [restartedMain] [o.s.b.w.e.tomcat.TomcatWebServer] - Tomcat started on port 8080 (http) with context path '/'
2025-05-04 04:56:34.038 [INFO] [restartedMain] [c.g.aigroove.AigrooveApplication] - Started AigrooveApplication in 1.172 seconds (process running for 3004.838)
2025-05-04 04:56:34.039 [INFO] [restartedMain] [o.s.b.d.a.ConditionEvaluationDeltaLoggingListener] - Condition evaluation unchanged
2025-05-04 04:57:20.003 [INFO] [File Watcher] [o.s.b.d.a.LocalDevToolsAutoConfiguration$RestartingClassPathChangeChangedEventListener] - Restarting due to 1 class path change (0 additions, 0 deletions, 1 modification)
2025-05-04 04:57:20.004 [INFO] [Thread-110] [o.s.b.w.e.tomcat.GracefulShutdown] - Commencing graceful shutdown. Waiting for active requests to complete
2025-05-04 04:57:20.005 [INFO] [tomcat-shutdown] [o.a.coyote.http11.Http11NioProtocol] - Pausing ProtocolHandler ["http-nio-8080"]
2025-05-04 04:57:20.089 [INFO] [tomcat-shutdown] [o.s.b.w.e.tomcat.GracefulShutdown] - Graceful shutdown complete
2025-05-04 04:57:20.090 [INFO] [Thread-110] [o.a.coyote.http11.Http11NioProtocol] - Stopping ProtocolHandler ["http-nio-8080"]
2025-05-04 04:57:20.091 [INFO] [Thread-110] [o.s.o.j.LocalContainerEntityManagerFactoryBean] - Closing JPA EntityManagerFactory for persistence unit 'default'
2025-05-04 04:57:20.092 [INFO] [Thread-110] [com.zaxxer.hikari.HikariDataSource] - HikariPool-29 - Shutdown initiated...
2025-05-04 04:57:20.094 [INFO] [Thread-110] [com.zaxxer.hikari.HikariDataSource] - HikariPool-29 - Shutdown completed.
2025-05-04 04:57:20.199 [INFO] [restartedMain] [c.g.aigroove.AigrooveApplication] - Starting AigrooveApplication using Java 17.0.15 with PID 7776 (C:\dev\AIGroove_api\aigroove\bin\main started by 문유신 in C:\dev\AIGroove_api\aigroove)
2025-05-04 04:57:20.199 [INFO] [restartedMain] [c.g.aigroove.AigrooveApplication] - No active profile set, falling back to 1 default profile: "default"
2025-05-04 04:57:20.470 [INFO] [restartedMain] [o.s.d.r.c.RepositoryConfigurationDelegate] - Bootstrapping Spring Data JPA repositories in DEFAULT mode.
2025-05-04 04:57:20.509 [INFO] [restartedMain] [o.s.d.r.c.RepositoryConfigurationDelegate] - Finished Spring Data repository scanning in 37 ms. Found 11 JPA repository interfaces.
2025-05-04 04:57:20.592 [INFO] [restartedMain] [o.s.b.w.e.tomcat.TomcatWebServer] - Tomcat initialized with port 8080 (http)
2025-05-04 04:57:20.592 [INFO] [restartedMain] [o.a.coyote.http11.Http11NioProtocol] - Initializing ProtocolHandler ["http-nio-8080"]
2025-05-04 04:57:20.593 [INFO] [restartedMain] [o.a.catalina.core.StandardService] - Starting service [Tomcat]
2025-05-04 04:57:20.593 [INFO] [restartedMain] [o.a.catalina.core.StandardEngine] - Starting Servlet engine: [Apache Tomcat/10.1.39]
2025-05-04 04:57:20.618 [INFO] [restartedMain] [o.a.c.c.C.[Tomcat-5].[localhost].[/]] - Initializing Spring embedded WebApplicationContext
2025-05-04 04:57:20.618 [INFO] [restartedMain] [o.s.b.w.s.c.ServletWebServerApplicationContext] - Root WebApplicationContext: initialization completed in 417 ms
2025-05-04 04:57:20.647 [INFO] [restartedMain] [o.h.jpa.internal.util.LogHelper] - HHH000204: Processing PersistenceUnitInfo [name: default]
2025-05-04 04:57:20.654 [INFO] [restartedMain] [o.h.c.i.RegionFactoryInitiator] - HHH000026: Second-level cache disabled
2025-05-04 04:57:20.664 [INFO] [restartedMain] [o.s.o.j.p.SpringPersistenceUnitInfo] - No LoadTimeWeaver setup: ignoring JPA class transformer
2025-05-04 04:57:20.666 [INFO] [restartedMain] [com.zaxxer.hikari.HikariDataSource] - HikariPool-30 - Starting...
2025-05-04 04:57:20.668 [INFO] [restartedMain] [com.zaxxer.hikari.pool.HikariPool] - HikariPool-30 - Added connection org.mariadb.jdbc.MariaDbConnection@2c5b280b
2025-05-04 04:57:20.668 [INFO] [restartedMain] [com.zaxxer.hikari.HikariDataSource] - HikariPool-30 - Start completed.
2025-05-04 04:57:20.669 [INFO] [restartedMain] [o.hibernate.orm.connections.pooling] - HHH10001005: Database info:
	Database JDBC URL [Connecting through datasource 'HikariDataSource (HikariPool-30)']
	Database driver: undefined/unknown
	Database version: 11.7.2
	Autocommit mode: undefined/unknown
	Isolation level: undefined/unknown
	Minimum pool size: undefined/unknown
	Maximum pool size: undefined/unknown
2025-05-04 04:57:20.798 [INFO] [restartedMain] [o.h.e.t.j.p.i.JtaPlatformInitiator] - HHH000489: No JTA platform available (set 'hibernate.transaction.jta.platform' to enable JTA platform integration)
2025-05-04 04:57:20.819 [INFO] [restartedMain] [o.s.o.j.LocalContainerEntityManagerFactoryBean] - Initialized JPA EntityManagerFactory for persistence unit 'default'
2025-05-04 04:57:20.975 [INFO] [restartedMain] [o.s.s.c.a.a.c.InitializeUserDetailsBeanManagerConfigurer$InitializeUserDetailsManagerConfigurer] - Global AuthenticationManager configured with UserDetailsService bean with name inMemoryUserDetailsManager
2025-05-04 04:57:20.980 [INFO] [restartedMain] [o.s.b.a.w.s.WelcomePageHandlerMapping] - Adding welcome page: class path resource [static/index.html]
2025-05-04 04:57:21.319 [INFO] [restartedMain] [o.s.v.b.OptionalValidatorFactoryBean] - Failed to set up a Bean Validation provider: jakarta.validation.NoProviderFoundException: Unable to create a Configuration, because no Jakarta Bean Validation provider could be found. Add a provider like Hibernate Validator (RI) to your classpath.
2025-05-04 04:57:21.372 [INFO] [restartedMain] [o.s.b.d.a.OptionalLiveReloadServer] - LiveReload server is running on port 35729
2025-05-04 04:57:21.376 [INFO] [restartedMain] [o.a.coyote.http11.Http11NioProtocol] - Starting ProtocolHandler ["http-nio-8080"]
2025-05-04 04:57:21.379 [INFO] [restartedMain] [o.s.b.w.e.tomcat.TomcatWebServer] - Tomcat started on port 8080 (http) with context path '/'
2025-05-04 04:57:21.382 [INFO] [restartedMain] [c.g.aigroove.AigrooveApplication] - Started AigrooveApplication in 1.216 seconds (process running for 3052.182)
2025-05-04 04:57:21.383 [INFO] [restartedMain] [o.s.b.d.a.ConditionEvaluationDeltaLoggingListener] - Condition evaluation unchanged
2025-05-04 04:57:25.940 [INFO] [File Watcher] [o.s.b.d.a.LocalDevToolsAutoConfiguration$RestartingClassPathChangeChangedEventListener] - Restarting due to 2 class path changes (0 additions, 0 deletions, 2 modifications)
2025-05-04 04:57:25.942 [INFO] [Thread-114] [o.s.b.w.e.tomcat.GracefulShutdown] - Commencing graceful shutdown. Waiting for active requests to complete
2025-05-04 04:57:25.943 [INFO] [tomcat-shutdown] [o.a.coyote.http11.Http11NioProtocol] - Pausing ProtocolHandler ["http-nio-8080"]
2025-05-04 04:57:26.043 [INFO] [tomcat-shutdown] [o.s.b.w.e.tomcat.GracefulShutdown] - Graceful shutdown complete
2025-05-04 04:57:26.043 [INFO] [Thread-114] [o.a.coyote.http11.Http11NioProtocol] - Stopping ProtocolHandler ["http-nio-8080"]
2025-05-04 04:57:26.044 [INFO] [Thread-114] [o.s.o.j.LocalContainerEntityManagerFactoryBean] - Closing JPA EntityManagerFactory for persistence unit 'default'
2025-05-04 04:57:26.045 [INFO] [Thread-114] [com.zaxxer.hikari.HikariDataSource] - HikariPool-30 - Shutdown initiated...
2025-05-04 04:57:26.047 [INFO] [Thread-114] [com.zaxxer.hikari.HikariDataSource] - HikariPool-30 - Shutdown completed.
2025-05-04 04:57:26.174 [INFO] [restartedMain] [c.g.aigroove.AigrooveApplication] - Starting AigrooveApplication using Java 17.0.15 with PID 7776 (C:\dev\AIGroove_api\aigroove\bin\main started by 문유신 in C:\dev\AIGroove_api\aigroove)
2025-05-04 04:57:26.174 [INFO] [restartedMain] [c.g.aigroove.AigrooveApplication] - No active profile set, falling back to 1 default profile: "default"
2025-05-04 04:57:26.514 [INFO] [restartedMain] [o.s.d.r.c.RepositoryConfigurationDelegate] - Bootstrapping Spring Data JPA repositories in DEFAULT mode.
2025-05-04 04:57:26.588 [INFO] [restartedMain] [o.s.d.r.c.RepositoryConfigurationDelegate] - Finished Spring Data repository scanning in 73 ms. Found 11 JPA repository interfaces.
2025-05-04 04:57:26.749 [INFO] [restartedMain] [o.s.b.w.e.tomcat.TomcatWebServer] - Tomcat initialized with port 8080 (http)
2025-05-04 04:57:26.750 [INFO] [restartedMain] [o.a.coyote.http11.Http11NioProtocol] - Initializing ProtocolHandler ["http-nio-8080"]
2025-05-04 04:57:26.750 [INFO] [restartedMain] [o.a.catalina.core.StandardService] - Starting service [Tomcat]
2025-05-04 04:57:26.750 [INFO] [restartedMain] [o.a.catalina.core.StandardEngine] - Starting Servlet engine: [Apache Tomcat/10.1.39]
2025-05-04 04:57:26.782 [INFO] [restartedMain] [o.a.c.c.C.[Tomcat-5].[localhost].[/]] - Initializing Spring embedded WebApplicationContext
2025-05-04 04:57:26.783 [INFO] [restartedMain] [o.s.b.w.s.c.ServletWebServerApplicationContext] - Root WebApplicationContext: initialization completed in 607 ms
2025-05-04 04:57:26.816 [INFO] [restartedMain] [o.h.jpa.internal.util.LogHelper] - HHH000204: Processing PersistenceUnitInfo [name: default]
2025-05-04 04:57:26.821 [INFO] [restartedMain] [o.h.c.i.RegionFactoryInitiator] - HHH000026: Second-level cache disabled
2025-05-04 04:57:26.832 [INFO] [restartedMain] [o.s.o.j.p.SpringPersistenceUnitInfo] - No LoadTimeWeaver setup: ignoring JPA class transformer
2025-05-04 04:57:26.834 [INFO] [restartedMain] [com.zaxxer.hikari.HikariDataSource] - HikariPool-31 - Starting...
2025-05-04 04:57:26.836 [INFO] [restartedMain] [com.zaxxer.hikari.pool.HikariPool] - HikariPool-31 - Added connection org.mariadb.jdbc.MariaDbConnection@bfb4022
2025-05-04 04:57:26.837 [INFO] [restartedMain] [com.zaxxer.hikari.HikariDataSource] - HikariPool-31 - Start completed.
2025-05-04 04:57:26.838 [INFO] [restartedMain] [o.hibernate.orm.connections.pooling] - HHH10001005: Database info:
	Database JDBC URL [Connecting through datasource 'HikariDataSource (HikariPool-31)']
	Database driver: undefined/unknown
	Database version: 11.7.2
	Autocommit mode: undefined/unknown
	Isolation level: undefined/unknown
	Minimum pool size: undefined/unknown
	Maximum pool size: undefined/unknown
2025-05-04 04:57:26.991 [INFO] [restartedMain] [o.h.e.t.j.p.i.JtaPlatformInitiator] - HHH000489: No JTA platform available (set 'hibernate.transaction.jta.platform' to enable JTA platform integration)
2025-05-04 04:57:27.013 [INFO] [restartedMain] [o.s.o.j.LocalContainerEntityManagerFactoryBean] - Initialized JPA EntityManagerFactory for persistence unit 'default'
2025-05-04 04:57:27.233 [INFO] [restartedMain] [o.s.s.c.a.a.c.InitializeUserDetailsBeanManagerConfigurer$InitializeUserDetailsManagerConfigurer] - Global AuthenticationManager configured with UserDetailsService bean with name inMemoryUserDetailsManager
2025-05-04 04:57:27.237 [INFO] [restartedMain] [o.s.b.a.w.s.WelcomePageHandlerMapping] - Adding welcome page: class path resource [static/index.html]
2025-05-04 04:57:27.545 [INFO] [restartedMain] [o.s.v.b.OptionalValidatorFactoryBean] - Failed to set up a Bean Validation provider: jakarta.validation.NoProviderFoundException: Unable to create a Configuration, because no Jakarta Bean Validation provider could be found. Add a provider like Hibernate Validator (RI) to your classpath.
2025-05-04 04:57:27.598 [INFO] [restartedMain] [o.s.b.d.a.OptionalLiveReloadServer] - LiveReload server is running on port 35729
2025-05-04 04:57:27.602 [INFO] [restartedMain] [o.a.coyote.http11.Http11NioProtocol] - Starting ProtocolHandler ["http-nio-8080"]
2025-05-04 04:57:27.607 [INFO] [restartedMain] [o.s.b.w.e.tomcat.TomcatWebServer] - Tomcat started on port 8080 (http) with context path '/'
2025-05-04 04:57:27.613 [INFO] [restartedMain] [c.g.aigroove.AigrooveApplication] - Started AigrooveApplication in 1.478 seconds (process running for 3058.414)
2025-05-04 04:57:27.615 [INFO] [restartedMain] [o.s.b.d.a.ConditionEvaluationDeltaLoggingListener] - Condition evaluation unchanged
