2025-05-10 00:25:12.287 [INFO] [restartedMain] [c.g.aigroove.AigrooveApplication] - Starting AigrooveApplication using Java 17.0.15 with PID 12236 (C:\dev\AIGroove_api\aigroove\bin\main started by 문유신 in C:\dev\AIGroove_api\aigroove)
2025-05-10 00:25:12.288 [INFO] [restartedMain] [c.g.aigroove.AigrooveApplication] - No active profile set, falling back to 1 default profile: "default"
2025-05-10 00:25:12.876 [INFO] [restartedMain] [o.s.d.r.c.RepositoryConfigurationDelegate] - Bootstrapping Spring Data JPA repositories in DEFAULT mode.
2025-05-10 00:25:12.951 [INFO] [restartedMain] [o.s.d.r.c.RepositoryConfigurationDelegate] - Finished Spring Data repository scanning in 72 ms. Found 11 JPA repository interfaces.
2025-05-10 00:25:13.131 [INFO] [restartedMain] [o.s.b.w.e.tomcat.TomcatWebServer] - Tomcat initialized with port 8080 (http)
2025-05-10 00:25:13.132 [INFO] [restartedMain] [o.a.coyote.http11.Http11NioProtocol] - Initializing ProtocolHandler ["http-nio-8080"]
2025-05-10 00:25:13.132 [INFO] [restartedMain] [o.a.catalina.core.StandardService] - Starting service [Tomcat]
2025-05-10 00:25:13.133 [INFO] [restartedMain] [o.a.catalina.core.StandardEngine] - Starting Servlet engine: [Apache Tomcat/10.1.39]
2025-05-10 00:25:13.170 [INFO] [restartedMain] [o.a.c.c.C.[Tomcat].[localhost].[/]] - Initializing Spring embedded WebApplicationContext
2025-05-10 00:25:13.170 [INFO] [restartedMain] [o.s.b.w.s.c.ServletWebServerApplicationContext] - Root WebApplicationContext: initialization completed in 877 ms
2025-05-10 00:25:13.218 [INFO] [restartedMain] [o.h.jpa.internal.util.LogHelper] - HHH000204: Processing PersistenceUnitInfo [name: default]
2025-05-10 00:25:13.226 [INFO] [restartedMain] [o.h.c.i.RegionFactoryInitiator] - HHH000026: Second-level cache disabled
2025-05-10 00:25:13.253 [INFO] [restartedMain] [o.s.o.j.p.SpringPersistenceUnitInfo] - No LoadTimeWeaver setup: ignoring JPA class transformer
2025-05-10 00:25:13.256 [INFO] [restartedMain] [com.zaxxer.hikari.HikariDataSource] - HikariPool-3 - Starting...
2025-05-10 00:25:13.258 [INFO] [restartedMain] [com.zaxxer.hikari.pool.HikariPool] - HikariPool-3 - Added connection org.mariadb.jdbc.MariaDbConnection@d1b9a3d
2025-05-10 00:25:13.259 [INFO] [restartedMain] [com.zaxxer.hikari.HikariDataSource] - HikariPool-3 - Start completed.
2025-05-10 00:25:13.261 [INFO] [restartedMain] [o.hibernate.orm.connections.pooling] - HHH10001005: Database info:
	Database JDBC URL [Connecting through datasource 'HikariDataSource (HikariPool-3)']
	Database driver: undefined/unknown
	Database version: 11.7.2
	Autocommit mode: undefined/unknown
	Isolation level: undefined/unknown
	Minimum pool size: undefined/unknown
	Maximum pool size: undefined/unknown
2025-05-10 00:25:13.562 [INFO] [restartedMain] [o.h.e.t.j.p.i.JtaPlatformInitiator] - HHH000489: No JTA platform available (set 'hibernate.transaction.jta.platform' to enable JTA platform integration)
2025-05-10 00:25:13.595 [INFO] [restartedMain] [o.s.o.j.LocalContainerEntityManagerFactoryBean] - Initialized JPA EntityManagerFactory for persistence unit 'default'
2025-05-10 00:25:13.849 [INFO] [restartedMain] [o.s.s.c.a.a.c.InitializeUserDetailsBeanManagerConfigurer$InitializeUserDetailsManagerConfigurer] - Global AuthenticationManager configured with UserDetailsService bean with name inMemoryUserDetailsManager
2025-05-10 00:25:13.857 [INFO] [restartedMain] [o.s.b.a.w.s.WelcomePageHandlerMapping] - Adding welcome page: class path resource [static/index.html]
2025-05-10 00:25:14.417 [INFO] [restartedMain] [o.s.v.b.OptionalValidatorFactoryBean] - Failed to set up a Bean Validation provider: jakarta.validation.NoProviderFoundException: Unable to create a Configuration, because no Jakarta Bean Validation provider could be found. Add a provider like Hibernate Validator (RI) to your classpath.
2025-05-10 00:25:14.544 [INFO] [restartedMain] [o.s.b.d.a.OptionalLiveReloadServer] - LiveReload server is running on port 35729
2025-05-10 00:25:14.558 [INFO] [restartedMain] [o.a.coyote.http11.Http11NioProtocol] - Starting ProtocolHandler ["http-nio-8080"]
2025-05-10 00:25:14.562 [INFO] [restartedMain] [o.s.b.w.e.tomcat.TomcatWebServer] - Tomcat started on port 8080 (http) with context path '/'
2025-05-10 00:25:14.566 [INFO] [restartedMain] [c.g.aigroove.AigrooveApplication] - Started AigrooveApplication in 2.322 seconds (process running for 2471.677)
2025-05-10 00:25:14.568 [INFO] [restartedMain] [o.s.b.d.a.ConditionEvaluationDeltaLoggingListener] - Condition evaluation unchanged
2025-05-10 00:25:24.935 [INFO] [http-nio-8080-exec-1] [o.a.c.c.C.[Tomcat].[localhost].[/]] - Initializing Spring DispatcherServlet 'dispatcherServlet'
2025-05-10 00:25:24.935 [INFO] [http-nio-8080-exec-1] [o.s.web.servlet.DispatcherServlet] - Initializing Servlet 'dispatcherServlet'
2025-05-10 00:25:24.936 [INFO] [http-nio-8080-exec-1] [o.s.web.servlet.DispatcherServlet] - Completed initialization in 0 ms
2025-05-10 00:25:25.601 [INFO] [http-nio-8080-exec-9] [o.s.api.AbstractOpenApiResource] - Init duration for springdoc-openapi is: 201 ms
2025-05-10 00:32:10.166 [INFO] [File Watcher] [o.s.b.d.a.LocalDevToolsAutoConfiguration$RestartingClassPathChangeChangedEventListener] - Restarting due to 1 class path change (0 additions, 0 deletions, 1 modification)
2025-05-10 00:32:10.167 [INFO] [Thread-11] [o.s.b.w.e.tomcat.GracefulShutdown] - Commencing graceful shutdown. Waiting for active requests to complete
2025-05-10 00:32:10.168 [INFO] [tomcat-shutdown] [o.a.coyote.http11.Http11NioProtocol] - Pausing ProtocolHandler ["http-nio-8080"]
2025-05-10 00:32:10.268 [INFO] [tomcat-shutdown] [o.s.b.w.e.tomcat.GracefulShutdown] - Graceful shutdown complete
2025-05-10 00:32:10.269 [INFO] [Thread-11] [o.a.coyote.http11.Http11NioProtocol] - Stopping ProtocolHandler ["http-nio-8080"]
2025-05-10 00:32:10.271 [INFO] [Thread-11] [o.s.o.j.LocalContainerEntityManagerFactoryBean] - Closing JPA EntityManagerFactory for persistence unit 'default'
2025-05-10 00:32:10.272 [INFO] [Thread-11] [com.zaxxer.hikari.HikariDataSource] - HikariPool-3 - Shutdown initiated...
2025-05-10 00:32:10.274 [INFO] [Thread-11] [com.zaxxer.hikari.HikariDataSource] - HikariPool-3 - Shutdown completed.
2025-05-10 00:32:10.375 [INFO] [restartedMain] [c.g.aigroove.AigrooveApplication] - Starting AigrooveApplication using Java 17.0.15 with PID 12236 (C:\dev\AIGroove_api\aigroove\bin\main started by 문유신 in C:\dev\AIGroove_api\aigroove)
2025-05-10 00:32:10.375 [INFO] [restartedMain] [c.g.aigroove.AigrooveApplication] - No active profile set, falling back to 1 default profile: "default"
2025-05-10 00:32:10.820 [INFO] [restartedMain] [o.s.d.r.c.RepositoryConfigurationDelegate] - Bootstrapping Spring Data JPA repositories in DEFAULT mode.
2025-05-10 00:32:10.881 [INFO] [restartedMain] [o.s.d.r.c.RepositoryConfigurationDelegate] - Finished Spring Data repository scanning in 59 ms. Found 11 JPA repository interfaces.
2025-05-10 00:32:11.012 [INFO] [restartedMain] [o.s.b.w.e.tomcat.TomcatWebServer] - Tomcat initialized with port 8080 (http)
2025-05-10 00:32:11.013 [INFO] [restartedMain] [o.a.coyote.http11.Http11NioProtocol] - Initializing ProtocolHandler ["http-nio-8080"]
2025-05-10 00:32:11.014 [INFO] [restartedMain] [o.a.catalina.core.StandardService] - Starting service [Tomcat]
2025-05-10 00:32:11.014 [INFO] [restartedMain] [o.a.catalina.core.StandardEngine] - Starting Servlet engine: [Apache Tomcat/10.1.39]
2025-05-10 00:32:11.039 [INFO] [restartedMain] [o.a.c.c.C.[Tomcat].[localhost].[/]] - Initializing Spring embedded WebApplicationContext
2025-05-10 00:32:11.039 [INFO] [restartedMain] [o.s.b.w.s.c.ServletWebServerApplicationContext] - Root WebApplicationContext: initialization completed in 660 ms
2025-05-10 00:32:11.073 [INFO] [restartedMain] [o.h.jpa.internal.util.LogHelper] - HHH000204: Processing PersistenceUnitInfo [name: default]
2025-05-10 00:32:11.078 [INFO] [restartedMain] [o.h.c.i.RegionFactoryInitiator] - HHH000026: Second-level cache disabled
2025-05-10 00:32:11.096 [INFO] [restartedMain] [o.s.o.j.p.SpringPersistenceUnitInfo] - No LoadTimeWeaver setup: ignoring JPA class transformer
2025-05-10 00:32:11.099 [INFO] [restartedMain] [com.zaxxer.hikari.HikariDataSource] - HikariPool-4 - Starting...
2025-05-10 00:32:11.102 [INFO] [restartedMain] [com.zaxxer.hikari.pool.HikariPool] - HikariPool-4 - Added connection org.mariadb.jdbc.MariaDbConnection@18957b04
2025-05-10 00:32:11.102 [INFO] [restartedMain] [com.zaxxer.hikari.HikariDataSource] - HikariPool-4 - Start completed.
2025-05-10 00:32:11.104 [INFO] [restartedMain] [o.hibernate.orm.connections.pooling] - HHH10001005: Database info:
	Database JDBC URL [Connecting through datasource 'HikariDataSource (HikariPool-4)']
	Database driver: undefined/unknown
	Database version: 11.7.2
	Autocommit mode: undefined/unknown
	Isolation level: undefined/unknown
	Minimum pool size: undefined/unknown
	Maximum pool size: undefined/unknown
2025-05-10 00:32:11.284 [INFO] [restartedMain] [o.h.e.t.j.p.i.JtaPlatformInitiator] - HHH000489: No JTA platform available (set 'hibernate.transaction.jta.platform' to enable JTA platform integration)
2025-05-10 00:32:11.318 [INFO] [restartedMain] [o.s.o.j.LocalContainerEntityManagerFactoryBean] - Initialized JPA EntityManagerFactory for persistence unit 'default'
2025-05-10 00:32:11.573 [INFO] [restartedMain] [o.s.s.c.a.a.c.InitializeUserDetailsBeanManagerConfigurer$InitializeUserDetailsManagerConfigurer] - Global AuthenticationManager configured with UserDetailsService bean with name inMemoryUserDetailsManager
2025-05-10 00:32:11.581 [INFO] [restartedMain] [o.s.b.a.w.s.WelcomePageHandlerMapping] - Adding welcome page: class path resource [static/index.html]
2025-05-10 00:32:12.059 [INFO] [restartedMain] [o.s.v.b.OptionalValidatorFactoryBean] - Failed to set up a Bean Validation provider: jakarta.validation.NoProviderFoundException: Unable to create a Configuration, because no Jakarta Bean Validation provider could be found. Add a provider like Hibernate Validator (RI) to your classpath.
2025-05-10 00:32:12.160 [INFO] [restartedMain] [o.s.b.d.a.OptionalLiveReloadServer] - LiveReload server is running on port 35729
2025-05-10 00:32:12.172 [INFO] [restartedMain] [o.a.coyote.http11.Http11NioProtocol] - Starting ProtocolHandler ["http-nio-8080"]
2025-05-10 00:32:12.175 [INFO] [restartedMain] [o.s.b.w.e.tomcat.TomcatWebServer] - Tomcat started on port 8080 (http) with context path '/'
2025-05-10 00:32:12.180 [INFO] [restartedMain] [c.g.aigroove.AigrooveApplication] - Started AigrooveApplication in 1.847 seconds (process running for 2889.291)
2025-05-10 00:32:12.183 [INFO] [restartedMain] [o.s.b.d.a.ConditionEvaluationDeltaLoggingListener] - Condition evaluation unchanged
2025-05-10 00:32:14.285 [INFO] [http-nio-8080-exec-1] [o.a.c.c.C.[Tomcat].[localhost].[/]] - Initializing Spring DispatcherServlet 'dispatcherServlet'
2025-05-10 00:32:14.286 [INFO] [http-nio-8080-exec-1] [o.s.web.servlet.DispatcherServlet] - Initializing Servlet 'dispatcherServlet'
2025-05-10 00:32:14.288 [INFO] [http-nio-8080-exec-1] [o.s.web.servlet.DispatcherServlet] - Completed initialization in 2 ms
2025-05-10 00:32:39.543 [INFO] [File Watcher] [o.s.b.d.a.LocalDevToolsAutoConfiguration$RestartingClassPathChangeChangedEventListener] - Restarting due to 1 class path change (0 additions, 0 deletions, 1 modification)
2025-05-10 00:32:39.545 [INFO] [Thread-15] [o.s.b.w.e.tomcat.GracefulShutdown] - Commencing graceful shutdown. Waiting for active requests to complete
2025-05-10 00:32:39.546 [INFO] [tomcat-shutdown] [o.a.coyote.http11.Http11NioProtocol] - Pausing ProtocolHandler ["http-nio-8080"]
2025-05-10 00:32:39.634 [INFO] [tomcat-shutdown] [o.s.b.w.e.tomcat.GracefulShutdown] - Graceful shutdown complete
2025-05-10 00:32:39.635 [INFO] [Thread-15] [o.a.coyote.http11.Http11NioProtocol] - Stopping ProtocolHandler ["http-nio-8080"]
2025-05-10 00:32:39.638 [INFO] [Thread-15] [o.s.o.j.LocalContainerEntityManagerFactoryBean] - Closing JPA EntityManagerFactory for persistence unit 'default'
2025-05-10 00:32:39.638 [INFO] [Thread-15] [com.zaxxer.hikari.HikariDataSource] - HikariPool-4 - Shutdown initiated...
2025-05-10 00:32:39.641 [INFO] [Thread-15] [com.zaxxer.hikari.HikariDataSource] - HikariPool-4 - Shutdown completed.
2025-05-10 00:32:39.751 [INFO] [restartedMain] [c.g.aigroove.AigrooveApplication] - Starting AigrooveApplication using Java 17.0.15 with PID 12236 (C:\dev\AIGroove_api\aigroove\bin\main started by 문유신 in C:\dev\AIGroove_api\aigroove)
2025-05-10 00:32:39.752 [INFO] [restartedMain] [c.g.aigroove.AigrooveApplication] - No active profile set, falling back to 1 default profile: "default"
2025-05-10 00:32:40.212 [INFO] [restartedMain] [o.s.d.r.c.RepositoryConfigurationDelegate] - Bootstrapping Spring Data JPA repositories in DEFAULT mode.
2025-05-10 00:32:40.287 [INFO] [restartedMain] [o.s.d.r.c.RepositoryConfigurationDelegate] - Finished Spring Data repository scanning in 72 ms. Found 11 JPA repository interfaces.
2025-05-10 00:32:40.455 [INFO] [restartedMain] [o.s.b.w.e.tomcat.TomcatWebServer] - Tomcat initialized with port 8080 (http)
2025-05-10 00:32:40.456 [INFO] [restartedMain] [o.a.coyote.http11.Http11NioProtocol] - Initializing ProtocolHandler ["http-nio-8080"]
2025-05-10 00:32:40.457 [INFO] [restartedMain] [o.a.catalina.core.StandardService] - Starting service [Tomcat]
2025-05-10 00:32:40.457 [INFO] [restartedMain] [o.a.catalina.core.StandardEngine] - Starting Servlet engine: [Apache Tomcat/10.1.39]
2025-05-10 00:32:40.491 [INFO] [restartedMain] [o.a.c.c.C.[Tomcat].[localhost].[/]] - Initializing Spring embedded WebApplicationContext
2025-05-10 00:32:40.492 [INFO] [restartedMain] [o.s.b.w.s.c.ServletWebServerApplicationContext] - Root WebApplicationContext: initialization completed in 737 ms
2025-05-10 00:32:40.556 [INFO] [restartedMain] [o.h.jpa.internal.util.LogHelper] - HHH000204: Processing PersistenceUnitInfo [name: default]
2025-05-10 00:32:40.565 [INFO] [restartedMain] [o.h.c.i.RegionFactoryInitiator] - HHH000026: Second-level cache disabled
2025-05-10 00:32:40.583 [INFO] [restartedMain] [o.s.o.j.p.SpringPersistenceUnitInfo] - No LoadTimeWeaver setup: ignoring JPA class transformer
2025-05-10 00:32:40.586 [INFO] [restartedMain] [com.zaxxer.hikari.HikariDataSource] - HikariPool-5 - Starting...
2025-05-10 00:32:40.588 [INFO] [restartedMain] [com.zaxxer.hikari.pool.HikariPool] - HikariPool-5 - Added connection org.mariadb.jdbc.MariaDbConnection@25cd6ce5
2025-05-10 00:32:40.589 [INFO] [restartedMain] [com.zaxxer.hikari.HikariDataSource] - HikariPool-5 - Start completed.
2025-05-10 00:32:40.590 [INFO] [restartedMain] [o.hibernate.orm.connections.pooling] - HHH10001005: Database info:
	Database JDBC URL [Connecting through datasource 'HikariDataSource (HikariPool-5)']
	Database driver: undefined/unknown
	Database version: 11.7.2
	Autocommit mode: undefined/unknown
	Isolation level: undefined/unknown
	Minimum pool size: undefined/unknown
	Maximum pool size: undefined/unknown
2025-05-10 00:32:40.807 [INFO] [restartedMain] [o.h.e.t.j.p.i.JtaPlatformInitiator] - HHH000489: No JTA platform available (set 'hibernate.transaction.jta.platform' to enable JTA platform integration)
2025-05-10 00:32:40.836 [INFO] [restartedMain] [o.s.o.j.LocalContainerEntityManagerFactoryBean] - Initialized JPA EntityManagerFactory for persistence unit 'default'
2025-05-10 00:32:41.080 [INFO] [restartedMain] [o.s.s.c.a.a.c.InitializeUserDetailsBeanManagerConfigurer$InitializeUserDetailsManagerConfigurer] - Global AuthenticationManager configured with UserDetailsService bean with name inMemoryUserDetailsManager
2025-05-10 00:32:41.096 [INFO] [restartedMain] [o.s.b.a.w.s.WelcomePageHandlerMapping] - Adding welcome page: class path resource [static/index.html]
2025-05-10 00:32:41.462 [INFO] [restartedMain] [o.s.v.b.OptionalValidatorFactoryBean] - Failed to set up a Bean Validation provider: jakarta.validation.NoProviderFoundException: Unable to create a Configuration, because no Jakarta Bean Validation provider could be found. Add a provider like Hibernate Validator (RI) to your classpath.
2025-05-10 00:32:41.629 [INFO] [restartedMain] [o.s.b.d.a.OptionalLiveReloadServer] - LiveReload server is running on port 35729
2025-05-10 00:32:41.652 [INFO] [restartedMain] [o.a.coyote.http11.Http11NioProtocol] - Starting ProtocolHandler ["http-nio-8080"]
2025-05-10 00:32:41.663 [INFO] [restartedMain] [o.s.b.w.e.tomcat.TomcatWebServer] - Tomcat started on port 8080 (http) with context path '/'
2025-05-10 00:32:41.675 [INFO] [restartedMain] [c.g.aigroove.AigrooveApplication] - Started AigrooveApplication in 1.974 seconds (process running for 2918.786)
2025-05-10 00:32:41.678 [INFO] [restartedMain] [o.s.b.d.a.ConditionEvaluationDeltaLoggingListener] - Condition evaluation unchanged
2025-05-10 00:32:43.088 [INFO] [File Watcher] [o.s.b.d.a.LocalDevToolsAutoConfiguration$RestartingClassPathChangeChangedEventListener] - Restarting due to 1 class path change (0 additions, 0 deletions, 1 modification)
2025-05-10 00:32:43.090 [INFO] [Thread-19] [o.s.b.w.e.tomcat.GracefulShutdown] - Commencing graceful shutdown. Waiting for active requests to complete
2025-05-10 00:32:43.091 [INFO] [tomcat-shutdown] [o.a.coyote.http11.Http11NioProtocol] - Pausing ProtocolHandler ["http-nio-8080"]
2025-05-10 00:32:43.178 [INFO] [tomcat-shutdown] [o.s.b.w.e.tomcat.GracefulShutdown] - Graceful shutdown complete
2025-05-10 00:32:43.179 [INFO] [Thread-19] [o.a.coyote.http11.Http11NioProtocol] - Stopping ProtocolHandler ["http-nio-8080"]
2025-05-10 00:32:43.182 [INFO] [Thread-19] [o.s.o.j.LocalContainerEntityManagerFactoryBean] - Closing JPA EntityManagerFactory for persistence unit 'default'
2025-05-10 00:32:43.182 [INFO] [Thread-19] [com.zaxxer.hikari.HikariDataSource] - HikariPool-5 - Shutdown initiated...
2025-05-10 00:32:43.184 [INFO] [Thread-19] [com.zaxxer.hikari.HikariDataSource] - HikariPool-5 - Shutdown completed.
2025-05-10 00:32:43.273 [INFO] [restartedMain] [c.g.aigroove.AigrooveApplication] - Starting AigrooveApplication using Java 17.0.15 with PID 12236 (C:\dev\AIGroove_api\aigroove\bin\main started by 문유신 in C:\dev\AIGroove_api\aigroove)
2025-05-10 00:32:43.274 [INFO] [restartedMain] [c.g.aigroove.AigrooveApplication] - No active profile set, falling back to 1 default profile: "default"
2025-05-10 00:32:43.688 [INFO] [restartedMain] [o.s.d.r.c.RepositoryConfigurationDelegate] - Bootstrapping Spring Data JPA repositories in DEFAULT mode.
2025-05-10 00:32:43.753 [INFO] [restartedMain] [o.s.d.r.c.RepositoryConfigurationDelegate] - Finished Spring Data repository scanning in 64 ms. Found 11 JPA repository interfaces.
2025-05-10 00:32:43.895 [INFO] [restartedMain] [o.s.b.w.e.tomcat.TomcatWebServer] - Tomcat initialized with port 8080 (http)
2025-05-10 00:32:43.895 [INFO] [restartedMain] [o.a.coyote.http11.Http11NioProtocol] - Initializing ProtocolHandler ["http-nio-8080"]
2025-05-10 00:32:43.896 [INFO] [restartedMain] [o.a.catalina.core.StandardService] - Starting service [Tomcat]
2025-05-10 00:32:43.896 [INFO] [restartedMain] [o.a.catalina.core.StandardEngine] - Starting Servlet engine: [Apache Tomcat/10.1.39]
2025-05-10 00:32:43.924 [INFO] [restartedMain] [o.a.c.c.C.[Tomcat].[localhost].[/]] - Initializing Spring embedded WebApplicationContext
2025-05-10 00:32:43.924 [INFO] [restartedMain] [o.s.b.w.s.c.ServletWebServerApplicationContext] - Root WebApplicationContext: initialization completed in 648 ms
2025-05-10 00:32:43.973 [INFO] [restartedMain] [o.h.jpa.internal.util.LogHelper] - HHH000204: Processing PersistenceUnitInfo [name: default]
2025-05-10 00:32:43.980 [INFO] [restartedMain] [o.h.c.i.RegionFactoryInitiator] - HHH000026: Second-level cache disabled
2025-05-10 00:32:43.995 [INFO] [restartedMain] [o.s.o.j.p.SpringPersistenceUnitInfo] - No LoadTimeWeaver setup: ignoring JPA class transformer
2025-05-10 00:32:43.997 [INFO] [restartedMain] [com.zaxxer.hikari.HikariDataSource] - HikariPool-6 - Starting...
2025-05-10 00:32:44.000 [INFO] [restartedMain] [com.zaxxer.hikari.pool.HikariPool] - HikariPool-6 - Added connection org.mariadb.jdbc.MariaDbConnection@63982fb2
2025-05-10 00:32:44.001 [INFO] [restartedMain] [com.zaxxer.hikari.HikariDataSource] - HikariPool-6 - Start completed.
2025-05-10 00:32:44.002 [INFO] [restartedMain] [o.hibernate.orm.connections.pooling] - HHH10001005: Database info:
	Database JDBC URL [Connecting through datasource 'HikariDataSource (HikariPool-6)']
	Database driver: undefined/unknown
	Database version: 11.7.2
	Autocommit mode: undefined/unknown
	Isolation level: undefined/unknown
	Minimum pool size: undefined/unknown
	Maximum pool size: undefined/unknown
2025-05-10 00:32:44.247 [INFO] [restartedMain] [o.h.e.t.j.p.i.JtaPlatformInitiator] - HHH000489: No JTA platform available (set 'hibernate.transaction.jta.platform' to enable JTA platform integration)
2025-05-10 00:32:44.286 [INFO] [restartedMain] [o.s.o.j.LocalContainerEntityManagerFactoryBean] - Initialized JPA EntityManagerFactory for persistence unit 'default'
2025-05-10 00:32:44.495 [INFO] [restartedMain] [o.s.s.c.a.a.c.InitializeUserDetailsBeanManagerConfigurer$InitializeUserDetailsManagerConfigurer] - Global AuthenticationManager configured with UserDetailsService bean with name inMemoryUserDetailsManager
2025-05-10 00:32:44.501 [INFO] [restartedMain] [o.s.b.a.w.s.WelcomePageHandlerMapping] - Adding welcome page: class path resource [static/index.html]
2025-05-10 00:32:44.874 [INFO] [restartedMain] [o.s.v.b.OptionalValidatorFactoryBean] - Failed to set up a Bean Validation provider: jakarta.validation.NoProviderFoundException: Unable to create a Configuration, because no Jakarta Bean Validation provider could be found. Add a provider like Hibernate Validator (RI) to your classpath.
2025-05-10 00:32:44.940 [INFO] [restartedMain] [o.s.b.d.a.OptionalLiveReloadServer] - LiveReload server is running on port 35729
2025-05-10 00:32:44.947 [INFO] [restartedMain] [o.a.coyote.http11.Http11NioProtocol] - Starting ProtocolHandler ["http-nio-8080"]
2025-05-10 00:32:44.951 [INFO] [restartedMain] [o.s.b.w.e.tomcat.TomcatWebServer] - Tomcat started on port 8080 (http) with context path '/'
2025-05-10 00:32:44.954 [INFO] [restartedMain] [c.g.aigroove.AigrooveApplication] - Started AigrooveApplication in 1.717 seconds (process running for 2922.065)
2025-05-10 00:32:44.955 [INFO] [restartedMain] [o.s.b.d.a.ConditionEvaluationDeltaLoggingListener] - Condition evaluation unchanged
2025-05-10 00:32:46.911 [INFO] [http-nio-8080-exec-1] [o.a.c.c.C.[Tomcat].[localhost].[/]] - Initializing Spring DispatcherServlet 'dispatcherServlet'
2025-05-10 00:32:46.911 [INFO] [http-nio-8080-exec-1] [o.s.web.servlet.DispatcherServlet] - Initializing Servlet 'dispatcherServlet'
2025-05-10 00:32:46.912 [INFO] [http-nio-8080-exec-1] [o.s.web.servlet.DispatcherServlet] - Completed initialization in 0 ms
2025-05-10 00:33:05.022 [INFO] [File Watcher] [o.s.b.d.a.LocalDevToolsAutoConfiguration$RestartingClassPathChangeChangedEventListener] - Restarting due to 1 class path change (0 additions, 0 deletions, 1 modification)
2025-05-10 00:33:05.024 [INFO] [Thread-23] [o.s.b.w.e.tomcat.GracefulShutdown] - Commencing graceful shutdown. Waiting for active requests to complete
2025-05-10 00:33:05.024 [INFO] [tomcat-shutdown] [o.a.coyote.http11.Http11NioProtocol] - Pausing ProtocolHandler ["http-nio-8080"]
2025-05-10 00:33:05.114 [INFO] [tomcat-shutdown] [o.s.b.w.e.tomcat.GracefulShutdown] - Graceful shutdown complete
2025-05-10 00:33:05.114 [INFO] [Thread-23] [o.a.coyote.http11.Http11NioProtocol] - Stopping ProtocolHandler ["http-nio-8080"]
2025-05-10 00:33:05.117 [INFO] [Thread-23] [o.s.o.j.LocalContainerEntityManagerFactoryBean] - Closing JPA EntityManagerFactory for persistence unit 'default'
2025-05-10 00:33:05.118 [INFO] [Thread-23] [com.zaxxer.hikari.HikariDataSource] - HikariPool-6 - Shutdown initiated...
2025-05-10 00:33:05.120 [INFO] [Thread-23] [com.zaxxer.hikari.HikariDataSource] - HikariPool-6 - Shutdown completed.
2025-05-10 00:33:05.217 [INFO] [restartedMain] [c.g.aigroove.AigrooveApplication] - Starting AigrooveApplication using Java 17.0.15 with PID 12236 (C:\dev\AIGroove_api\aigroove\bin\main started by 문유신 in C:\dev\AIGroove_api\aigroove)
2025-05-10 00:33:05.218 [INFO] [restartedMain] [c.g.aigroove.AigrooveApplication] - No active profile set, falling back to 1 default profile: "default"
2025-05-10 00:33:05.620 [INFO] [restartedMain] [o.s.d.r.c.RepositoryConfigurationDelegate] - Bootstrapping Spring Data JPA repositories in DEFAULT mode.
2025-05-10 00:33:05.684 [INFO] [restartedMain] [o.s.d.r.c.RepositoryConfigurationDelegate] - Finished Spring Data repository scanning in 62 ms. Found 11 JPA repository interfaces.
2025-05-10 00:33:05.835 [INFO] [restartedMain] [o.s.b.w.e.tomcat.TomcatWebServer] - Tomcat initialized with port 8080 (http)
2025-05-10 00:33:05.836 [INFO] [restartedMain] [o.a.coyote.http11.Http11NioProtocol] - Initializing ProtocolHandler ["http-nio-8080"]
2025-05-10 00:33:05.837 [INFO] [restartedMain] [o.a.catalina.core.StandardService] - Starting service [Tomcat]
2025-05-10 00:33:05.837 [INFO] [restartedMain] [o.a.catalina.core.StandardEngine] - Starting Servlet engine: [Apache Tomcat/10.1.39]
2025-05-10 00:33:05.860 [INFO] [restartedMain] [o.a.c.c.C.[Tomcat].[localhost].[/]] - Initializing Spring embedded WebApplicationContext
2025-05-10 00:33:05.860 [INFO] [restartedMain] [o.s.b.w.s.c.ServletWebServerApplicationContext] - Root WebApplicationContext: initialization completed in 638 ms
2025-05-10 00:33:05.902 [INFO] [restartedMain] [o.h.jpa.internal.util.LogHelper] - HHH000204: Processing PersistenceUnitInfo [name: default]
2025-05-10 00:33:05.910 [INFO] [restartedMain] [o.h.c.i.RegionFactoryInitiator] - HHH000026: Second-level cache disabled
2025-05-10 00:33:05.934 [INFO] [restartedMain] [o.s.o.j.p.SpringPersistenceUnitInfo] - No LoadTimeWeaver setup: ignoring JPA class transformer
2025-05-10 00:33:05.936 [INFO] [restartedMain] [com.zaxxer.hikari.HikariDataSource] - HikariPool-7 - Starting...
2025-05-10 00:33:05.940 [INFO] [restartedMain] [com.zaxxer.hikari.pool.HikariPool] - HikariPool-7 - Added connection org.mariadb.jdbc.MariaDbConnection@4528adbf
2025-05-10 00:33:05.940 [INFO] [restartedMain] [com.zaxxer.hikari.HikariDataSource] - HikariPool-7 - Start completed.
2025-05-10 00:33:05.942 [INFO] [restartedMain] [o.hibernate.orm.connections.pooling] - HHH10001005: Database info:
	Database JDBC URL [Connecting through datasource 'HikariDataSource (HikariPool-7)']
	Database driver: undefined/unknown
	Database version: 11.7.2
	Autocommit mode: undefined/unknown
	Isolation level: undefined/unknown
	Minimum pool size: undefined/unknown
	Maximum pool size: undefined/unknown
2025-05-10 00:33:06.076 [INFO] [restartedMain] [o.h.e.t.j.p.i.JtaPlatformInitiator] - HHH000489: No JTA platform available (set 'hibernate.transaction.jta.platform' to enable JTA platform integration)
2025-05-10 00:33:06.102 [INFO] [restartedMain] [o.s.o.j.LocalContainerEntityManagerFactoryBean] - Initialized JPA EntityManagerFactory for persistence unit 'default'
2025-05-10 00:33:06.287 [INFO] [restartedMain] [o.s.s.c.a.a.c.InitializeUserDetailsBeanManagerConfigurer$InitializeUserDetailsManagerConfigurer] - Global AuthenticationManager configured with UserDetailsService bean with name inMemoryUserDetailsManager
2025-05-10 00:33:06.293 [INFO] [restartedMain] [o.s.b.a.w.s.WelcomePageHandlerMapping] - Adding welcome page: class path resource [static/index.html]
2025-05-10 00:33:06.633 [INFO] [restartedMain] [o.s.v.b.OptionalValidatorFactoryBean] - Failed to set up a Bean Validation provider: jakarta.validation.NoProviderFoundException: Unable to create a Configuration, because no Jakarta Bean Validation provider could be found. Add a provider like Hibernate Validator (RI) to your classpath.
2025-05-10 00:33:06.697 [INFO] [restartedMain] [o.s.b.d.a.OptionalLiveReloadServer] - LiveReload server is running on port 35729
2025-05-10 00:33:06.703 [INFO] [restartedMain] [o.a.coyote.http11.Http11NioProtocol] - Starting ProtocolHandler ["http-nio-8080"]
2025-05-10 00:33:06.706 [INFO] [restartedMain] [o.s.b.w.e.tomcat.TomcatWebServer] - Tomcat started on port 8080 (http) with context path '/'
2025-05-10 00:33:06.709 [INFO] [restartedMain] [c.g.aigroove.AigrooveApplication] - Started AigrooveApplication in 1.532 seconds (process running for 2943.82)
2025-05-10 00:33:06.711 [INFO] [restartedMain] [o.s.b.d.a.ConditionEvaluationDeltaLoggingListener] - Condition evaluation unchanged
2025-05-10 00:33:09.733 [INFO] [http-nio-8080-exec-1] [o.a.c.c.C.[Tomcat].[localhost].[/]] - Initializing Spring DispatcherServlet 'dispatcherServlet'
2025-05-10 00:33:09.733 [INFO] [http-nio-8080-exec-1] [o.s.web.servlet.DispatcherServlet] - Initializing Servlet 'dispatcherServlet'
2025-05-10 00:33:09.734 [INFO] [http-nio-8080-exec-1] [o.s.web.servlet.DispatcherServlet] - Completed initialization in 1 ms
2025-05-10 00:35:03.096 [INFO] [File Watcher] [o.s.b.d.a.LocalDevToolsAutoConfiguration$RestartingClassPathChangeChangedEventListener] - Restarting due to 1 class path change (0 additions, 0 deletions, 1 modification)
2025-05-10 00:35:03.098 [INFO] [Thread-27] [o.s.b.w.e.tomcat.GracefulShutdown] - Commencing graceful shutdown. Waiting for active requests to complete
2025-05-10 00:35:03.099 [INFO] [tomcat-shutdown] [o.a.coyote.http11.Http11NioProtocol] - Pausing ProtocolHandler ["http-nio-8080"]
2025-05-10 00:35:03.182 [INFO] [tomcat-shutdown] [o.s.b.w.e.tomcat.GracefulShutdown] - Graceful shutdown complete
2025-05-10 00:35:03.183 [INFO] [Thread-27] [o.a.coyote.http11.Http11NioProtocol] - Stopping ProtocolHandler ["http-nio-8080"]
2025-05-10 00:35:03.186 [INFO] [Thread-27] [o.s.o.j.LocalContainerEntityManagerFactoryBean] - Closing JPA EntityManagerFactory for persistence unit 'default'
2025-05-10 00:35:03.187 [INFO] [Thread-27] [com.zaxxer.hikari.HikariDataSource] - HikariPool-7 - Shutdown initiated...
2025-05-10 00:35:03.190 [INFO] [Thread-27] [com.zaxxer.hikari.HikariDataSource] - HikariPool-7 - Shutdown completed.
2025-05-10 00:35:03.285 [INFO] [restartedMain] [c.g.aigroove.AigrooveApplication] - Starting AigrooveApplication using Java 17.0.15 with PID 12236 (C:\dev\AIGroove_api\aigroove\bin\main started by 문유신 in C:\dev\AIGroove_api\aigroove)
2025-05-10 00:35:03.286 [INFO] [restartedMain] [c.g.aigroove.AigrooveApplication] - No active profile set, falling back to 1 default profile: "default"
2025-05-10 00:35:03.675 [INFO] [restartedMain] [o.s.d.r.c.RepositoryConfigurationDelegate] - Bootstrapping Spring Data JPA repositories in DEFAULT mode.
2025-05-10 00:35:03.726 [INFO] [restartedMain] [o.s.d.r.c.RepositoryConfigurationDelegate] - Finished Spring Data repository scanning in 49 ms. Found 11 JPA repository interfaces.
2025-05-10 00:35:03.840 [INFO] [restartedMain] [o.s.b.w.e.tomcat.TomcatWebServer] - Tomcat initialized with port 8080 (http)
2025-05-10 00:35:03.841 [INFO] [restartedMain] [o.a.coyote.http11.Http11NioProtocol] - Initializing ProtocolHandler ["http-nio-8080"]
2025-05-10 00:35:03.841 [INFO] [restartedMain] [o.a.catalina.core.StandardService] - Starting service [Tomcat]
2025-05-10 00:35:03.841 [INFO] [restartedMain] [o.a.catalina.core.StandardEngine] - Starting Servlet engine: [Apache Tomcat/10.1.39]
2025-05-10 00:35:03.865 [INFO] [restartedMain] [o.a.c.c.C.[Tomcat].[localhost].[/]] - Initializing Spring embedded WebApplicationContext
2025-05-10 00:35:03.866 [INFO] [restartedMain] [o.s.b.w.s.c.ServletWebServerApplicationContext] - Root WebApplicationContext: initialization completed in 578 ms
2025-05-10 00:35:03.900 [INFO] [restartedMain] [o.h.jpa.internal.util.LogHelper] - HHH000204: Processing PersistenceUnitInfo [name: default]
2025-05-10 00:35:03.907 [INFO] [restartedMain] [o.h.c.i.RegionFactoryInitiator] - HHH000026: Second-level cache disabled
2025-05-10 00:35:03.924 [INFO] [restartedMain] [o.s.o.j.p.SpringPersistenceUnitInfo] - No LoadTimeWeaver setup: ignoring JPA class transformer
2025-05-10 00:35:03.926 [INFO] [restartedMain] [com.zaxxer.hikari.HikariDataSource] - HikariPool-8 - Starting...
2025-05-10 00:35:03.929 [INFO] [restartedMain] [com.zaxxer.hikari.pool.HikariPool] - HikariPool-8 - Added connection org.mariadb.jdbc.MariaDbConnection@21d452c4
2025-05-10 00:35:03.930 [INFO] [restartedMain] [com.zaxxer.hikari.HikariDataSource] - HikariPool-8 - Start completed.
2025-05-10 00:35:03.931 [INFO] [restartedMain] [o.hibernate.orm.connections.pooling] - HHH10001005: Database info:
	Database JDBC URL [Connecting through datasource 'HikariDataSource (HikariPool-8)']
	Database driver: undefined/unknown
	Database version: 11.7.2
	Autocommit mode: undefined/unknown
	Isolation level: undefined/unknown
	Minimum pool size: undefined/unknown
	Maximum pool size: undefined/unknown
2025-05-10 00:35:04.084 [INFO] [restartedMain] [o.h.e.t.j.p.i.JtaPlatformInitiator] - HHH000489: No JTA platform available (set 'hibernate.transaction.jta.platform' to enable JTA platform integration)
2025-05-10 00:35:04.121 [INFO] [restartedMain] [o.s.o.j.LocalContainerEntityManagerFactoryBean] - Initialized JPA EntityManagerFactory for persistence unit 'default'
2025-05-10 00:35:04.335 [INFO] [restartedMain] [o.s.s.c.a.a.c.InitializeUserDetailsBeanManagerConfigurer$InitializeUserDetailsManagerConfigurer] - Global AuthenticationManager configured with UserDetailsService bean with name inMemoryUserDetailsManager
2025-05-10 00:35:04.341 [INFO] [restartedMain] [o.s.b.a.w.s.WelcomePageHandlerMapping] - Adding welcome page: class path resource [static/index.html]
2025-05-10 00:35:04.651 [INFO] [restartedMain] [o.s.v.b.OptionalValidatorFactoryBean] - Failed to set up a Bean Validation provider: jakarta.validation.NoProviderFoundException: Unable to create a Configuration, because no Jakarta Bean Validation provider could be found. Add a provider like Hibernate Validator (RI) to your classpath.
2025-05-10 00:35:04.714 [INFO] [restartedMain] [o.s.b.d.a.OptionalLiveReloadServer] - LiveReload server is running on port 35729
2025-05-10 00:35:04.722 [INFO] [restartedMain] [o.a.coyote.http11.Http11NioProtocol] - Starting ProtocolHandler ["http-nio-8080"]
2025-05-10 00:35:04.725 [INFO] [restartedMain] [o.s.b.w.e.tomcat.TomcatWebServer] - Tomcat started on port 8080 (http) with context path '/'
2025-05-10 00:35:04.729 [INFO] [restartedMain] [c.g.aigroove.AigrooveApplication] - Started AigrooveApplication in 1.483 seconds (process running for 3061.84)
2025-05-10 00:35:04.730 [INFO] [restartedMain] [o.s.b.d.a.ConditionEvaluationDeltaLoggingListener] - Condition evaluation unchanged
2025-05-10 00:37:17.677 [INFO] [File Watcher] [o.s.b.d.a.LocalDevToolsAutoConfiguration$RestartingClassPathChangeChangedEventListener] - Restarting due to 1 class path change (0 additions, 0 deletions, 1 modification)
2025-05-10 00:37:17.678 [INFO] [Thread-31] [o.s.b.w.e.tomcat.GracefulShutdown] - Commencing graceful shutdown. Waiting for active requests to complete
2025-05-10 00:37:17.679 [INFO] [tomcat-shutdown] [o.a.coyote.http11.Http11NioProtocol] - Pausing ProtocolHandler ["http-nio-8080"]
2025-05-10 00:37:17.769 [INFO] [tomcat-shutdown] [o.s.b.w.e.tomcat.GracefulShutdown] - Graceful shutdown complete
2025-05-10 00:37:17.770 [INFO] [Thread-31] [o.a.coyote.http11.Http11NioProtocol] - Stopping ProtocolHandler ["http-nio-8080"]
2025-05-10 00:37:17.772 [INFO] [Thread-31] [o.s.o.j.LocalContainerEntityManagerFactoryBean] - Closing JPA EntityManagerFactory for persistence unit 'default'
2025-05-10 00:37:17.773 [INFO] [Thread-31] [com.zaxxer.hikari.HikariDataSource] - HikariPool-8 - Shutdown initiated...
2025-05-10 00:37:17.775 [INFO] [Thread-31] [com.zaxxer.hikari.HikariDataSource] - HikariPool-8 - Shutdown completed.
2025-05-10 00:37:17.876 [INFO] [restartedMain] [c.g.aigroove.AigrooveApplication] - Starting AigrooveApplication using Java 17.0.15 with PID 12236 (C:\dev\AIGroove_api\aigroove\bin\main started by 문유신 in C:\dev\AIGroove_api\aigroove)
2025-05-10 00:37:17.877 [INFO] [restartedMain] [c.g.aigroove.AigrooveApplication] - No active profile set, falling back to 1 default profile: "default"
2025-05-10 00:37:18.194 [INFO] [restartedMain] [o.s.d.r.c.RepositoryConfigurationDelegate] - Bootstrapping Spring Data JPA repositories in DEFAULT mode.
2025-05-10 00:37:18.244 [INFO] [restartedMain] [o.s.d.r.c.RepositoryConfigurationDelegate] - Finished Spring Data repository scanning in 48 ms. Found 11 JPA repository interfaces.
2025-05-10 00:37:18.345 [INFO] [restartedMain] [o.s.b.w.e.tomcat.TomcatWebServer] - Tomcat initialized with port 8080 (http)
2025-05-10 00:37:18.346 [INFO] [restartedMain] [o.a.coyote.http11.Http11NioProtocol] - Initializing ProtocolHandler ["http-nio-8080"]
2025-05-10 00:37:18.346 [INFO] [restartedMain] [o.a.catalina.core.StandardService] - Starting service [Tomcat]
2025-05-10 00:37:18.346 [INFO] [restartedMain] [o.a.catalina.core.StandardEngine] - Starting Servlet engine: [Apache Tomcat/10.1.39]
2025-05-10 00:37:18.367 [INFO] [restartedMain] [o.a.c.c.C.[Tomcat].[localhost].[/]] - Initializing Spring embedded WebApplicationContext
2025-05-10 00:37:18.368 [INFO] [restartedMain] [o.s.b.w.s.c.ServletWebServerApplicationContext] - Root WebApplicationContext: initialization completed in 489 ms
2025-05-10 00:37:18.401 [INFO] [restartedMain] [o.h.jpa.internal.util.LogHelper] - HHH000204: Processing PersistenceUnitInfo [name: default]
2025-05-10 00:37:18.405 [INFO] [restartedMain] [o.h.c.i.RegionFactoryInitiator] - HHH000026: Second-level cache disabled
2025-05-10 00:37:18.417 [INFO] [restartedMain] [o.s.o.j.p.SpringPersistenceUnitInfo] - No LoadTimeWeaver setup: ignoring JPA class transformer
2025-05-10 00:37:18.419 [INFO] [restartedMain] [com.zaxxer.hikari.HikariDataSource] - HikariPool-9 - Starting...
2025-05-10 00:37:18.421 [INFO] [restartedMain] [com.zaxxer.hikari.pool.HikariPool] - HikariPool-9 - Added connection org.mariadb.jdbc.MariaDbConnection@74c86cfc
2025-05-10 00:37:18.421 [INFO] [restartedMain] [com.zaxxer.hikari.HikariDataSource] - HikariPool-9 - Start completed.
2025-05-10 00:37:18.423 [INFO] [restartedMain] [o.hibernate.orm.connections.pooling] - HHH10001005: Database info:
	Database JDBC URL [Connecting through datasource 'HikariDataSource (HikariPool-9)']
	Database driver: undefined/unknown
	Database version: 11.7.2
	Autocommit mode: undefined/unknown
	Isolation level: undefined/unknown
	Minimum pool size: undefined/unknown
	Maximum pool size: undefined/unknown
2025-05-10 00:37:18.570 [INFO] [restartedMain] [o.h.e.t.j.p.i.JtaPlatformInitiator] - HHH000489: No JTA platform available (set 'hibernate.transaction.jta.platform' to enable JTA platform integration)
2025-05-10 00:37:18.593 [INFO] [restartedMain] [o.s.o.j.LocalContainerEntityManagerFactoryBean] - Initialized JPA EntityManagerFactory for persistence unit 'default'
2025-05-10 00:37:18.782 [INFO] [restartedMain] [o.s.s.c.a.a.c.InitializeUserDetailsBeanManagerConfigurer$InitializeUserDetailsManagerConfigurer] - Global AuthenticationManager configured with UserDetailsService bean with name inMemoryUserDetailsManager
2025-05-10 00:37:18.790 [INFO] [restartedMain] [o.s.b.a.w.s.WelcomePageHandlerMapping] - Adding welcome page: class path resource [static/index.html]
2025-05-10 00:37:19.135 [INFO] [restartedMain] [o.s.v.b.OptionalValidatorFactoryBean] - Failed to set up a Bean Validation provider: jakarta.validation.NoProviderFoundException: Unable to create a Configuration, because no Jakarta Bean Validation provider could be found. Add a provider like Hibernate Validator (RI) to your classpath.
2025-05-10 00:37:19.213 [INFO] [restartedMain] [o.s.b.d.a.OptionalLiveReloadServer] - LiveReload server is running on port 35729
2025-05-10 00:37:19.220 [INFO] [restartedMain] [o.a.coyote.http11.Http11NioProtocol] - Starting ProtocolHandler ["http-nio-8080"]
2025-05-10 00:37:19.225 [INFO] [restartedMain] [o.s.b.w.e.tomcat.TomcatWebServer] - Tomcat started on port 8080 (http) with context path '/'
2025-05-10 00:37:19.228 [INFO] [restartedMain] [c.g.aigroove.AigrooveApplication] - Started AigrooveApplication in 1.383 seconds (process running for 3196.339)
2025-05-10 00:37:19.229 [INFO] [restartedMain] [o.s.b.d.a.ConditionEvaluationDeltaLoggingListener] - Condition evaluation unchanged
2025-05-10 00:37:40.330 [INFO] [File Watcher] [o.s.b.d.a.LocalDevToolsAutoConfiguration$RestartingClassPathChangeChangedEventListener] - Restarting due to 1 class path change (0 additions, 0 deletions, 1 modification)
2025-05-10 00:37:40.332 [INFO] [Thread-35] [o.s.b.w.e.tomcat.GracefulShutdown] - Commencing graceful shutdown. Waiting for active requests to complete
2025-05-10 00:37:40.332 [INFO] [tomcat-shutdown] [o.a.coyote.http11.Http11NioProtocol] - Pausing ProtocolHandler ["http-nio-8080"]
2025-05-10 00:37:40.420 [INFO] [tomcat-shutdown] [o.s.b.w.e.tomcat.GracefulShutdown] - Graceful shutdown complete
2025-05-10 00:37:40.420 [INFO] [Thread-35] [o.a.coyote.http11.Http11NioProtocol] - Stopping ProtocolHandler ["http-nio-8080"]
2025-05-10 00:37:40.422 [INFO] [Thread-35] [o.s.o.j.LocalContainerEntityManagerFactoryBean] - Closing JPA EntityManagerFactory for persistence unit 'default'
2025-05-10 00:37:40.423 [INFO] [Thread-35] [com.zaxxer.hikari.HikariDataSource] - HikariPool-9 - Shutdown initiated...
2025-05-10 00:37:40.425 [INFO] [Thread-35] [com.zaxxer.hikari.HikariDataSource] - HikariPool-9 - Shutdown completed.
2025-05-10 00:37:40.514 [INFO] [restartedMain] [c.g.aigroove.AigrooveApplication] - Starting AigrooveApplication using Java 17.0.15 with PID 12236 (C:\dev\AIGroove_api\aigroove\bin\main started by 문유신 in C:\dev\AIGroove_api\aigroove)
2025-05-10 00:37:40.514 [INFO] [restartedMain] [c.g.aigroove.AigrooveApplication] - No active profile set, falling back to 1 default profile: "default"
2025-05-10 00:37:40.862 [INFO] [restartedMain] [o.s.d.r.c.RepositoryConfigurationDelegate] - Bootstrapping Spring Data JPA repositories in DEFAULT mode.
2025-05-10 00:37:40.927 [INFO] [restartedMain] [o.s.d.r.c.RepositoryConfigurationDelegate] - Finished Spring Data repository scanning in 64 ms. Found 11 JPA repository interfaces.
2025-05-10 00:37:41.140 [INFO] [restartedMain] [o.s.b.w.e.tomcat.TomcatWebServer] - Tomcat initialized with port 8080 (http)
2025-05-10 00:37:41.141 [INFO] [restartedMain] [o.a.coyote.http11.Http11NioProtocol] - Initializing ProtocolHandler ["http-nio-8080"]
2025-05-10 00:37:41.142 [INFO] [restartedMain] [o.a.catalina.core.StandardService] - Starting service [Tomcat]
2025-05-10 00:37:41.142 [INFO] [restartedMain] [o.a.catalina.core.StandardEngine] - Starting Servlet engine: [Apache Tomcat/10.1.39]
2025-05-10 00:37:41.168 [INFO] [restartedMain] [o.a.c.c.C.[Tomcat].[localhost].[/]] - Initializing Spring embedded WebApplicationContext
2025-05-10 00:37:41.169 [INFO] [restartedMain] [o.s.b.w.s.c.ServletWebServerApplicationContext] - Root WebApplicationContext: initialization completed in 652 ms
2025-05-10 00:37:41.206 [INFO] [restartedMain] [o.h.jpa.internal.util.LogHelper] - HHH000204: Processing PersistenceUnitInfo [name: default]
2025-05-10 00:37:41.212 [INFO] [restartedMain] [o.h.c.i.RegionFactoryInitiator] - HHH000026: Second-level cache disabled
2025-05-10 00:37:41.229 [INFO] [restartedMain] [o.s.o.j.p.SpringPersistenceUnitInfo] - No LoadTimeWeaver setup: ignoring JPA class transformer
2025-05-10 00:37:41.231 [INFO] [restartedMain] [com.zaxxer.hikari.HikariDataSource] - HikariPool-10 - Starting...
2025-05-10 00:37:41.233 [INFO] [restartedMain] [com.zaxxer.hikari.pool.HikariPool] - HikariPool-10 - Added connection org.mariadb.jdbc.MariaDbConnection@5c7447c0
2025-05-10 00:37:41.234 [INFO] [restartedMain] [com.zaxxer.hikari.HikariDataSource] - HikariPool-10 - Start completed.
2025-05-10 00:37:41.235 [INFO] [restartedMain] [o.hibernate.orm.connections.pooling] - HHH10001005: Database info:
	Database JDBC URL [Connecting through datasource 'HikariDataSource (HikariPool-10)']
	Database driver: undefined/unknown
	Database version: 11.7.2
	Autocommit mode: undefined/unknown
	Isolation level: undefined/unknown
	Minimum pool size: undefined/unknown
	Maximum pool size: undefined/unknown
2025-05-10 00:37:41.377 [INFO] [restartedMain] [o.h.e.t.j.p.i.JtaPlatformInitiator] - HHH000489: No JTA platform available (set 'hibernate.transaction.jta.platform' to enable JTA platform integration)
2025-05-10 00:37:41.410 [INFO] [restartedMain] [o.s.o.j.LocalContainerEntityManagerFactoryBean] - Initialized JPA EntityManagerFactory for persistence unit 'default'
2025-05-10 00:37:41.616 [INFO] [restartedMain] [o.s.s.c.a.a.c.InitializeUserDetailsBeanManagerConfigurer$InitializeUserDetailsManagerConfigurer] - Global AuthenticationManager configured with UserDetailsService bean with name inMemoryUserDetailsManager
2025-05-10 00:37:41.622 [INFO] [restartedMain] [o.s.b.a.w.s.WelcomePageHandlerMapping] - Adding welcome page: class path resource [static/index.html]
2025-05-10 00:37:41.952 [INFO] [restartedMain] [o.s.v.b.OptionalValidatorFactoryBean] - Failed to set up a Bean Validation provider: jakarta.validation.NoProviderFoundException: Unable to create a Configuration, because no Jakarta Bean Validation provider could be found. Add a provider like Hibernate Validator (RI) to your classpath.
2025-05-10 00:37:42.014 [INFO] [restartedMain] [o.s.b.d.a.OptionalLiveReloadServer] - LiveReload server is running on port 35729
2025-05-10 00:37:42.021 [INFO] [restartedMain] [o.a.coyote.http11.Http11NioProtocol] - Starting ProtocolHandler ["http-nio-8080"]
2025-05-10 00:37:42.024 [INFO] [restartedMain] [o.s.b.w.e.tomcat.TomcatWebServer] - Tomcat started on port 8080 (http) with context path '/'
2025-05-10 00:37:42.027 [INFO] [restartedMain] [c.g.aigroove.AigrooveApplication] - Started AigrooveApplication in 1.543 seconds (process running for 3219.139)
2025-05-10 00:37:42.029 [INFO] [restartedMain] [o.s.b.d.a.ConditionEvaluationDeltaLoggingListener] - Condition evaluation unchanged
2025-05-10 00:37:45.361 [INFO] [http-nio-8080-exec-2] [o.a.c.c.C.[Tomcat].[localhost].[/]] - Initializing Spring DispatcherServlet 'dispatcherServlet'
2025-05-10 00:37:45.362 [INFO] [http-nio-8080-exec-2] [o.s.web.servlet.DispatcherServlet] - Initializing Servlet 'dispatcherServlet'
2025-05-10 00:37:45.363 [INFO] [http-nio-8080-exec-2] [o.s.web.servlet.DispatcherServlet] - Completed initialization in 1 ms
2025-05-10 00:37:58.017 [INFO] [File Watcher] [o.s.b.d.a.LocalDevToolsAutoConfiguration$RestartingClassPathChangeChangedEventListener] - Restarting due to 1 class path change (0 additions, 0 deletions, 1 modification)
2025-05-10 00:37:58.019 [INFO] [Thread-39] [o.s.b.w.e.tomcat.GracefulShutdown] - Commencing graceful shutdown. Waiting for active requests to complete
2025-05-10 00:37:58.020 [INFO] [tomcat-shutdown] [o.a.coyote.http11.Http11NioProtocol] - Pausing ProtocolHandler ["http-nio-8080"]
2025-05-10 00:37:58.120 [INFO] [tomcat-shutdown] [o.s.b.w.e.tomcat.GracefulShutdown] - Graceful shutdown complete
2025-05-10 00:37:58.120 [INFO] [Thread-39] [o.a.coyote.http11.Http11NioProtocol] - Stopping ProtocolHandler ["http-nio-8080"]
2025-05-10 00:37:58.122 [INFO] [Thread-39] [o.s.o.j.LocalContainerEntityManagerFactoryBean] - Closing JPA EntityManagerFactory for persistence unit 'default'
2025-05-10 00:37:58.123 [INFO] [Thread-39] [com.zaxxer.hikari.HikariDataSource] - HikariPool-10 - Shutdown initiated...
2025-05-10 00:37:58.124 [INFO] [Thread-39] [com.zaxxer.hikari.HikariDataSource] - HikariPool-10 - Shutdown completed.
2025-05-10 00:37:58.213 [INFO] [restartedMain] [c.g.aigroove.AigrooveApplication] - Starting AigrooveApplication using Java 17.0.15 with PID 12236 (C:\dev\AIGroove_api\aigroove\bin\main started by 문유신 in C:\dev\AIGroove_api\aigroove)
2025-05-10 00:37:58.213 [INFO] [restartedMain] [c.g.aigroove.AigrooveApplication] - No active profile set, falling back to 1 default profile: "default"
2025-05-10 00:37:58.511 [INFO] [restartedMain] [o.s.d.r.c.RepositoryConfigurationDelegate] - Bootstrapping Spring Data JPA repositories in DEFAULT mode.
2025-05-10 00:37:58.554 [INFO] [restartedMain] [o.s.d.r.c.RepositoryConfigurationDelegate] - Finished Spring Data repository scanning in 41 ms. Found 11 JPA repository interfaces.
2025-05-10 00:37:58.643 [INFO] [restartedMain] [o.s.b.w.e.tomcat.TomcatWebServer] - Tomcat initialized with port 8080 (http)
2025-05-10 00:37:58.644 [INFO] [restartedMain] [o.a.coyote.http11.Http11NioProtocol] - Initializing ProtocolHandler ["http-nio-8080"]
2025-05-10 00:37:58.644 [INFO] [restartedMain] [o.a.catalina.core.StandardService] - Starting service [Tomcat]
2025-05-10 00:37:58.644 [INFO] [restartedMain] [o.a.catalina.core.StandardEngine] - Starting Servlet engine: [Apache Tomcat/10.1.39]
2025-05-10 00:37:58.664 [INFO] [restartedMain] [o.a.c.c.C.[Tomcat].[localhost].[/]] - Initializing Spring embedded WebApplicationContext
2025-05-10 00:37:58.665 [INFO] [restartedMain] [o.s.b.w.s.c.ServletWebServerApplicationContext] - Root WebApplicationContext: initialization completed in 450 ms
2025-05-10 00:37:58.691 [INFO] [restartedMain] [o.h.jpa.internal.util.LogHelper] - HHH000204: Processing PersistenceUnitInfo [name: default]
2025-05-10 00:37:58.695 [INFO] [restartedMain] [o.h.c.i.RegionFactoryInitiator] - HHH000026: Second-level cache disabled
2025-05-10 00:37:58.709 [INFO] [restartedMain] [o.s.o.j.p.SpringPersistenceUnitInfo] - No LoadTimeWeaver setup: ignoring JPA class transformer
2025-05-10 00:37:58.711 [INFO] [restartedMain] [com.zaxxer.hikari.HikariDataSource] - HikariPool-11 - Starting...
2025-05-10 00:37:58.715 [INFO] [restartedMain] [com.zaxxer.hikari.pool.HikariPool] - HikariPool-11 - Added connection org.mariadb.jdbc.MariaDbConnection@253548fa
2025-05-10 00:37:58.716 [INFO] [restartedMain] [com.zaxxer.hikari.HikariDataSource] - HikariPool-11 - Start completed.
2025-05-10 00:37:58.717 [INFO] [restartedMain] [o.hibernate.orm.connections.pooling] - HHH10001005: Database info:
	Database JDBC URL [Connecting through datasource 'HikariDataSource (HikariPool-11)']
	Database driver: undefined/unknown
	Database version: 11.7.2
	Autocommit mode: undefined/unknown
	Isolation level: undefined/unknown
	Minimum pool size: undefined/unknown
	Maximum pool size: undefined/unknown
2025-05-10 00:37:58.879 [INFO] [restartedMain] [o.h.e.t.j.p.i.JtaPlatformInitiator] - HHH000489: No JTA platform available (set 'hibernate.transaction.jta.platform' to enable JTA platform integration)
2025-05-10 00:37:58.919 [INFO] [restartedMain] [o.s.o.j.LocalContainerEntityManagerFactoryBean] - Initialized JPA EntityManagerFactory for persistence unit 'default'
2025-05-10 00:37:59.154 [INFO] [restartedMain] [o.s.s.c.a.a.c.InitializeUserDetailsBeanManagerConfigurer$InitializeUserDetailsManagerConfigurer] - Global AuthenticationManager configured with UserDetailsService bean with name inMemoryUserDetailsManager
2025-05-10 00:37:59.165 [INFO] [restartedMain] [o.s.b.a.w.s.WelcomePageHandlerMapping] - Adding welcome page: class path resource [static/index.html]
2025-05-10 00:37:59.490 [INFO] [restartedMain] [o.s.v.b.OptionalValidatorFactoryBean] - Failed to set up a Bean Validation provider: jakarta.validation.NoProviderFoundException: Unable to create a Configuration, because no Jakarta Bean Validation provider could be found. Add a provider like Hibernate Validator (RI) to your classpath.
2025-05-10 00:37:59.544 [INFO] [restartedMain] [o.s.b.d.a.OptionalLiveReloadServer] - LiveReload server is running on port 35729
2025-05-10 00:37:59.551 [INFO] [restartedMain] [o.a.coyote.http11.Http11NioProtocol] - Starting ProtocolHandler ["http-nio-8080"]
2025-05-10 00:37:59.554 [INFO] [restartedMain] [o.s.b.w.e.tomcat.TomcatWebServer] - Tomcat started on port 8080 (http) with context path '/'
2025-05-10 00:37:59.557 [INFO] [restartedMain] [c.g.aigroove.AigrooveApplication] - Started AigrooveApplication in 1.375 seconds (process running for 3236.668)
2025-05-10 00:37:59.558 [INFO] [restartedMain] [o.s.b.d.a.ConditionEvaluationDeltaLoggingListener] - Condition evaluation unchanged
2025-05-10 00:38:01.563 [INFO] [http-nio-8080-exec-1] [o.a.c.c.C.[Tomcat].[localhost].[/]] - Initializing Spring DispatcherServlet 'dispatcherServlet'
2025-05-10 00:38:01.563 [INFO] [http-nio-8080-exec-1] [o.s.web.servlet.DispatcherServlet] - Initializing Servlet 'dispatcherServlet'
2025-05-10 00:38:01.564 [INFO] [http-nio-8080-exec-1] [o.s.web.servlet.DispatcherServlet] - Completed initialization in 1 ms
2025-05-10 00:38:34.122 [INFO] [File Watcher] [o.s.b.d.a.LocalDevToolsAutoConfiguration$RestartingClassPathChangeChangedEventListener] - Restarting due to 2 class path changes (1 addition, 0 deletions, 1 modification)
2025-05-10 00:38:34.124 [INFO] [Thread-43] [o.s.b.w.e.tomcat.GracefulShutdown] - Commencing graceful shutdown. Waiting for active requests to complete
2025-05-10 00:38:34.125 [INFO] [tomcat-shutdown] [o.a.coyote.http11.Http11NioProtocol] - Pausing ProtocolHandler ["http-nio-8080"]
2025-05-10 00:38:34.211 [INFO] [tomcat-shutdown] [o.s.b.w.e.tomcat.GracefulShutdown] - Graceful shutdown complete
2025-05-10 00:38:34.212 [INFO] [Thread-43] [o.a.coyote.http11.Http11NioProtocol] - Stopping ProtocolHandler ["http-nio-8080"]
2025-05-10 00:38:34.214 [INFO] [Thread-43] [o.s.o.j.LocalContainerEntityManagerFactoryBean] - Closing JPA EntityManagerFactory for persistence unit 'default'
2025-05-10 00:38:34.214 [INFO] [Thread-43] [com.zaxxer.hikari.HikariDataSource] - HikariPool-11 - Shutdown initiated...
2025-05-10 00:38:34.216 [INFO] [Thread-43] [com.zaxxer.hikari.HikariDataSource] - HikariPool-11 - Shutdown completed.
2025-05-10 00:38:34.322 [INFO] [restartedMain] [c.g.aigroove.AigrooveApplication] - Starting AigrooveApplication using Java 17.0.15 with PID 12236 (C:\dev\AIGroove_api\aigroove\bin\main started by 문유신 in C:\dev\AIGroove_api\aigroove)
2025-05-10 00:38:34.323 [INFO] [restartedMain] [c.g.aigroove.AigrooveApplication] - No active profile set, falling back to 1 default profile: "default"
2025-05-10 00:38:34.649 [INFO] [restartedMain] [o.s.d.r.c.RepositoryConfigurationDelegate] - Bootstrapping Spring Data JPA repositories in DEFAULT mode.
2025-05-10 00:38:34.699 [INFO] [restartedMain] [o.s.d.r.c.RepositoryConfigurationDelegate] - Finished Spring Data repository scanning in 49 ms. Found 11 JPA repository interfaces.
2025-05-10 00:38:34.801 [INFO] [restartedMain] [o.s.b.w.e.tomcat.TomcatWebServer] - Tomcat initialized with port 8080 (http)
2025-05-10 00:38:34.802 [INFO] [restartedMain] [o.a.coyote.http11.Http11NioProtocol] - Initializing ProtocolHandler ["http-nio-8080"]
2025-05-10 00:38:34.803 [INFO] [restartedMain] [o.a.catalina.core.StandardService] - Starting service [Tomcat]
2025-05-10 00:38:34.803 [INFO] [restartedMain] [o.a.catalina.core.StandardEngine] - Starting Servlet engine: [Apache Tomcat/10.1.39]
2025-05-10 00:38:34.825 [INFO] [restartedMain] [o.a.c.c.C.[Tomcat].[localhost].[/]] - Initializing Spring embedded WebApplicationContext
2025-05-10 00:38:34.826 [INFO] [restartedMain] [o.s.b.w.s.c.ServletWebServerApplicationContext] - Root WebApplicationContext: initialization completed in 501 ms
2025-05-10 00:38:34.851 [INFO] [restartedMain] [o.h.jpa.internal.util.LogHelper] - HHH000204: Processing PersistenceUnitInfo [name: default]
2025-05-10 00:38:34.855 [INFO] [restartedMain] [o.h.c.i.RegionFactoryInitiator] - HHH000026: Second-level cache disabled
2025-05-10 00:38:34.868 [INFO] [restartedMain] [o.s.o.j.p.SpringPersistenceUnitInfo] - No LoadTimeWeaver setup: ignoring JPA class transformer
2025-05-10 00:38:34.870 [INFO] [restartedMain] [com.zaxxer.hikari.HikariDataSource] - HikariPool-12 - Starting...
2025-05-10 00:38:34.872 [INFO] [restartedMain] [com.zaxxer.hikari.pool.HikariPool] - HikariPool-12 - Added connection org.mariadb.jdbc.MariaDbConnection@60df684a
2025-05-10 00:38:34.872 [INFO] [restartedMain] [com.zaxxer.hikari.HikariDataSource] - HikariPool-12 - Start completed.
2025-05-10 00:38:34.873 [INFO] [restartedMain] [o.hibernate.orm.connections.pooling] - HHH10001005: Database info:
	Database JDBC URL [Connecting through datasource 'HikariDataSource (HikariPool-12)']
	Database driver: undefined/unknown
	Database version: 11.7.2
	Autocommit mode: undefined/unknown
	Isolation level: undefined/unknown
	Minimum pool size: undefined/unknown
	Maximum pool size: undefined/unknown
2025-05-10 00:38:35.023 [INFO] [restartedMain] [o.h.e.t.j.p.i.JtaPlatformInitiator] - HHH000489: No JTA platform available (set 'hibernate.transaction.jta.platform' to enable JTA platform integration)
2025-05-10 00:38:35.097 [INFO] [restartedMain] [o.s.o.j.LocalContainerEntityManagerFactoryBean] - Initialized JPA EntityManagerFactory for persistence unit 'default'
2025-05-10 00:38:35.308 [INFO] [restartedMain] [o.s.s.c.a.a.c.InitializeUserDetailsBeanManagerConfigurer$InitializeUserDetailsManagerConfigurer] - Global AuthenticationManager configured with UserDetailsService bean with name inMemoryUserDetailsManager
2025-05-10 00:38:35.313 [INFO] [restartedMain] [o.s.b.a.w.s.WelcomePageHandlerMapping] - Adding welcome page: class path resource [static/index.html]
2025-05-10 00:38:35.614 [INFO] [restartedMain] [o.s.v.b.OptionalValidatorFactoryBean] - Failed to set up a Bean Validation provider: jakarta.validation.NoProviderFoundException: Unable to create a Configuration, because no Jakarta Bean Validation provider could be found. Add a provider like Hibernate Validator (RI) to your classpath.
2025-05-10 00:38:35.673 [INFO] [restartedMain] [o.s.b.d.a.OptionalLiveReloadServer] - LiveReload server is running on port 35729
2025-05-10 00:38:35.680 [INFO] [restartedMain] [o.a.coyote.http11.Http11NioProtocol] - Starting ProtocolHandler ["http-nio-8080"]
2025-05-10 00:38:35.683 [INFO] [restartedMain] [o.s.b.w.e.tomcat.TomcatWebServer] - Tomcat started on port 8080 (http) with context path '/'
2025-05-10 00:38:35.686 [INFO] [restartedMain] [c.g.aigroove.AigrooveApplication] - Started AigrooveApplication in 1.403 seconds (process running for 3272.798)
2025-05-10 00:38:35.688 [INFO] [restartedMain] [o.s.b.d.a.ConditionEvaluationDeltaLoggingListener] - Condition evaluation unchanged
2025-05-10 00:38:39.425 [INFO] [http-nio-8080-exec-1] [o.a.c.c.C.[Tomcat].[localhost].[/]] - Initializing Spring DispatcherServlet 'dispatcherServlet'
2025-05-10 00:38:39.426 [INFO] [http-nio-8080-exec-1] [o.s.web.servlet.DispatcherServlet] - Initializing Servlet 'dispatcherServlet'
2025-05-10 00:38:39.427 [INFO] [http-nio-8080-exec-1] [o.s.web.servlet.DispatcherServlet] - Completed initialization in 1 ms
2025-05-10 00:40:44.564 [INFO] [File Watcher] [o.s.b.d.a.LocalDevToolsAutoConfiguration$RestartingClassPathChangeChangedEventListener] - Restarting due to 2 class path changes (0 additions, 0 deletions, 2 modifications)
2025-05-10 00:40:44.565 [INFO] [Thread-47] [o.s.b.w.e.tomcat.GracefulShutdown] - Commencing graceful shutdown. Waiting for active requests to complete
2025-05-10 00:40:44.566 [INFO] [tomcat-shutdown] [o.a.coyote.http11.Http11NioProtocol] - Pausing ProtocolHandler ["http-nio-8080"]
2025-05-10 00:40:44.667 [INFO] [tomcat-shutdown] [o.s.b.w.e.tomcat.GracefulShutdown] - Graceful shutdown complete
2025-05-10 00:40:44.667 [INFO] [Thread-47] [o.a.coyote.http11.Http11NioProtocol] - Stopping ProtocolHandler ["http-nio-8080"]
2025-05-10 00:40:44.669 [INFO] [Thread-47] [o.s.o.j.LocalContainerEntityManagerFactoryBean] - Closing JPA EntityManagerFactory for persistence unit 'default'
2025-05-10 00:40:44.670 [INFO] [Thread-47] [com.zaxxer.hikari.HikariDataSource] - HikariPool-12 - Shutdown initiated...
2025-05-10 00:40:44.672 [INFO] [Thread-47] [com.zaxxer.hikari.HikariDataSource] - HikariPool-12 - Shutdown completed.
2025-05-10 00:40:44.779 [INFO] [restartedMain] [c.g.aigroove.AigrooveApplication] - Starting AigrooveApplication using Java 17.0.15 with PID 12236 (C:\dev\AIGroove_api\aigroove\bin\main started by 문유신 in C:\dev\AIGroove_api\aigroove)
2025-05-10 00:40:44.783 [INFO] [restartedMain] [c.g.aigroove.AigrooveApplication] - No active profile set, falling back to 1 default profile: "default"
2025-05-10 00:40:45.292 [INFO] [restartedMain] [o.s.d.r.c.RepositoryConfigurationDelegate] - Bootstrapping Spring Data JPA repositories in DEFAULT mode.
2025-05-10 00:40:45.349 [INFO] [restartedMain] [o.s.d.r.c.RepositoryConfigurationDelegate] - Finished Spring Data repository scanning in 55 ms. Found 11 JPA repository interfaces.
2025-05-10 00:40:45.443 [INFO] [restartedMain] [o.s.b.w.e.tomcat.TomcatWebServer] - Tomcat initialized with port 8080 (http)
2025-05-10 00:40:45.444 [INFO] [restartedMain] [o.a.coyote.http11.Http11NioProtocol] - Initializing ProtocolHandler ["http-nio-8080"]
2025-05-10 00:40:45.444 [INFO] [restartedMain] [o.a.catalina.core.StandardService] - Starting service [Tomcat]
2025-05-10 00:40:45.445 [INFO] [restartedMain] [o.a.catalina.core.StandardEngine] - Starting Servlet engine: [Apache Tomcat/10.1.39]
2025-05-10 00:40:45.469 [INFO] [restartedMain] [o.a.c.c.C.[Tomcat].[localhost].[/]] - Initializing Spring embedded WebApplicationContext
2025-05-10 00:40:45.469 [INFO] [restartedMain] [o.s.b.w.s.c.ServletWebServerApplicationContext] - Root WebApplicationContext: initialization completed in 683 ms
2025-05-10 00:40:45.499 [INFO] [restartedMain] [o.h.jpa.internal.util.LogHelper] - HHH000204: Processing PersistenceUnitInfo [name: default]
2025-05-10 00:40:45.506 [INFO] [restartedMain] [o.h.c.i.RegionFactoryInitiator] - HHH000026: Second-level cache disabled
2025-05-10 00:40:45.520 [INFO] [restartedMain] [o.s.o.j.p.SpringPersistenceUnitInfo] - No LoadTimeWeaver setup: ignoring JPA class transformer
2025-05-10 00:40:45.522 [INFO] [restartedMain] [com.zaxxer.hikari.HikariDataSource] - HikariPool-13 - Starting...
2025-05-10 00:40:45.524 [INFO] [restartedMain] [com.zaxxer.hikari.pool.HikariPool] - HikariPool-13 - Added connection org.mariadb.jdbc.MariaDbConnection@30563867
2025-05-10 00:40:45.525 [INFO] [restartedMain] [com.zaxxer.hikari.HikariDataSource] - HikariPool-13 - Start completed.
2025-05-10 00:40:45.526 [INFO] [restartedMain] [o.hibernate.orm.connections.pooling] - HHH10001005: Database info:
	Database JDBC URL [Connecting through datasource 'HikariDataSource (HikariPool-13)']
	Database driver: undefined/unknown
	Database version: 11.7.2
	Autocommit mode: undefined/unknown
	Isolation level: undefined/unknown
	Minimum pool size: undefined/unknown
	Maximum pool size: undefined/unknown
2025-05-10 00:40:45.709 [INFO] [restartedMain] [o.h.e.t.j.p.i.JtaPlatformInitiator] - HHH000489: No JTA platform available (set 'hibernate.transaction.jta.platform' to enable JTA platform integration)
2025-05-10 00:40:45.736 [INFO] [restartedMain] [o.s.o.j.LocalContainerEntityManagerFactoryBean] - Initialized JPA EntityManagerFactory for persistence unit 'default'
2025-05-10 00:40:45.914 [INFO] [restartedMain] [o.s.s.c.a.a.c.InitializeUserDetailsBeanManagerConfigurer$InitializeUserDetailsManagerConfigurer] - Global AuthenticationManager configured with UserDetailsService bean with name inMemoryUserDetailsManager
2025-05-10 00:40:45.920 [INFO] [restartedMain] [o.s.b.a.w.s.WelcomePageHandlerMapping] - Adding welcome page: class path resource [static/index.html]
2025-05-10 00:40:46.252 [INFO] [restartedMain] [o.s.v.b.OptionalValidatorFactoryBean] - Failed to set up a Bean Validation provider: jakarta.validation.NoProviderFoundException: Unable to create a Configuration, because no Jakarta Bean Validation provider could be found. Add a provider like Hibernate Validator (RI) to your classpath.
2025-05-10 00:40:46.324 [INFO] [restartedMain] [o.s.b.d.a.OptionalLiveReloadServer] - LiveReload server is running on port 35729
2025-05-10 00:40:46.330 [INFO] [restartedMain] [o.a.coyote.http11.Http11NioProtocol] - Starting ProtocolHandler ["http-nio-8080"]
2025-05-10 00:40:46.333 [INFO] [restartedMain] [o.s.b.w.e.tomcat.TomcatWebServer] - Tomcat started on port 8080 (http) with context path '/'
2025-05-10 00:40:46.336 [INFO] [restartedMain] [c.g.aigroove.AigrooveApplication] - Started AigrooveApplication in 1.6 seconds (process running for 3403.447)
2025-05-10 00:40:46.337 [INFO] [restartedMain] [o.s.b.d.a.ConditionEvaluationDeltaLoggingListener] - Condition evaluation unchanged
2025-05-10 00:41:12.643 [INFO] [File Watcher] [o.s.b.d.a.LocalDevToolsAutoConfiguration$RestartingClassPathChangeChangedEventListener] - Restarting due to 1 class path change (0 additions, 0 deletions, 1 modification)
2025-05-10 00:41:12.645 [INFO] [Thread-51] [o.s.b.w.e.tomcat.GracefulShutdown] - Commencing graceful shutdown. Waiting for active requests to complete
2025-05-10 00:41:12.645 [INFO] [tomcat-shutdown] [o.a.coyote.http11.Http11NioProtocol] - Pausing ProtocolHandler ["http-nio-8080"]
2025-05-10 00:41:12.732 [INFO] [tomcat-shutdown] [o.s.b.w.e.tomcat.GracefulShutdown] - Graceful shutdown complete
2025-05-10 00:41:12.732 [INFO] [Thread-51] [o.a.coyote.http11.Http11NioProtocol] - Stopping ProtocolHandler ["http-nio-8080"]
2025-05-10 00:41:12.734 [INFO] [Thread-51] [o.s.o.j.LocalContainerEntityManagerFactoryBean] - Closing JPA EntityManagerFactory for persistence unit 'default'
2025-05-10 00:41:12.734 [INFO] [Thread-51] [com.zaxxer.hikari.HikariDataSource] - HikariPool-13 - Shutdown initiated...
2025-05-10 00:41:12.736 [INFO] [Thread-51] [com.zaxxer.hikari.HikariDataSource] - HikariPool-13 - Shutdown completed.
2025-05-10 00:41:12.852 [INFO] [restartedMain] [c.g.aigroove.AigrooveApplication] - Starting AigrooveApplication using Java 17.0.15 with PID 12236 (C:\dev\AIGroove_api\aigroove\bin\main started by 문유신 in C:\dev\AIGroove_api\aigroove)
2025-05-10 00:41:12.852 [INFO] [restartedMain] [c.g.aigroove.AigrooveApplication] - No active profile set, falling back to 1 default profile: "default"
2025-05-10 00:41:13.180 [INFO] [restartedMain] [o.s.d.r.c.RepositoryConfigurationDelegate] - Bootstrapping Spring Data JPA repositories in DEFAULT mode.
2025-05-10 00:41:13.246 [INFO] [restartedMain] [o.s.d.r.c.RepositoryConfigurationDelegate] - Finished Spring Data repository scanning in 64 ms. Found 11 JPA repository interfaces.
2025-05-10 00:41:13.380 [INFO] [restartedMain] [o.s.b.w.e.tomcat.TomcatWebServer] - Tomcat initialized with port 8080 (http)
2025-05-10 00:41:13.382 [INFO] [restartedMain] [o.a.coyote.http11.Http11NioProtocol] - Initializing ProtocolHandler ["http-nio-8080"]
2025-05-10 00:41:13.383 [INFO] [restartedMain] [o.a.catalina.core.StandardService] - Starting service [Tomcat]
2025-05-10 00:41:13.383 [INFO] [restartedMain] [o.a.catalina.core.StandardEngine] - Starting Servlet engine: [Apache Tomcat/10.1.39]
2025-05-10 00:41:13.418 [INFO] [restartedMain] [o.a.c.c.C.[Tomcat].[localhost].[/]] - Initializing Spring embedded WebApplicationContext
2025-05-10 00:41:13.418 [INFO] [restartedMain] [o.s.b.w.s.c.ServletWebServerApplicationContext] - Root WebApplicationContext: initialization completed in 563 ms
2025-05-10 00:41:13.470 [INFO] [restartedMain] [o.h.jpa.internal.util.LogHelper] - HHH000204: Processing PersistenceUnitInfo [name: default]
2025-05-10 00:41:13.479 [INFO] [restartedMain] [o.h.c.i.RegionFactoryInitiator] - HHH000026: Second-level cache disabled
2025-05-10 00:41:13.495 [INFO] [restartedMain] [o.s.o.j.p.SpringPersistenceUnitInfo] - No LoadTimeWeaver setup: ignoring JPA class transformer
2025-05-10 00:41:13.497 [INFO] [restartedMain] [com.zaxxer.hikari.HikariDataSource] - HikariPool-14 - Starting...
2025-05-10 00:41:13.500 [INFO] [restartedMain] [com.zaxxer.hikari.pool.HikariPool] - HikariPool-14 - Added connection org.mariadb.jdbc.MariaDbConnection@526783b7
2025-05-10 00:41:13.500 [INFO] [restartedMain] [com.zaxxer.hikari.HikariDataSource] - HikariPool-14 - Start completed.
2025-05-10 00:41:13.501 [INFO] [restartedMain] [o.hibernate.orm.connections.pooling] - HHH10001005: Database info:
	Database JDBC URL [Connecting through datasource 'HikariDataSource (HikariPool-14)']
	Database driver: undefined/unknown
	Database version: 11.7.2
	Autocommit mode: undefined/unknown
	Isolation level: undefined/unknown
	Minimum pool size: undefined/unknown
	Maximum pool size: undefined/unknown
2025-05-10 00:41:13.676 [INFO] [restartedMain] [o.h.e.t.j.p.i.JtaPlatformInitiator] - HHH000489: No JTA platform available (set 'hibernate.transaction.jta.platform' to enable JTA platform integration)
2025-05-10 00:41:13.712 [INFO] [restartedMain] [o.s.o.j.LocalContainerEntityManagerFactoryBean] - Initialized JPA EntityManagerFactory for persistence unit 'default'
2025-05-10 00:41:13.920 [INFO] [restartedMain] [o.s.s.c.a.a.c.InitializeUserDetailsBeanManagerConfigurer$InitializeUserDetailsManagerConfigurer] - Global AuthenticationManager configured with UserDetailsService bean with name inMemoryUserDetailsManager
2025-05-10 00:41:13.924 [INFO] [restartedMain] [o.s.b.a.w.s.WelcomePageHandlerMapping] - Adding welcome page: class path resource [static/index.html]
2025-05-10 00:41:14.255 [INFO] [restartedMain] [o.s.v.b.OptionalValidatorFactoryBean] - Failed to set up a Bean Validation provider: jakarta.validation.NoProviderFoundException: Unable to create a Configuration, because no Jakarta Bean Validation provider could be found. Add a provider like Hibernate Validator (RI) to your classpath.
2025-05-10 00:41:14.333 [INFO] [restartedMain] [o.s.b.d.a.OptionalLiveReloadServer] - LiveReload server is running on port 35729
2025-05-10 00:41:14.340 [INFO] [restartedMain] [o.a.coyote.http11.Http11NioProtocol] - Starting ProtocolHandler ["http-nio-8080"]
2025-05-10 00:41:14.343 [INFO] [restartedMain] [o.s.b.w.e.tomcat.TomcatWebServer] - Tomcat started on port 8080 (http) with context path '/'
2025-05-10 00:41:14.346 [INFO] [restartedMain] [c.g.aigroove.AigrooveApplication] - Started AigrooveApplication in 1.535 seconds (process running for 3431.457)
2025-05-10 00:41:14.347 [INFO] [restartedMain] [o.s.b.d.a.ConditionEvaluationDeltaLoggingListener] - Condition evaluation unchanged
2025-05-10 00:41:20.357 [INFO] [http-nio-8080-exec-1] [o.a.c.c.C.[Tomcat].[localhost].[/]] - Initializing Spring DispatcherServlet 'dispatcherServlet'
2025-05-10 00:41:20.358 [INFO] [http-nio-8080-exec-1] [o.s.web.servlet.DispatcherServlet] - Initializing Servlet 'dispatcherServlet'
2025-05-10 00:41:20.359 [INFO] [http-nio-8080-exec-1] [o.s.web.servlet.DispatcherServlet] - Completed initialization in 1 ms
2025-05-10 00:41:33.431 [INFO] [File Watcher] [o.s.b.d.a.LocalDevToolsAutoConfiguration$RestartingClassPathChangeChangedEventListener] - Restarting due to 2 class path changes (0 additions, 0 deletions, 2 modifications)
2025-05-10 00:41:33.433 [INFO] [Thread-55] [o.s.b.w.e.tomcat.GracefulShutdown] - Commencing graceful shutdown. Waiting for active requests to complete
2025-05-10 00:41:33.434 [INFO] [tomcat-shutdown] [o.a.coyote.http11.Http11NioProtocol] - Pausing ProtocolHandler ["http-nio-8080"]
2025-05-10 00:41:33.519 [INFO] [tomcat-shutdown] [o.s.b.w.e.tomcat.GracefulShutdown] - Graceful shutdown complete
2025-05-10 00:41:33.520 [INFO] [Thread-55] [o.a.coyote.http11.Http11NioProtocol] - Stopping ProtocolHandler ["http-nio-8080"]
2025-05-10 00:41:33.521 [INFO] [Thread-55] [o.s.o.j.LocalContainerEntityManagerFactoryBean] - Closing JPA EntityManagerFactory for persistence unit 'default'
2025-05-10 00:41:33.522 [INFO] [Thread-55] [com.zaxxer.hikari.HikariDataSource] - HikariPool-14 - Shutdown initiated...
2025-05-10 00:41:33.523 [INFO] [Thread-55] [com.zaxxer.hikari.HikariDataSource] - HikariPool-14 - Shutdown completed.
2025-05-10 00:41:33.621 [INFO] [restartedMain] [c.g.aigroove.AigrooveApplication] - Starting AigrooveApplication using Java 17.0.15 with PID 12236 (C:\dev\AIGroove_api\aigroove\bin\main started by 문유신 in C:\dev\AIGroove_api\aigroove)
2025-05-10 00:41:33.622 [INFO] [restartedMain] [c.g.aigroove.AigrooveApplication] - No active profile set, falling back to 1 default profile: "default"
2025-05-10 00:41:33.914 [INFO] [restartedMain] [o.s.d.r.c.RepositoryConfigurationDelegate] - Bootstrapping Spring Data JPA repositories in DEFAULT mode.
2025-05-10 00:41:33.953 [INFO] [restartedMain] [o.s.d.r.c.RepositoryConfigurationDelegate] - Finished Spring Data repository scanning in 37 ms. Found 11 JPA repository interfaces.
2025-05-10 00:41:34.043 [INFO] [restartedMain] [o.s.b.w.e.tomcat.TomcatWebServer] - Tomcat initialized with port 8080 (http)
2025-05-10 00:41:34.044 [INFO] [restartedMain] [o.a.coyote.http11.Http11NioProtocol] - Initializing ProtocolHandler ["http-nio-8080"]
2025-05-10 00:41:34.045 [INFO] [restartedMain] [o.a.catalina.core.StandardService] - Starting service [Tomcat]
2025-05-10 00:41:34.045 [INFO] [restartedMain] [o.a.catalina.core.StandardEngine] - Starting Servlet engine: [Apache Tomcat/10.1.39]
2025-05-10 00:41:34.065 [INFO] [restartedMain] [o.a.c.c.C.[Tomcat].[localhost].[/]] - Initializing Spring embedded WebApplicationContext
2025-05-10 00:41:34.066 [INFO] [restartedMain] [o.s.b.w.s.c.ServletWebServerApplicationContext] - Root WebApplicationContext: initialization completed in 442 ms
2025-05-10 00:41:34.098 [INFO] [restartedMain] [o.h.jpa.internal.util.LogHelper] - HHH000204: Processing PersistenceUnitInfo [name: default]
2025-05-10 00:41:34.102 [INFO] [restartedMain] [o.h.c.i.RegionFactoryInitiator] - HHH000026: Second-level cache disabled
2025-05-10 00:41:34.113 [INFO] [restartedMain] [o.s.o.j.p.SpringPersistenceUnitInfo] - No LoadTimeWeaver setup: ignoring JPA class transformer
2025-05-10 00:41:34.114 [INFO] [restartedMain] [com.zaxxer.hikari.HikariDataSource] - HikariPool-15 - Starting...
2025-05-10 00:41:34.116 [INFO] [restartedMain] [com.zaxxer.hikari.pool.HikariPool] - HikariPool-15 - Added connection org.mariadb.jdbc.MariaDbConnection@1ae6ebbe
2025-05-10 00:41:34.117 [INFO] [restartedMain] [com.zaxxer.hikari.HikariDataSource] - HikariPool-15 - Start completed.
2025-05-10 00:41:34.118 [INFO] [restartedMain] [o.hibernate.orm.connections.pooling] - HHH10001005: Database info:
	Database JDBC URL [Connecting through datasource 'HikariDataSource (HikariPool-15)']
	Database driver: undefined/unknown
	Database version: 11.7.2
	Autocommit mode: undefined/unknown
	Isolation level: undefined/unknown
	Minimum pool size: undefined/unknown
	Maximum pool size: undefined/unknown
2025-05-10 00:41:34.254 [INFO] [restartedMain] [o.h.e.t.j.p.i.JtaPlatformInitiator] - HHH000489: No JTA platform available (set 'hibernate.transaction.jta.platform' to enable JTA platform integration)
2025-05-10 00:41:34.281 [INFO] [restartedMain] [o.s.o.j.LocalContainerEntityManagerFactoryBean] - Initialized JPA EntityManagerFactory for persistence unit 'default'
2025-05-10 00:41:34.441 [INFO] [restartedMain] [o.s.s.c.a.a.c.InitializeUserDetailsBeanManagerConfigurer$InitializeUserDetailsManagerConfigurer] - Global AuthenticationManager configured with UserDetailsService bean with name inMemoryUserDetailsManager
2025-05-10 00:41:34.447 [INFO] [restartedMain] [o.s.b.a.w.s.WelcomePageHandlerMapping] - Adding welcome page: class path resource [static/index.html]
2025-05-10 00:41:34.710 [INFO] [restartedMain] [o.s.v.b.OptionalValidatorFactoryBean] - Failed to set up a Bean Validation provider: jakarta.validation.NoProviderFoundException: Unable to create a Configuration, because no Jakarta Bean Validation provider could be found. Add a provider like Hibernate Validator (RI) to your classpath.
2025-05-10 00:41:34.760 [INFO] [restartedMain] [o.s.b.d.a.OptionalLiveReloadServer] - LiveReload server is running on port 35729
2025-05-10 00:41:34.766 [INFO] [restartedMain] [o.a.coyote.http11.Http11NioProtocol] - Starting ProtocolHandler ["http-nio-8080"]
2025-05-10 00:41:34.769 [INFO] [restartedMain] [o.s.b.w.e.tomcat.TomcatWebServer] - Tomcat started on port 8080 (http) with context path '/'
2025-05-10 00:41:34.772 [INFO] [restartedMain] [c.g.aigroove.AigrooveApplication] - Started AigrooveApplication in 1.182 seconds (process running for 3451.882)
2025-05-10 00:41:34.772 [INFO] [restartedMain] [o.s.b.d.a.ConditionEvaluationDeltaLoggingListener] - Condition evaluation unchanged
2025-05-10 00:41:37.970 [INFO] [http-nio-8080-exec-1] [o.a.c.c.C.[Tomcat].[localhost].[/]] - Initializing Spring DispatcherServlet 'dispatcherServlet'
2025-05-10 00:41:37.970 [INFO] [http-nio-8080-exec-1] [o.s.web.servlet.DispatcherServlet] - Initializing Servlet 'dispatcherServlet'
2025-05-10 00:41:37.971 [INFO] [http-nio-8080-exec-1] [o.s.web.servlet.DispatcherServlet] - Completed initialization in 1 ms
2025-05-10 00:45:59.294 [INFO] [File Watcher] [o.s.b.d.a.LocalDevToolsAutoConfiguration$RestartingClassPathChangeChangedEventListener] - Restarting due to 83 class path changes (0 additions, 1 deletion, 82 modifications)
2025-05-10 00:45:59.296 [INFO] [Thread-59] [o.s.b.w.e.tomcat.GracefulShutdown] - Commencing graceful shutdown. Waiting for active requests to complete
2025-05-10 00:45:59.297 [INFO] [tomcat-shutdown] [o.a.coyote.http11.Http11NioProtocol] - Pausing ProtocolHandler ["http-nio-8080"]
2025-05-10 00:45:59.424 [INFO] [tomcat-shutdown] [o.s.b.w.e.tomcat.GracefulShutdown] - Graceful shutdown complete
2025-05-10 00:45:59.425 [INFO] [Thread-59] [o.a.coyote.http11.Http11NioProtocol] - Stopping ProtocolHandler ["http-nio-8080"]
2025-05-10 00:45:59.427 [INFO] [Thread-59] [o.s.o.j.LocalContainerEntityManagerFactoryBean] - Closing JPA EntityManagerFactory for persistence unit 'default'
2025-05-10 00:45:59.428 [INFO] [Thread-59] [com.zaxxer.hikari.HikariDataSource] - HikariPool-15 - Shutdown initiated...
2025-05-10 00:45:59.431 [INFO] [Thread-59] [com.zaxxer.hikari.HikariDataSource] - HikariPool-15 - Shutdown completed.
2025-05-10 00:45:59.581 [INFO] [restartedMain] [c.g.aigroove.AigrooveApplication] - Starting AigrooveApplication using Java 17.0.15 with PID 12236 (C:\dev\AIGroove_api\aigroove\bin\main started by 문유신 in C:\dev\AIGroove_api\aigroove)
2025-05-10 00:45:59.582 [INFO] [restartedMain] [c.g.aigroove.AigrooveApplication] - No active profile set, falling back to 1 default profile: "default"
2025-05-10 00:45:59.884 [INFO] [restartedMain] [o.s.d.r.c.RepositoryConfigurationDelegate] - Bootstrapping Spring Data JPA repositories in DEFAULT mode.
2025-05-10 00:45:59.931 [INFO] [restartedMain] [o.s.d.r.c.RepositoryConfigurationDelegate] - Finished Spring Data repository scanning in 45 ms. Found 11 JPA repository interfaces.
2025-05-10 00:46:00.045 [INFO] [restartedMain] [o.s.b.w.e.tomcat.TomcatWebServer] - Tomcat initialized with port 8080 (http)
2025-05-10 00:46:00.047 [INFO] [restartedMain] [o.a.coyote.http11.Http11NioProtocol] - Initializing ProtocolHandler ["http-nio-8080"]
2025-05-10 00:46:00.047 [INFO] [restartedMain] [o.a.catalina.core.StandardService] - Starting service [Tomcat]
2025-05-10 00:46:00.048 [INFO] [restartedMain] [o.a.catalina.core.StandardEngine] - Starting Servlet engine: [Apache Tomcat/10.1.39]
2025-05-10 00:46:00.067 [INFO] [restartedMain] [o.a.c.c.C.[Tomcat].[localhost].[/]] - Initializing Spring embedded WebApplicationContext
2025-05-10 00:46:00.067 [INFO] [restartedMain] [o.s.b.w.s.c.ServletWebServerApplicationContext] - Root WebApplicationContext: initialization completed in 482 ms
2025-05-10 00:46:00.097 [INFO] [restartedMain] [o.h.jpa.internal.util.LogHelper] - HHH000204: Processing PersistenceUnitInfo [name: default]
2025-05-10 00:46:00.102 [INFO] [restartedMain] [o.h.c.i.RegionFactoryInitiator] - HHH000026: Second-level cache disabled
2025-05-10 00:46:00.114 [INFO] [restartedMain] [o.s.o.j.p.SpringPersistenceUnitInfo] - No LoadTimeWeaver setup: ignoring JPA class transformer
2025-05-10 00:46:00.116 [INFO] [restartedMain] [com.zaxxer.hikari.HikariDataSource] - HikariPool-16 - Starting...
2025-05-10 00:46:00.117 [INFO] [restartedMain] [com.zaxxer.hikari.pool.HikariPool] - HikariPool-16 - Added connection org.mariadb.jdbc.MariaDbConnection@6a6ca69c
2025-05-10 00:46:00.118 [INFO] [restartedMain] [com.zaxxer.hikari.HikariDataSource] - HikariPool-16 - Start completed.
2025-05-10 00:46:00.119 [INFO] [restartedMain] [o.hibernate.orm.connections.pooling] - HHH10001005: Database info:
	Database JDBC URL [Connecting through datasource 'HikariDataSource (HikariPool-16)']
	Database driver: undefined/unknown
	Database version: 11.7.2
	Autocommit mode: undefined/unknown
	Isolation level: undefined/unknown
	Minimum pool size: undefined/unknown
	Maximum pool size: undefined/unknown
2025-05-10 00:46:00.248 [INFO] [restartedMain] [o.h.e.t.j.p.i.JtaPlatformInitiator] - HHH000489: No JTA platform available (set 'hibernate.transaction.jta.platform' to enable JTA platform integration)
2025-05-10 00:46:00.272 [INFO] [restartedMain] [o.s.o.j.LocalContainerEntityManagerFactoryBean] - Initialized JPA EntityManagerFactory for persistence unit 'default'
2025-05-10 00:46:00.438 [INFO] [restartedMain] [o.s.s.c.a.a.c.InitializeUserDetailsBeanManagerConfigurer$InitializeUserDetailsManagerConfigurer] - Global AuthenticationManager configured with UserDetailsService bean with name inMemoryUserDetailsManager
2025-05-10 00:46:00.446 [INFO] [restartedMain] [o.s.b.a.w.s.WelcomePageHandlerMapping] - Adding welcome page: class path resource [static/index.html]
2025-05-10 00:46:00.804 [INFO] [restartedMain] [o.s.v.b.OptionalValidatorFactoryBean] - Failed to set up a Bean Validation provider: jakarta.validation.NoProviderFoundException: Unable to create a Configuration, because no Jakarta Bean Validation provider could be found. Add a provider like Hibernate Validator (RI) to your classpath.
2025-05-10 00:46:00.898 [INFO] [restartedMain] [o.s.b.d.a.OptionalLiveReloadServer] - LiveReload server is running on port 35729
2025-05-10 00:46:00.904 [INFO] [restartedMain] [o.a.coyote.http11.Http11NioProtocol] - Starting ProtocolHandler ["http-nio-8080"]
2025-05-10 00:46:00.908 [INFO] [restartedMain] [o.s.b.w.e.tomcat.TomcatWebServer] - Tomcat started on port 8080 (http) with context path '/'
2025-05-10 00:46:00.911 [INFO] [restartedMain] [c.g.aigroove.AigrooveApplication] - Started AigrooveApplication in 1.385 seconds (process running for 3718.022)
2025-05-10 00:46:00.912 [INFO] [restartedMain] [o.s.b.d.a.ConditionEvaluationDeltaLoggingListener] - Condition evaluation unchanged
2025-05-10 00:48:18.673 [INFO] [restartedMain] [c.g.aigroove.AigrooveApplication] - Starting AigrooveApplication using Java 17.0.15 with PID 4384 (C:\dev\AIGroove_api\aigroove\bin\main started by 문유신 in C:\dev\AIGroove_api\aigroove)
2025-05-10 00:48:18.675 [INFO] [restartedMain] [c.g.aigroove.AigrooveApplication] - No active profile set, falling back to 1 default profile: "default"
2025-05-10 00:48:18.745 [INFO] [restartedMain] [o.s.b.d.e.DevToolsPropertyDefaultsPostProcessor] - Devtools property defaults active! Set 'spring.devtools.add-properties' to 'false' to disable
2025-05-10 00:48:18.746 [INFO] [restartedMain] [o.s.b.d.e.DevToolsPropertyDefaultsPostProcessor] - For additional web related logging consider setting the 'logging.level.web' property to 'DEBUG'
2025-05-10 00:48:20.204 [INFO] [restartedMain] [o.s.d.r.c.RepositoryConfigurationDelegate] - Bootstrapping Spring Data JPA repositories in DEFAULT mode.
2025-05-10 00:48:20.355 [INFO] [restartedMain] [o.s.d.r.c.RepositoryConfigurationDelegate] - Finished Spring Data repository scanning in 134 ms. Found 11 JPA repository interfaces.
2025-05-10 00:48:21.312 [INFO] [restartedMain] [o.s.b.w.e.tomcat.TomcatWebServer] - Tomcat initialized with port 8080 (http)
2025-05-10 00:48:21.332 [INFO] [restartedMain] [o.a.coyote.http11.Http11NioProtocol] - Initializing ProtocolHandler ["http-nio-8080"]
2025-05-10 00:48:21.336 [INFO] [restartedMain] [o.a.catalina.core.StandardService] - Starting service [Tomcat]
2025-05-10 00:48:21.337 [INFO] [restartedMain] [o.a.catalina.core.StandardEngine] - Starting Servlet engine: [Apache Tomcat/10.1.39]
2025-05-10 00:48:21.443 [INFO] [restartedMain] [o.a.c.c.C.[Tomcat].[localhost].[/]] - Initializing Spring embedded WebApplicationContext
2025-05-10 00:48:21.444 [INFO] [restartedMain] [o.s.b.w.s.c.ServletWebServerApplicationContext] - Root WebApplicationContext: initialization completed in 2696 ms
2025-05-10 00:48:21.669 [INFO] [restartedMain] [o.h.jpa.internal.util.LogHelper] - HHH000204: Processing PersistenceUnitInfo [name: default]
2025-05-10 00:48:21.791 [INFO] [restartedMain] [org.hibernate.Version] - HHH000412: Hibernate ORM core version 6.6.11.Final
2025-05-10 00:48:21.877 [INFO] [restartedMain] [o.h.c.i.RegionFactoryInitiator] - HHH000026: Second-level cache disabled
2025-05-10 00:48:22.495 [INFO] [restartedMain] [o.s.o.j.p.SpringPersistenceUnitInfo] - No LoadTimeWeaver setup: ignoring JPA class transformer
2025-05-10 00:48:22.543 [INFO] [restartedMain] [com.zaxxer.hikari.HikariDataSource] - HikariPool-1 - Starting...
2025-05-10 00:48:22.610 [INFO] [restartedMain] [com.zaxxer.hikari.pool.HikariPool] - HikariPool-1 - Added connection org.mariadb.jdbc.MariaDbConnection@29685c76
2025-05-10 00:48:22.613 [INFO] [restartedMain] [com.zaxxer.hikari.HikariDataSource] - HikariPool-1 - Start completed.
2025-05-10 00:48:22.703 [INFO] [restartedMain] [o.hibernate.orm.connections.pooling] - HHH10001005: Database info:
	Database JDBC URL [Connecting through datasource 'HikariDataSource (HikariPool-1)']
	Database driver: undefined/unknown
	Database version: 11.7.2
	Autocommit mode: undefined/unknown
	Isolation level: undefined/unknown
	Minimum pool size: undefined/unknown
	Maximum pool size: undefined/unknown
2025-05-10 00:48:24.115 [INFO] [restartedMain] [o.h.e.t.j.p.i.JtaPlatformInitiator] - HHH000489: No JTA platform available (set 'hibernate.transaction.jta.platform' to enable JTA platform integration)
2025-05-10 00:48:24.196 [INFO] [restartedMain] [o.s.o.j.LocalContainerEntityManagerFactoryBean] - Initialized JPA EntityManagerFactory for persistence unit 'default'
2025-05-10 00:48:25.268 [INFO] [restartedMain] [o.s.s.c.a.a.c.InitializeUserDetailsBeanManagerConfigurer$InitializeUserDetailsManagerConfigurer] - Global AuthenticationManager configured with UserDetailsService bean with name inMemoryUserDetailsManager
2025-05-10 00:48:25.429 [INFO] [restartedMain] [o.s.b.a.w.s.WelcomePageHandlerMapping] - Adding welcome page: class path resource [static/index.html]
2025-05-10 00:48:26.845 [INFO] [restartedMain] [o.s.v.b.OptionalValidatorFactoryBean] - Failed to set up a Bean Validation provider: jakarta.validation.NoProviderFoundException: Unable to create a Configuration, because no Jakarta Bean Validation provider could be found. Add a provider like Hibernate Validator (RI) to your classpath.
2025-05-10 00:48:27.250 [INFO] [restartedMain] [o.s.b.d.a.OptionalLiveReloadServer] - LiveReload server is running on port 35729
2025-05-10 00:48:27.275 [INFO] [restartedMain] [o.a.coyote.http11.Http11NioProtocol] - Starting ProtocolHandler ["http-nio-8080"]
2025-05-10 00:48:27.306 [INFO] [restartedMain] [o.s.b.w.e.tomcat.TomcatWebServer] - Tomcat started on port 8080 (http) with context path '/'
2025-05-10 00:48:27.322 [INFO] [restartedMain] [c.g.aigroove.AigrooveApplication] - Started AigrooveApplication in 9.286 seconds (process running for 10.017)
2025-05-10 00:48:28.606 [INFO] [http-nio-8080-exec-1] [o.a.c.c.C.[Tomcat].[localhost].[/]] - Initializing Spring DispatcherServlet 'dispatcherServlet'
2025-05-10 00:48:28.607 [INFO] [http-nio-8080-exec-1] [o.s.web.servlet.DispatcherServlet] - Initializing Servlet 'dispatcherServlet'
2025-05-10 00:48:28.608 [INFO] [http-nio-8080-exec-1] [o.s.web.servlet.DispatcherServlet] - Completed initialization in 1 ms
2025-05-10 13:28:43.735 [INFO] [restartedMain] [c.g.aigroove.AigrooveApplication] - Starting AigrooveApplication using Java 17.0.15 with PID 12672 (C:\dev\AIGroove_api\aigroove\bin\main started by 문유신 in C:\dev\AIGroove_api\aigroove)
2025-05-10 13:28:43.738 [INFO] [restartedMain] [c.g.aigroove.AigrooveApplication] - No active profile set, falling back to 1 default profile: "default"
2025-05-10 13:28:43.819 [INFO] [restartedMain] [o.s.b.d.e.DevToolsPropertyDefaultsPostProcessor] - Devtools property defaults active! Set 'spring.devtools.add-properties' to 'false' to disable
2025-05-10 13:28:43.820 [INFO] [restartedMain] [o.s.b.d.e.DevToolsPropertyDefaultsPostProcessor] - For additional web related logging consider setting the 'logging.level.web' property to 'DEBUG'
2025-05-10 13:28:45.362 [INFO] [restartedMain] [o.s.d.r.c.RepositoryConfigurationDelegate] - Bootstrapping Spring Data JPA repositories in DEFAULT mode.
2025-05-10 13:28:45.494 [INFO] [restartedMain] [o.s.d.r.c.RepositoryConfigurationDelegate] - Finished Spring Data repository scanning in 119 ms. Found 11 JPA repository interfaces.
2025-05-10 13:28:46.548 [INFO] [restartedMain] [o.s.b.w.e.tomcat.TomcatWebServer] - Tomcat initialized with port 8080 (http)
2025-05-10 13:28:46.569 [INFO] [restartedMain] [o.a.coyote.http11.Http11NioProtocol] - Initializing ProtocolHandler ["http-nio-8080"]
2025-05-10 13:28:46.572 [INFO] [restartedMain] [o.a.catalina.core.StandardService] - Starting service [Tomcat]
2025-05-10 13:28:46.573 [INFO] [restartedMain] [o.a.catalina.core.StandardEngine] - Starting Servlet engine: [Apache Tomcat/10.1.39]
2025-05-10 13:28:46.670 [INFO] [restartedMain] [o.a.c.c.C.[Tomcat].[localhost].[/]] - Initializing Spring embedded WebApplicationContext
2025-05-10 13:28:46.670 [INFO] [restartedMain] [o.s.b.w.s.c.ServletWebServerApplicationContext] - Root WebApplicationContext: initialization completed in 2848 ms
2025-05-10 13:28:46.866 [INFO] [restartedMain] [o.h.jpa.internal.util.LogHelper] - HHH000204: Processing PersistenceUnitInfo [name: default]
2025-05-10 13:28:46.978 [INFO] [restartedMain] [org.hibernate.Version] - HHH000412: Hibernate ORM core version 6.6.11.Final
2025-05-10 13:28:47.046 [INFO] [restartedMain] [o.h.c.i.RegionFactoryInitiator] - HHH000026: Second-level cache disabled
2025-05-10 13:28:47.621 [INFO] [restartedMain] [o.s.o.j.p.SpringPersistenceUnitInfo] - No LoadTimeWeaver setup: ignoring JPA class transformer
2025-05-10 13:28:47.685 [INFO] [restartedMain] [com.zaxxer.hikari.HikariDataSource] - HikariPool-1 - Starting...
2025-05-10 13:28:47.772 [INFO] [restartedMain] [com.zaxxer.hikari.pool.HikariPool] - HikariPool-1 - Added connection org.mariadb.jdbc.MariaDbConnection@41bdbfa8
2025-05-10 13:28:47.775 [INFO] [restartedMain] [com.zaxxer.hikari.HikariDataSource] - HikariPool-1 - Start completed.
2025-05-10 13:28:47.862 [INFO] [restartedMain] [o.hibernate.orm.connections.pooling] - HHH10001005: Database info:
	Database JDBC URL [Connecting through datasource 'HikariDataSource (HikariPool-1)']
	Database driver: undefined/unknown
	Database version: 11.7.2
	Autocommit mode: undefined/unknown
	Isolation level: undefined/unknown
	Minimum pool size: undefined/unknown
	Maximum pool size: undefined/unknown
2025-05-10 13:28:49.257 [INFO] [restartedMain] [o.h.e.t.j.p.i.JtaPlatformInitiator] - HHH000489: No JTA platform available (set 'hibernate.transaction.jta.platform' to enable JTA platform integration)
2025-05-10 13:28:49.332 [INFO] [restartedMain] [o.s.o.j.LocalContainerEntityManagerFactoryBean] - Initialized JPA EntityManagerFactory for persistence unit 'default'
2025-05-10 13:28:50.277 [INFO] [restartedMain] [o.s.s.c.a.a.c.InitializeUserDetailsBeanManagerConfigurer$InitializeUserDetailsManagerConfigurer] - Global AuthenticationManager configured with UserDetailsService bean with name inMemoryUserDetailsManager
2025-05-10 13:28:50.379 [INFO] [restartedMain] [o.s.b.a.w.s.WelcomePageHandlerMapping] - Adding welcome page: class path resource [static/index.html]
2025-05-10 13:28:51.563 [INFO] [restartedMain] [o.s.v.b.OptionalValidatorFactoryBean] - Failed to set up a Bean Validation provider: jakarta.validation.NoProviderFoundException: Unable to create a Configuration, because no Jakarta Bean Validation provider could be found. Add a provider like Hibernate Validator (RI) to your classpath.
2025-05-10 13:28:51.947 [INFO] [restartedMain] [o.s.b.d.a.OptionalLiveReloadServer] - LiveReload server is running on port 35729
2025-05-10 13:28:51.966 [INFO] [restartedMain] [o.a.coyote.http11.Http11NioProtocol] - Starting ProtocolHandler ["http-nio-8080"]
2025-05-10 13:28:52.000 [INFO] [restartedMain] [o.s.b.w.e.tomcat.TomcatWebServer] - Tomcat started on port 8080 (http) with context path '/'
2025-05-10 13:28:52.013 [INFO] [restartedMain] [c.g.aigroove.AigrooveApplication] - Started AigrooveApplication in 8.98 seconds (process running for 9.641)
2025-05-10 13:28:55.127 [INFO] [http-nio-8080-exec-1] [o.a.c.c.C.[Tomcat].[localhost].[/]] - Initializing Spring DispatcherServlet 'dispatcherServlet'
2025-05-10 13:28:55.127 [INFO] [http-nio-8080-exec-1] [o.s.web.servlet.DispatcherServlet] - Initializing Servlet 'dispatcherServlet'
2025-05-10 13:28:55.129 [INFO] [http-nio-8080-exec-1] [o.s.web.servlet.DispatcherServlet] - Completed initialization in 2 ms
2025-05-10 13:30:14.748 [INFO] [http-nio-8080-exec-4] [w.s.jave.ConversionOutputAnalyzer] - Unhandled message in step: 3 Line: 17 message: <[out#0/wav @ 000001d9db8d7d80] video:0KiB audio:21764KiB subtitle:0KiB other streams:0KiB global headers:0KiB muxing overhead: 0.000350%>
2025-05-10 13:38:37.282 [INFO] [File Watcher] [o.s.b.d.a.LocalDevToolsAutoConfiguration$RestartingClassPathChangeChangedEventListener] - Restarting due to 1 class path change (1 addition, 0 deletions, 0 modifications)
2025-05-10 13:38:37.287 [INFO] [Thread-5] [o.s.b.w.e.tomcat.GracefulShutdown] - Commencing graceful shutdown. Waiting for active requests to complete
2025-05-10 13:38:37.289 [INFO] [tomcat-shutdown] [o.a.coyote.http11.Http11NioProtocol] - Pausing ProtocolHandler ["http-nio-8080"]
2025-05-10 13:38:37.387 [INFO] [tomcat-shutdown] [o.s.b.w.e.tomcat.GracefulShutdown] - Graceful shutdown complete
2025-05-10 13:38:37.388 [INFO] [Thread-5] [o.a.coyote.http11.Http11NioProtocol] - Stopping ProtocolHandler ["http-nio-8080"]
2025-05-10 13:38:37.393 [INFO] [Thread-5] [o.s.o.j.LocalContainerEntityManagerFactoryBean] - Closing JPA EntityManagerFactory for persistence unit 'default'
2025-05-10 13:38:37.398 [INFO] [Thread-5] [com.zaxxer.hikari.HikariDataSource] - HikariPool-1 - Shutdown initiated...
2025-05-10 13:38:37.402 [INFO] [Thread-5] [com.zaxxer.hikari.HikariDataSource] - HikariPool-1 - Shutdown completed.
2025-05-10 13:38:37.516 [INFO] [restartedMain] [c.g.aigroove.AigrooveApplication] - Starting AigrooveApplication using Java 17.0.15 with PID 12672 (C:\dev\AIGroove_api\aigroove\bin\main started by 문유신 in C:\dev\AIGroove_api\aigroove)
2025-05-10 13:38:37.517 [INFO] [restartedMain] [c.g.aigroove.AigrooveApplication] - No active profile set, falling back to 1 default profile: "default"
2025-05-10 13:38:38.071 [INFO] [restartedMain] [o.s.d.r.c.RepositoryConfigurationDelegate] - Bootstrapping Spring Data JPA repositories in DEFAULT mode.
2025-05-10 13:38:38.141 [INFO] [restartedMain] [o.s.d.r.c.RepositoryConfigurationDelegate] - Finished Spring Data repository scanning in 67 ms. Found 11 JPA repository interfaces.
2025-05-10 13:38:38.341 [INFO] [restartedMain] [o.s.b.w.e.tomcat.TomcatWebServer] - Tomcat initialized with port 8080 (http)
2025-05-10 13:38:38.342 [INFO] [restartedMain] [o.a.coyote.http11.Http11NioProtocol] - Initializing ProtocolHandler ["http-nio-8080"]
2025-05-10 13:38:38.343 [INFO] [restartedMain] [o.a.catalina.core.StandardService] - Starting service [Tomcat]
2025-05-10 13:38:38.344 [INFO] [restartedMain] [o.a.catalina.core.StandardEngine] - Starting Servlet engine: [Apache Tomcat/10.1.39]
2025-05-10 13:38:38.375 [INFO] [restartedMain] [o.a.c.c.C.[Tomcat].[localhost].[/]] - Initializing Spring embedded WebApplicationContext
2025-05-10 13:38:38.376 [INFO] [restartedMain] [o.s.b.w.s.c.ServletWebServerApplicationContext] - Root WebApplicationContext: initialization completed in 855 ms
2025-05-10 13:38:38.428 [INFO] [restartedMain] [o.h.jpa.internal.util.LogHelper] - HHH000204: Processing PersistenceUnitInfo [name: default]
2025-05-10 13:38:38.436 [INFO] [restartedMain] [o.h.c.i.RegionFactoryInitiator] - HHH000026: Second-level cache disabled
2025-05-10 13:38:38.457 [INFO] [restartedMain] [o.s.o.j.p.SpringPersistenceUnitInfo] - No LoadTimeWeaver setup: ignoring JPA class transformer
2025-05-10 13:38:38.459 [INFO] [restartedMain] [com.zaxxer.hikari.HikariDataSource] - HikariPool-2 - Starting...
2025-05-10 13:38:38.462 [INFO] [restartedMain] [com.zaxxer.hikari.pool.HikariPool] - HikariPool-2 - Added connection org.mariadb.jdbc.MariaDbConnection@2fb16b5
2025-05-10 13:38:38.463 [INFO] [restartedMain] [com.zaxxer.hikari.HikariDataSource] - HikariPool-2 - Start completed.
2025-05-10 13:38:38.465 [INFO] [restartedMain] [o.hibernate.orm.connections.pooling] - HHH10001005: Database info:
	Database JDBC URL [Connecting through datasource 'HikariDataSource (HikariPool-2)']
	Database driver: undefined/unknown
	Database version: 11.7.2
	Autocommit mode: undefined/unknown
	Isolation level: undefined/unknown
	Minimum pool size: undefined/unknown
	Maximum pool size: undefined/unknown
2025-05-10 13:38:38.701 [INFO] [restartedMain] [o.h.e.t.j.p.i.JtaPlatformInitiator] - HHH000489: No JTA platform available (set 'hibernate.transaction.jta.platform' to enable JTA platform integration)
2025-05-10 13:38:38.739 [INFO] [restartedMain] [o.s.o.j.LocalContainerEntityManagerFactoryBean] - Initialized JPA EntityManagerFactory for persistence unit 'default'
2025-05-10 13:38:39.053 [INFO] [restartedMain] [o.s.s.c.a.a.c.InitializeUserDetailsBeanManagerConfigurer$InitializeUserDetailsManagerConfigurer] - Global AuthenticationManager configured with UserDetailsService bean with name inMemoryUserDetailsManager
2025-05-10 13:38:39.061 [INFO] [restartedMain] [o.s.b.a.w.s.WelcomePageHandlerMapping] - Adding welcome page: class path resource [static/index.html]
2025-05-10 13:38:39.611 [INFO] [restartedMain] [o.s.v.b.OptionalValidatorFactoryBean] - Failed to set up a Bean Validation provider: jakarta.validation.NoProviderFoundException: Unable to create a Configuration, because no Jakarta Bean Validation provider could be found. Add a provider like Hibernate Validator (RI) to your classpath.
2025-05-10 13:38:39.815 [INFO] [restartedMain] [o.s.b.d.a.OptionalLiveReloadServer] - LiveReload server is running on port 35729
2025-05-10 13:38:39.827 [INFO] [restartedMain] [o.a.coyote.http11.Http11NioProtocol] - Starting ProtocolHandler ["http-nio-8080"]
2025-05-10 13:38:39.831 [INFO] [restartedMain] [o.s.b.w.e.tomcat.TomcatWebServer] - Tomcat started on port 8080 (http) with context path '/'
2025-05-10 13:38:39.835 [INFO] [restartedMain] [c.g.aigroove.AigrooveApplication] - Started AigrooveApplication in 2.376 seconds (process running for 597.463)
2025-05-10 13:38:39.839 [INFO] [restartedMain] [o.s.b.d.a.ConditionEvaluationDeltaLoggingListener] - Condition evaluation unchanged
2025-05-10 13:41:10.547 [INFO] [File Watcher] [o.s.b.d.a.LocalDevToolsAutoConfiguration$RestartingClassPathChangeChangedEventListener] - Restarting due to 1 class path change (0 additions, 0 deletions, 1 modification)
2025-05-10 13:41:10.549 [INFO] [Thread-9] [o.s.b.w.e.tomcat.GracefulShutdown] - Commencing graceful shutdown. Waiting for active requests to complete
2025-05-10 13:41:10.550 [INFO] [tomcat-shutdown] [o.a.coyote.http11.Http11NioProtocol] - Pausing ProtocolHandler ["http-nio-8080"]
2025-05-10 13:41:10.649 [INFO] [tomcat-shutdown] [o.s.b.w.e.tomcat.GracefulShutdown] - Graceful shutdown complete
2025-05-10 13:41:10.649 [INFO] [Thread-9] [o.a.coyote.http11.Http11NioProtocol] - Stopping ProtocolHandler ["http-nio-8080"]
2025-05-10 13:41:10.651 [INFO] [Thread-9] [o.s.o.j.LocalContainerEntityManagerFactoryBean] - Closing JPA EntityManagerFactory for persistence unit 'default'
2025-05-10 13:41:10.652 [INFO] [Thread-9] [com.zaxxer.hikari.HikariDataSource] - HikariPool-2 - Shutdown initiated...
2025-05-10 13:41:10.658 [INFO] [Thread-9] [com.zaxxer.hikari.HikariDataSource] - HikariPool-2 - Shutdown completed.
2025-05-10 13:41:10.780 [INFO] [restartedMain] [c.g.aigroove.AigrooveApplication] - Starting AigrooveApplication using Java 17.0.15 with PID 12672 (C:\dev\AIGroove_api\aigroove\bin\main started by 문유신 in C:\dev\AIGroove_api\aigroove)
2025-05-10 13:41:10.781 [INFO] [restartedMain] [c.g.aigroove.AigrooveApplication] - No active profile set, falling back to 1 default profile: "default"
2025-05-10 13:41:11.274 [INFO] [restartedMain] [o.s.d.r.c.RepositoryConfigurationDelegate] - Bootstrapping Spring Data JPA repositories in DEFAULT mode.
2025-05-10 13:41:11.338 [INFO] [restartedMain] [o.s.d.r.c.RepositoryConfigurationDelegate] - Finished Spring Data repository scanning in 62 ms. Found 11 JPA repository interfaces.
2025-05-10 13:41:11.514 [INFO] [restartedMain] [o.s.b.w.e.tomcat.TomcatWebServer] - Tomcat initialized with port 8080 (http)
2025-05-10 13:41:11.515 [INFO] [restartedMain] [o.a.coyote.http11.Http11NioProtocol] - Initializing ProtocolHandler ["http-nio-8080"]
2025-05-10 13:41:11.515 [INFO] [restartedMain] [o.a.catalina.core.StandardService] - Starting service [Tomcat]
2025-05-10 13:41:11.516 [INFO] [restartedMain] [o.a.catalina.core.StandardEngine] - Starting Servlet engine: [Apache Tomcat/10.1.39]
2025-05-10 13:41:11.548 [INFO] [restartedMain] [o.a.c.c.C.[Tomcat].[localhost].[/]] - Initializing Spring embedded WebApplicationContext
2025-05-10 13:41:11.549 [INFO] [restartedMain] [o.s.b.w.s.c.ServletWebServerApplicationContext] - Root WebApplicationContext: initialization completed in 763 ms
2025-05-10 13:41:11.589 [INFO] [restartedMain] [o.h.jpa.internal.util.LogHelper] - HHH000204: Processing PersistenceUnitInfo [name: default]
2025-05-10 13:41:11.596 [INFO] [restartedMain] [o.h.c.i.RegionFactoryInitiator] - HHH000026: Second-level cache disabled
2025-05-10 13:41:11.612 [INFO] [restartedMain] [o.s.o.j.p.SpringPersistenceUnitInfo] - No LoadTimeWeaver setup: ignoring JPA class transformer
2025-05-10 13:41:11.614 [INFO] [restartedMain] [com.zaxxer.hikari.HikariDataSource] - HikariPool-3 - Starting...
2025-05-10 13:41:11.616 [INFO] [restartedMain] [com.zaxxer.hikari.pool.HikariPool] - HikariPool-3 - Added connection org.mariadb.jdbc.MariaDbConnection@2991a04f
2025-05-10 13:41:11.617 [INFO] [restartedMain] [com.zaxxer.hikari.HikariDataSource] - HikariPool-3 - Start completed.
2025-05-10 13:41:11.618 [INFO] [restartedMain] [o.hibernate.orm.connections.pooling] - HHH10001005: Database info:
	Database JDBC URL [Connecting through datasource 'HikariDataSource (HikariPool-3)']
	Database driver: undefined/unknown
	Database version: 11.7.2
	Autocommit mode: undefined/unknown
	Isolation level: undefined/unknown
	Minimum pool size: undefined/unknown
	Maximum pool size: undefined/unknown
2025-05-10 13:41:11.820 [INFO] [restartedMain] [o.h.e.t.j.p.i.JtaPlatformInitiator] - HHH000489: No JTA platform available (set 'hibernate.transaction.jta.platform' to enable JTA platform integration)
2025-05-10 13:41:11.874 [INFO] [restartedMain] [o.s.o.j.LocalContainerEntityManagerFactoryBean] - Initialized JPA EntityManagerFactory for persistence unit 'default'
2025-05-10 13:41:12.216 [INFO] [restartedMain] [o.s.s.c.a.a.c.InitializeUserDetailsBeanManagerConfigurer$InitializeUserDetailsManagerConfigurer] - Global AuthenticationManager configured with UserDetailsService bean with name inMemoryUserDetailsManager
2025-05-10 13:41:12.223 [INFO] [restartedMain] [o.s.b.a.w.s.WelcomePageHandlerMapping] - Adding welcome page: class path resource [static/index.html]
2025-05-10 13:41:12.709 [INFO] [restartedMain] [o.s.v.b.OptionalValidatorFactoryBean] - Failed to set up a Bean Validation provider: jakarta.validation.NoProviderFoundException: Unable to create a Configuration, because no Jakarta Bean Validation provider could be found. Add a provider like Hibernate Validator (RI) to your classpath.
2025-05-10 13:41:12.805 [INFO] [restartedMain] [o.s.b.d.a.OptionalLiveReloadServer] - LiveReload server is running on port 35729
2025-05-10 13:41:12.812 [INFO] [restartedMain] [o.a.coyote.http11.Http11NioProtocol] - Starting ProtocolHandler ["http-nio-8080"]
2025-05-10 13:41:12.817 [INFO] [restartedMain] [o.s.b.w.e.tomcat.TomcatWebServer] - Tomcat started on port 8080 (http) with context path '/'
2025-05-10 13:41:12.821 [INFO] [restartedMain] [c.g.aigroove.AigrooveApplication] - Started AigrooveApplication in 2.098 seconds (process running for 750.449)
2025-05-10 13:41:12.823 [INFO] [restartedMain] [o.s.b.d.a.ConditionEvaluationDeltaLoggingListener] - Condition evaluation unchanged
2025-05-10 13:41:14.259 [INFO] [File Watcher] [o.s.b.d.a.LocalDevToolsAutoConfiguration$RestartingClassPathChangeChangedEventListener] - Restarting due to 1 class path change (0 additions, 0 deletions, 1 modification)
2025-05-10 13:41:14.260 [INFO] [Thread-13] [o.s.b.w.e.tomcat.GracefulShutdown] - Commencing graceful shutdown. Waiting for active requests to complete
2025-05-10 13:41:14.261 [INFO] [tomcat-shutdown] [o.a.coyote.http11.Http11NioProtocol] - Pausing ProtocolHandler ["http-nio-8080"]
2025-05-10 13:41:14.344 [INFO] [tomcat-shutdown] [o.s.b.w.e.tomcat.GracefulShutdown] - Graceful shutdown complete
2025-05-10 13:41:14.344 [INFO] [Thread-13] [o.a.coyote.http11.Http11NioProtocol] - Stopping ProtocolHandler ["http-nio-8080"]
2025-05-10 13:41:14.347 [INFO] [Thread-13] [o.s.o.j.LocalContainerEntityManagerFactoryBean] - Closing JPA EntityManagerFactory for persistence unit 'default'
2025-05-10 13:41:14.347 [INFO] [Thread-13] [com.zaxxer.hikari.HikariDataSource] - HikariPool-3 - Shutdown initiated...
2025-05-10 13:41:14.349 [INFO] [Thread-13] [com.zaxxer.hikari.HikariDataSource] - HikariPool-3 - Shutdown completed.
2025-05-10 13:41:14.440 [INFO] [restartedMain] [c.g.aigroove.AigrooveApplication] - Starting AigrooveApplication using Java 17.0.15 with PID 12672 (C:\dev\AIGroove_api\aigroove\bin\main started by 문유신 in C:\dev\AIGroove_api\aigroove)
2025-05-10 13:41:14.440 [INFO] [restartedMain] [c.g.aigroove.AigrooveApplication] - No active profile set, falling back to 1 default profile: "default"
2025-05-10 13:41:14.918 [INFO] [restartedMain] [o.s.d.r.c.RepositoryConfigurationDelegate] - Bootstrapping Spring Data JPA repositories in DEFAULT mode.
2025-05-10 13:41:14.992 [INFO] [restartedMain] [o.s.d.r.c.RepositoryConfigurationDelegate] - Finished Spring Data repository scanning in 71 ms. Found 11 JPA repository interfaces.
2025-05-10 13:41:15.134 [INFO] [restartedMain] [o.s.b.w.e.tomcat.TomcatWebServer] - Tomcat initialized with port 8080 (http)
2025-05-10 13:41:15.135 [INFO] [restartedMain] [o.a.coyote.http11.Http11NioProtocol] - Initializing ProtocolHandler ["http-nio-8080"]
2025-05-10 13:41:15.135 [INFO] [restartedMain] [o.a.catalina.core.StandardService] - Starting service [Tomcat]
2025-05-10 13:41:15.136 [INFO] [restartedMain] [o.a.catalina.core.StandardEngine] - Starting Servlet engine: [Apache Tomcat/10.1.39]
2025-05-10 13:41:15.170 [INFO] [restartedMain] [o.a.c.c.C.[Tomcat].[localhost].[/]] - Initializing Spring embedded WebApplicationContext
2025-05-10 13:41:15.170 [INFO] [restartedMain] [o.s.b.w.s.c.ServletWebServerApplicationContext] - Root WebApplicationContext: initialization completed in 727 ms
2025-05-10 13:41:15.217 [INFO] [restartedMain] [o.h.jpa.internal.util.LogHelper] - HHH000204: Processing PersistenceUnitInfo [name: default]
2025-05-10 13:41:15.224 [INFO] [restartedMain] [o.h.c.i.RegionFactoryInitiator] - HHH000026: Second-level cache disabled
2025-05-10 13:41:15.241 [INFO] [restartedMain] [o.s.o.j.p.SpringPersistenceUnitInfo] - No LoadTimeWeaver setup: ignoring JPA class transformer
2025-05-10 13:41:15.244 [INFO] [restartedMain] [com.zaxxer.hikari.HikariDataSource] - HikariPool-4 - Starting...
2025-05-10 13:41:15.248 [INFO] [restartedMain] [com.zaxxer.hikari.pool.HikariPool] - HikariPool-4 - Added connection org.mariadb.jdbc.MariaDbConnection@73568cbd
2025-05-10 13:41:15.249 [INFO] [restartedMain] [com.zaxxer.hikari.HikariDataSource] - HikariPool-4 - Start completed.
2025-05-10 13:41:15.251 [INFO] [restartedMain] [o.hibernate.orm.connections.pooling] - HHH10001005: Database info:
	Database JDBC URL [Connecting through datasource 'HikariDataSource (HikariPool-4)']
	Database driver: undefined/unknown
	Database version: 11.7.2
	Autocommit mode: undefined/unknown
	Isolation level: undefined/unknown
	Minimum pool size: undefined/unknown
	Maximum pool size: undefined/unknown
2025-05-10 13:41:15.533 [INFO] [restartedMain] [o.h.e.t.j.p.i.JtaPlatformInitiator] - HHH000489: No JTA platform available (set 'hibernate.transaction.jta.platform' to enable JTA platform integration)
2025-05-10 13:41:15.580 [INFO] [restartedMain] [o.s.o.j.LocalContainerEntityManagerFactoryBean] - Initialized JPA EntityManagerFactory for persistence unit 'default'
2025-05-10 13:41:15.902 [INFO] [restartedMain] [o.s.s.c.a.a.c.InitializeUserDetailsBeanManagerConfigurer$InitializeUserDetailsManagerConfigurer] - Global AuthenticationManager configured with UserDetailsService bean with name inMemoryUserDetailsManager
2025-05-10 13:41:15.918 [INFO] [restartedMain] [o.s.b.a.w.s.WelcomePageHandlerMapping] - Adding welcome page: class path resource [static/index.html]
2025-05-10 13:41:16.393 [INFO] [restartedMain] [o.s.v.b.OptionalValidatorFactoryBean] - Failed to set up a Bean Validation provider: jakarta.validation.NoProviderFoundException: Unable to create a Configuration, because no Jakarta Bean Validation provider could be found. Add a provider like Hibernate Validator (RI) to your classpath.
2025-05-10 13:41:16.492 [INFO] [restartedMain] [o.s.b.d.a.OptionalLiveReloadServer] - LiveReload server is running on port 35729
2025-05-10 13:41:16.497 [INFO] [restartedMain] [o.a.coyote.http11.Http11NioProtocol] - Starting ProtocolHandler ["http-nio-8080"]
2025-05-10 13:41:16.501 [INFO] [restartedMain] [o.s.b.w.e.tomcat.TomcatWebServer] - Tomcat started on port 8080 (http) with context path '/'
2025-05-10 13:41:16.505 [INFO] [restartedMain] [c.g.aigroove.AigrooveApplication] - Started AigrooveApplication in 2.11 seconds (process running for 754.133)
2025-05-10 13:41:16.507 [INFO] [restartedMain] [o.s.b.d.a.ConditionEvaluationDeltaLoggingListener] - Condition evaluation unchanged
2025-05-10 13:41:17.945 [INFO] [File Watcher] [o.s.b.d.a.LocalDevToolsAutoConfiguration$RestartingClassPathChangeChangedEventListener] - Restarting due to 1 class path change (0 additions, 0 deletions, 1 modification)
2025-05-10 13:41:17.946 [INFO] [Thread-17] [o.s.b.w.e.tomcat.GracefulShutdown] - Commencing graceful shutdown. Waiting for active requests to complete
2025-05-10 13:41:17.947 [INFO] [tomcat-shutdown] [o.a.coyote.http11.Http11NioProtocol] - Pausing ProtocolHandler ["http-nio-8080"]
2025-05-10 13:41:18.032 [INFO] [tomcat-shutdown] [o.s.b.w.e.tomcat.GracefulShutdown] - Graceful shutdown complete
2025-05-10 13:41:18.033 [INFO] [Thread-17] [o.a.coyote.http11.Http11NioProtocol] - Stopping ProtocolHandler ["http-nio-8080"]
2025-05-10 13:41:18.035 [INFO] [Thread-17] [o.s.o.j.LocalContainerEntityManagerFactoryBean] - Closing JPA EntityManagerFactory for persistence unit 'default'
2025-05-10 13:41:18.036 [INFO] [Thread-17] [com.zaxxer.hikari.HikariDataSource] - HikariPool-4 - Shutdown initiated...
2025-05-10 13:41:18.038 [INFO] [Thread-17] [com.zaxxer.hikari.HikariDataSource] - HikariPool-4 - Shutdown completed.
2025-05-10 13:41:18.122 [INFO] [restartedMain] [c.g.aigroove.AigrooveApplication] - Starting AigrooveApplication using Java 17.0.15 with PID 12672 (C:\dev\AIGroove_api\aigroove\bin\main started by 문유신 in C:\dev\AIGroove_api\aigroove)
2025-05-10 13:41:18.123 [INFO] [restartedMain] [c.g.aigroove.AigrooveApplication] - No active profile set, falling back to 1 default profile: "default"
2025-05-10 13:41:18.574 [INFO] [restartedMain] [o.s.d.r.c.RepositoryConfigurationDelegate] - Bootstrapping Spring Data JPA repositories in DEFAULT mode.
2025-05-10 13:41:18.637 [INFO] [restartedMain] [o.s.d.r.c.RepositoryConfigurationDelegate] - Finished Spring Data repository scanning in 60 ms. Found 11 JPA repository interfaces.
2025-05-10 13:41:18.781 [INFO] [restartedMain] [o.s.b.w.e.tomcat.TomcatWebServer] - Tomcat initialized with port 8080 (http)
2025-05-10 13:41:18.782 [INFO] [restartedMain] [o.a.coyote.http11.Http11NioProtocol] - Initializing ProtocolHandler ["http-nio-8080"]
2025-05-10 13:41:18.782 [INFO] [restartedMain] [o.a.catalina.core.StandardService] - Starting service [Tomcat]
2025-05-10 13:41:18.783 [INFO] [restartedMain] [o.a.catalina.core.StandardEngine] - Starting Servlet engine: [Apache Tomcat/10.1.39]
2025-05-10 13:41:18.807 [INFO] [restartedMain] [o.a.c.c.C.[Tomcat].[localhost].[/]] - Initializing Spring embedded WebApplicationContext
2025-05-10 13:41:18.807 [INFO] [restartedMain] [o.s.b.w.s.c.ServletWebServerApplicationContext] - Root WebApplicationContext: initialization completed in 681 ms
2025-05-10 13:41:18.837 [INFO] [restartedMain] [o.h.jpa.internal.util.LogHelper] - HHH000204: Processing PersistenceUnitInfo [name: default]
2025-05-10 13:41:18.843 [INFO] [restartedMain] [o.h.c.i.RegionFactoryInitiator] - HHH000026: Second-level cache disabled
2025-05-10 13:41:18.855 [INFO] [restartedMain] [o.s.o.j.p.SpringPersistenceUnitInfo] - No LoadTimeWeaver setup: ignoring JPA class transformer
2025-05-10 13:41:18.857 [INFO] [restartedMain] [com.zaxxer.hikari.HikariDataSource] - HikariPool-5 - Starting...
2025-05-10 13:41:18.860 [INFO] [restartedMain] [com.zaxxer.hikari.pool.HikariPool] - HikariPool-5 - Added connection org.mariadb.jdbc.MariaDbConnection@131488bb
2025-05-10 13:41:18.861 [INFO] [restartedMain] [com.zaxxer.hikari.HikariDataSource] - HikariPool-5 - Start completed.
2025-05-10 13:41:18.862 [INFO] [restartedMain] [o.hibernate.orm.connections.pooling] - HHH10001005: Database info:
	Database JDBC URL [Connecting through datasource 'HikariDataSource (HikariPool-5)']
	Database driver: undefined/unknown
	Database version: 11.7.2
	Autocommit mode: undefined/unknown
	Isolation level: undefined/unknown
	Minimum pool size: undefined/unknown
	Maximum pool size: undefined/unknown
2025-05-10 13:41:19.020 [INFO] [restartedMain] [o.h.e.t.j.p.i.JtaPlatformInitiator] - HHH000489: No JTA platform available (set 'hibernate.transaction.jta.platform' to enable JTA platform integration)
2025-05-10 13:41:19.084 [INFO] [restartedMain] [o.s.o.j.LocalContainerEntityManagerFactoryBean] - Initialized JPA EntityManagerFactory for persistence unit 'default'
2025-05-10 13:41:19.299 [INFO] [restartedMain] [o.s.s.c.a.a.c.InitializeUserDetailsBeanManagerConfigurer$InitializeUserDetailsManagerConfigurer] - Global AuthenticationManager configured with UserDetailsService bean with name inMemoryUserDetailsManager
2025-05-10 13:41:19.305 [INFO] [restartedMain] [o.s.b.a.w.s.WelcomePageHandlerMapping] - Adding welcome page: class path resource [static/index.html]
2025-05-10 13:41:19.321 [INFO] [restartedMain] [o.s.o.j.LocalContainerEntityManagerFactoryBean] - Closing JPA EntityManagerFactory for persistence unit 'default'
2025-05-10 13:41:19.322 [INFO] [restartedMain] [com.zaxxer.hikari.HikariDataSource] - HikariPool-5 - Shutdown initiated...
2025-05-10 13:41:19.324 [INFO] [restartedMain] [com.zaxxer.hikari.HikariDataSource] - HikariPool-5 - Shutdown completed.
2025-05-10 13:41:19.325 [INFO] [restartedMain] [o.a.catalina.core.StandardService] - Stopping service [Tomcat]
2025-05-10 13:41:19.332 [INFO] [restartedMain] [o.s.b.a.l.ConditionEvaluationReportLogger] - 

Error starting ApplicationContext. To display the condition evaluation report re-run your application with 'debug' enabled.
2025-05-10 13:41:27.097 [INFO] [restartedMain] [c.g.aigroove.AigrooveApplication] - Starting AigrooveApplication using Java 17.0.15 with PID 12672 (C:\dev\AIGroove_api\aigroove\bin\main started by 문유신 in C:\dev\AIGroove_api\aigroove)
2025-05-10 13:41:27.097 [INFO] [restartedMain] [c.g.aigroove.AigrooveApplication] - No active profile set, falling back to 1 default profile: "default"
2025-05-10 13:41:27.563 [INFO] [restartedMain] [o.s.d.r.c.RepositoryConfigurationDelegate] - Bootstrapping Spring Data JPA repositories in DEFAULT mode.
2025-05-10 13:41:27.626 [INFO] [restartedMain] [o.s.d.r.c.RepositoryConfigurationDelegate] - Finished Spring Data repository scanning in 61 ms. Found 11 JPA repository interfaces.
2025-05-10 13:41:27.765 [INFO] [restartedMain] [o.s.b.w.e.tomcat.TomcatWebServer] - Tomcat initialized with port 8080 (http)
2025-05-10 13:41:27.767 [INFO] [restartedMain] [o.a.coyote.http11.Http11NioProtocol] - Initializing ProtocolHandler ["http-nio-8080"]
2025-05-10 13:41:27.768 [INFO] [restartedMain] [o.a.catalina.core.StandardService] - Starting service [Tomcat]
2025-05-10 13:41:27.769 [INFO] [restartedMain] [o.a.catalina.core.StandardEngine] - Starting Servlet engine: [Apache Tomcat/10.1.39]
2025-05-10 13:41:27.808 [INFO] [restartedMain] [o.a.c.c.C.[Tomcat-1].[localhost].[/]] - Initializing Spring embedded WebApplicationContext
2025-05-10 13:41:27.808 [INFO] [restartedMain] [o.s.b.w.s.c.ServletWebServerApplicationContext] - Root WebApplicationContext: initialization completed in 708 ms
2025-05-10 13:41:27.850 [INFO] [restartedMain] [o.h.jpa.internal.util.LogHelper] - HHH000204: Processing PersistenceUnitInfo [name: default]
2025-05-10 13:41:27.856 [INFO] [restartedMain] [o.h.c.i.RegionFactoryInitiator] - HHH000026: Second-level cache disabled
2025-05-10 13:41:27.871 [INFO] [restartedMain] [o.s.o.j.p.SpringPersistenceUnitInfo] - No LoadTimeWeaver setup: ignoring JPA class transformer
2025-05-10 13:41:27.874 [INFO] [restartedMain] [com.zaxxer.hikari.HikariDataSource] - HikariPool-6 - Starting...
2025-05-10 13:41:27.876 [INFO] [restartedMain] [com.zaxxer.hikari.pool.HikariPool] - HikariPool-6 - Added connection org.mariadb.jdbc.MariaDbConnection@521e6485
2025-05-10 13:41:27.877 [INFO] [restartedMain] [com.zaxxer.hikari.HikariDataSource] - HikariPool-6 - Start completed.
2025-05-10 13:41:27.878 [INFO] [restartedMain] [o.hibernate.orm.connections.pooling] - HHH10001005: Database info:
	Database JDBC URL [Connecting through datasource 'HikariDataSource (HikariPool-6)']
	Database driver: undefined/unknown
	Database version: 11.7.2
	Autocommit mode: undefined/unknown
	Isolation level: undefined/unknown
	Minimum pool size: undefined/unknown
	Maximum pool size: undefined/unknown
2025-05-10 13:41:28.041 [INFO] [restartedMain] [o.h.e.t.j.p.i.JtaPlatformInitiator] - HHH000489: No JTA platform available (set 'hibernate.transaction.jta.platform' to enable JTA platform integration)
2025-05-10 13:41:28.071 [INFO] [restartedMain] [o.s.o.j.LocalContainerEntityManagerFactoryBean] - Initialized JPA EntityManagerFactory for persistence unit 'default'
2025-05-10 13:41:28.287 [INFO] [restartedMain] [o.s.s.c.a.a.c.InitializeUserDetailsBeanManagerConfigurer$InitializeUserDetailsManagerConfigurer] - Global AuthenticationManager configured with UserDetailsService bean with name inMemoryUserDetailsManager
2025-05-10 13:41:28.295 [INFO] [restartedMain] [o.s.b.a.w.s.WelcomePageHandlerMapping] - Adding welcome page: class path resource [static/index.html]
2025-05-10 13:41:28.654 [INFO] [restartedMain] [o.s.v.b.OptionalValidatorFactoryBean] - Failed to set up a Bean Validation provider: jakarta.validation.NoProviderFoundException: Unable to create a Configuration, because no Jakarta Bean Validation provider could be found. Add a provider like Hibernate Validator (RI) to your classpath.
2025-05-10 13:41:28.724 [INFO] [restartedMain] [o.s.b.d.a.OptionalLiveReloadServer] - LiveReload server is running on port 35729
2025-05-10 13:41:28.730 [INFO] [restartedMain] [o.a.coyote.http11.Http11NioProtocol] - Starting ProtocolHandler ["http-nio-8080"]
2025-05-10 13:41:28.734 [INFO] [restartedMain] [o.s.b.w.e.tomcat.TomcatWebServer] - Tomcat started on port 8080 (http) with context path '/'
2025-05-10 13:41:28.737 [INFO] [restartedMain] [c.g.aigroove.AigrooveApplication] - Started AigrooveApplication in 1.673 seconds (process running for 766.366)
2025-05-10 13:41:28.739 [INFO] [restartedMain] [o.s.b.d.a.ConditionEvaluationDeltaLoggingListener] - Condition evaluation unchanged
2025-05-10 13:42:37.191 [INFO] [http-nio-8080-exec-1] [o.a.c.c.C.[Tomcat-1].[localhost].[/]] - Initializing Spring DispatcherServlet 'dispatcherServlet'
2025-05-10 13:42:37.191 [INFO] [http-nio-8080-exec-1] [o.s.web.servlet.DispatcherServlet] - Initializing Servlet 'dispatcherServlet'
2025-05-10 13:42:37.193 [INFO] [http-nio-8080-exec-1] [o.s.web.servlet.DispatcherServlet] - Completed initialization in 0 ms
2025-05-10 13:42:38.034 [INFO] [http-nio-8080-exec-9] [o.s.api.AbstractOpenApiResource] - Init duration for springdoc-openapi is: 457 ms
2025-05-10 13:43:58.605 [INFO] [http-nio-8080-exec-4] [w.s.jave.ConversionOutputAnalyzer] - Unhandled message in step: 3 Line: 17 message: <[out#0/wav @ 0000015e47857d80] video:0KiB audio:21764KiB subtitle:0KiB other streams:0KiB global headers:0KiB muxing overhead: 0.000350%>
2025-05-10 13:44:48.447 [INFO] [http-nio-8080-exec-6] [w.s.jave.ConversionOutputAnalyzer] - Unhandled message in step: 3 Line: 17 message: <[out#0/wav @ 000001d770417d80] video:0KiB audio:23586KiB subtitle:0KiB other streams:0KiB global headers:0KiB muxing overhead: 0.000323%>
2025-05-10 13:46:43.611 [INFO] [File Watcher] [o.s.b.d.a.LocalDevToolsAutoConfiguration$RestartingClassPathChangeChangedEventListener] - Restarting due to 1 class path change (0 additions, 0 deletions, 1 modification)
2025-05-10 13:46:43.613 [INFO] [Thread-21] [o.s.b.w.e.tomcat.GracefulShutdown] - Commencing graceful shutdown. Waiting for active requests to complete
2025-05-10 13:46:43.614 [INFO] [tomcat-shutdown] [o.a.coyote.http11.Http11NioProtocol] - Pausing ProtocolHandler ["http-nio-8080"]
2025-05-10 13:46:43.699 [INFO] [tomcat-shutdown] [o.s.b.w.e.tomcat.GracefulShutdown] - Graceful shutdown complete
2025-05-10 13:46:43.700 [INFO] [Thread-21] [o.a.coyote.http11.Http11NioProtocol] - Stopping ProtocolHandler ["http-nio-8080"]
2025-05-10 13:46:43.701 [INFO] [Thread-21] [o.s.o.j.LocalContainerEntityManagerFactoryBean] - Closing JPA EntityManagerFactory for persistence unit 'default'
2025-05-10 13:46:43.702 [INFO] [Thread-21] [com.zaxxer.hikari.HikariDataSource] - HikariPool-6 - Shutdown initiated...
2025-05-10 13:46:43.704 [INFO] [Thread-21] [com.zaxxer.hikari.HikariDataSource] - HikariPool-6 - Shutdown completed.
2025-05-10 13:46:43.799 [INFO] [restartedMain] [c.g.aigroove.AigrooveApplication] - Starting AigrooveApplication using Java 17.0.15 with PID 12672 (C:\dev\AIGroove_api\aigroove\bin\main started by 문유신 in C:\dev\AIGroove_api\aigroove)
2025-05-10 13:46:43.800 [INFO] [restartedMain] [c.g.aigroove.AigrooveApplication] - No active profile set, falling back to 1 default profile: "default"
2025-05-10 13:46:44.117 [INFO] [restartedMain] [o.s.d.r.c.RepositoryConfigurationDelegate] - Bootstrapping Spring Data JPA repositories in DEFAULT mode.
2025-05-10 13:46:44.167 [INFO] [restartedMain] [o.s.d.r.c.RepositoryConfigurationDelegate] - Finished Spring Data repository scanning in 48 ms. Found 11 JPA repository interfaces.
2025-05-10 13:46:44.278 [INFO] [restartedMain] [o.s.b.w.e.tomcat.TomcatWebServer] - Tomcat initialized with port 8080 (http)
2025-05-10 13:46:44.280 [INFO] [restartedMain] [o.a.coyote.http11.Http11NioProtocol] - Initializing ProtocolHandler ["http-nio-8080"]
2025-05-10 13:46:44.280 [INFO] [restartedMain] [o.a.catalina.core.StandardService] - Starting service [Tomcat]
2025-05-10 13:46:44.281 [INFO] [restartedMain] [o.a.catalina.core.StandardEngine] - Starting Servlet engine: [Apache Tomcat/10.1.39]
2025-05-10 13:46:44.304 [INFO] [restartedMain] [o.a.c.c.C.[Tomcat-1].[localhost].[/]] - Initializing Spring embedded WebApplicationContext
2025-05-10 13:46:44.304 [INFO] [restartedMain] [o.s.b.w.s.c.ServletWebServerApplicationContext] - Root WebApplicationContext: initialization completed in 501 ms
2025-05-10 13:46:44.338 [INFO] [restartedMain] [o.h.jpa.internal.util.LogHelper] - HHH000204: Processing PersistenceUnitInfo [name: default]
2025-05-10 13:46:44.344 [INFO] [restartedMain] [o.h.c.i.RegionFactoryInitiator] - HHH000026: Second-level cache disabled
2025-05-10 13:46:44.357 [INFO] [restartedMain] [o.s.o.j.p.SpringPersistenceUnitInfo] - No LoadTimeWeaver setup: ignoring JPA class transformer
2025-05-10 13:46:44.359 [INFO] [restartedMain] [com.zaxxer.hikari.HikariDataSource] - HikariPool-7 - Starting...
2025-05-10 13:46:44.361 [INFO] [restartedMain] [com.zaxxer.hikari.pool.HikariPool] - HikariPool-7 - Added connection org.mariadb.jdbc.MariaDbConnection@232a8f85
2025-05-10 13:46:44.361 [INFO] [restartedMain] [com.zaxxer.hikari.HikariDataSource] - HikariPool-7 - Start completed.
2025-05-10 13:46:44.363 [INFO] [restartedMain] [o.hibernate.orm.connections.pooling] - HHH10001005: Database info:
	Database JDBC URL [Connecting through datasource 'HikariDataSource (HikariPool-7)']
	Database driver: undefined/unknown
	Database version: 11.7.2
	Autocommit mode: undefined/unknown
	Isolation level: undefined/unknown
	Minimum pool size: undefined/unknown
	Maximum pool size: undefined/unknown
2025-05-10 13:46:44.522 [INFO] [restartedMain] [o.h.e.t.j.p.i.JtaPlatformInitiator] - HHH000489: No JTA platform available (set 'hibernate.transaction.jta.platform' to enable JTA platform integration)
2025-05-10 13:46:44.585 [INFO] [restartedMain] [o.s.o.j.LocalContainerEntityManagerFactoryBean] - Initialized JPA EntityManagerFactory for persistence unit 'default'
2025-05-10 13:46:44.792 [INFO] [restartedMain] [o.s.s.c.a.a.c.InitializeUserDetailsBeanManagerConfigurer$InitializeUserDetailsManagerConfigurer] - Global AuthenticationManager configured with UserDetailsService bean with name inMemoryUserDetailsManager
2025-05-10 13:46:44.799 [INFO] [restartedMain] [o.s.b.a.w.s.WelcomePageHandlerMapping] - Adding welcome page: class path resource [static/index.html]
2025-05-10 13:46:45.129 [INFO] [restartedMain] [o.s.v.b.OptionalValidatorFactoryBean] - Failed to set up a Bean Validation provider: jakarta.validation.NoProviderFoundException: Unable to create a Configuration, because no Jakarta Bean Validation provider could be found. Add a provider like Hibernate Validator (RI) to your classpath.
2025-05-10 13:46:45.202 [INFO] [restartedMain] [o.s.b.d.a.OptionalLiveReloadServer] - LiveReload server is running on port 35729
2025-05-10 13:46:45.207 [INFO] [restartedMain] [o.a.coyote.http11.Http11NioProtocol] - Starting ProtocolHandler ["http-nio-8080"]
2025-05-10 13:46:45.211 [INFO] [restartedMain] [o.s.b.w.e.tomcat.TomcatWebServer] - Tomcat started on port 8080 (http) with context path '/'
2025-05-10 13:46:45.215 [INFO] [restartedMain] [c.g.aigroove.AigrooveApplication] - Started AigrooveApplication in 1.45 seconds (process running for 1082.842)
2025-05-10 13:46:45.216 [INFO] [restartedMain] [o.s.b.d.a.ConditionEvaluationDeltaLoggingListener] - Condition evaluation unchanged
2025-05-10 13:47:01.830 [INFO] [http-nio-8080-exec-1] [o.a.c.c.C.[Tomcat-1].[localhost].[/]] - Initializing Spring DispatcherServlet 'dispatcherServlet'
2025-05-10 13:47:01.830 [INFO] [http-nio-8080-exec-1] [o.s.web.servlet.DispatcherServlet] - Initializing Servlet 'dispatcherServlet'
2025-05-10 13:47:01.831 [INFO] [http-nio-8080-exec-1] [o.s.web.servlet.DispatcherServlet] - Completed initialization in 1 ms
2025-05-10 13:48:23.992 [INFO] [File Watcher] [o.s.b.d.a.LocalDevToolsAutoConfiguration$RestartingClassPathChangeChangedEventListener] - Restarting due to 2 class path changes (0 additions, 0 deletions, 2 modifications)
2025-05-10 13:48:23.993 [INFO] [Thread-32] [o.s.b.w.e.tomcat.GracefulShutdown] - Commencing graceful shutdown. Waiting for active requests to complete
2025-05-10 13:48:23.994 [INFO] [tomcat-shutdown] [o.a.coyote.http11.Http11NioProtocol] - Pausing ProtocolHandler ["http-nio-8080"]
2025-05-10 13:48:24.080 [INFO] [tomcat-shutdown] [o.s.b.w.e.tomcat.GracefulShutdown] - Graceful shutdown complete
2025-05-10 13:48:24.081 [INFO] [Thread-32] [o.a.coyote.http11.Http11NioProtocol] - Stopping ProtocolHandler ["http-nio-8080"]
2025-05-10 13:48:24.082 [INFO] [Thread-32] [o.s.o.j.LocalContainerEntityManagerFactoryBean] - Closing JPA EntityManagerFactory for persistence unit 'default'
2025-05-10 13:48:24.083 [INFO] [Thread-32] [com.zaxxer.hikari.HikariDataSource] - HikariPool-7 - Shutdown initiated...
2025-05-10 13:48:24.085 [INFO] [Thread-32] [com.zaxxer.hikari.HikariDataSource] - HikariPool-7 - Shutdown completed.
2025-05-10 13:48:24.176 [INFO] [restartedMain] [c.g.aigroove.AigrooveApplication] - Starting AigrooveApplication using Java 17.0.15 with PID 12672 (C:\dev\AIGroove_api\aigroove\bin\main started by 문유신 in C:\dev\AIGroove_api\aigroove)
2025-05-10 13:48:24.177 [INFO] [restartedMain] [c.g.aigroove.AigrooveApplication] - No active profile set, falling back to 1 default profile: "default"
2025-05-10 13:48:24.489 [INFO] [restartedMain] [o.s.d.r.c.RepositoryConfigurationDelegate] - Bootstrapping Spring Data JPA repositories in DEFAULT mode.
2025-05-10 13:48:24.534 [INFO] [restartedMain] [o.s.d.r.c.RepositoryConfigurationDelegate] - Finished Spring Data repository scanning in 44 ms. Found 11 JPA repository interfaces.
2025-05-10 13:48:24.659 [INFO] [restartedMain] [o.s.b.w.e.tomcat.TomcatWebServer] - Tomcat initialized with port 8080 (http)
2025-05-10 13:48:24.660 [INFO] [restartedMain] [o.a.coyote.http11.Http11NioProtocol] - Initializing ProtocolHandler ["http-nio-8080"]
2025-05-10 13:48:24.660 [INFO] [restartedMain] [o.a.catalina.core.StandardService] - Starting service [Tomcat]
2025-05-10 13:48:24.661 [INFO] [restartedMain] [o.a.catalina.core.StandardEngine] - Starting Servlet engine: [Apache Tomcat/10.1.39]
2025-05-10 13:48:24.689 [INFO] [restartedMain] [o.a.c.c.C.[Tomcat-1].[localhost].[/]] - Initializing Spring embedded WebApplicationContext
2025-05-10 13:48:24.689 [INFO] [restartedMain] [o.s.b.w.s.c.ServletWebServerApplicationContext] - Root WebApplicationContext: initialization completed in 509 ms
2025-05-10 13:48:24.720 [INFO] [restartedMain] [o.h.jpa.internal.util.LogHelper] - HHH000204: Processing PersistenceUnitInfo [name: default]
2025-05-10 13:48:24.725 [INFO] [restartedMain] [o.h.c.i.RegionFactoryInitiator] - HHH000026: Second-level cache disabled
2025-05-10 13:48:24.738 [INFO] [restartedMain] [o.s.o.j.p.SpringPersistenceUnitInfo] - No LoadTimeWeaver setup: ignoring JPA class transformer
2025-05-10 13:48:24.740 [INFO] [restartedMain] [com.zaxxer.hikari.HikariDataSource] - HikariPool-8 - Starting...
2025-05-10 13:48:24.743 [INFO] [restartedMain] [com.zaxxer.hikari.pool.HikariPool] - HikariPool-8 - Added connection org.mariadb.jdbc.MariaDbConnection@32c31dd4
2025-05-10 13:48:24.743 [INFO] [restartedMain] [com.zaxxer.hikari.HikariDataSource] - HikariPool-8 - Start completed.
2025-05-10 13:48:24.744 [INFO] [restartedMain] [o.hibernate.orm.connections.pooling] - HHH10001005: Database info:
	Database JDBC URL [Connecting through datasource 'HikariDataSource (HikariPool-8)']
	Database driver: undefined/unknown
	Database version: 11.7.2
	Autocommit mode: undefined/unknown
	Isolation level: undefined/unknown
	Minimum pool size: undefined/unknown
	Maximum pool size: undefined/unknown
2025-05-10 13:48:24.893 [INFO] [restartedMain] [o.h.e.t.j.p.i.JtaPlatformInitiator] - HHH000489: No JTA platform available (set 'hibernate.transaction.jta.platform' to enable JTA platform integration)
2025-05-10 13:48:24.920 [INFO] [restartedMain] [o.s.o.j.LocalContainerEntityManagerFactoryBean] - Initialized JPA EntityManagerFactory for persistence unit 'default'
2025-05-10 13:48:25.164 [INFO] [restartedMain] [o.s.s.c.a.a.c.InitializeUserDetailsBeanManagerConfigurer$InitializeUserDetailsManagerConfigurer] - Global AuthenticationManager configured with UserDetailsService bean with name inMemoryUserDetailsManager
2025-05-10 13:48:25.171 [INFO] [restartedMain] [o.s.b.a.w.s.WelcomePageHandlerMapping] - Adding welcome page: class path resource [static/index.html]
2025-05-10 13:48:25.527 [INFO] [restartedMain] [o.s.v.b.OptionalValidatorFactoryBean] - Failed to set up a Bean Validation provider: jakarta.validation.NoProviderFoundException: Unable to create a Configuration, because no Jakarta Bean Validation provider could be found. Add a provider like Hibernate Validator (RI) to your classpath.
2025-05-10 13:48:25.612 [INFO] [restartedMain] [o.s.b.d.a.OptionalLiveReloadServer] - LiveReload server is running on port 35729
2025-05-10 13:48:25.619 [INFO] [restartedMain] [o.a.coyote.http11.Http11NioProtocol] - Starting ProtocolHandler ["http-nio-8080"]
2025-05-10 13:48:25.622 [INFO] [restartedMain] [o.s.b.w.e.tomcat.TomcatWebServer] - Tomcat started on port 8080 (http) with context path '/'
2025-05-10 13:48:25.625 [INFO] [restartedMain] [c.g.aigroove.AigrooveApplication] - Started AigrooveApplication in 1.486 seconds (process running for 1183.252)
2025-05-10 13:48:25.626 [INFO] [restartedMain] [o.s.b.d.a.ConditionEvaluationDeltaLoggingListener] - Condition evaluation unchanged
2025-05-10 13:54:35.523 [INFO] [File Watcher] [o.s.b.d.a.LocalDevToolsAutoConfiguration$RestartingClassPathChangeChangedEventListener] - Restarting due to 2 class path changes (0 additions, 0 deletions, 2 modifications)
2025-05-10 13:54:35.525 [INFO] [Thread-36] [o.s.b.w.e.tomcat.GracefulShutdown] - Commencing graceful shutdown. Waiting for active requests to complete
2025-05-10 13:54:35.525 [INFO] [tomcat-shutdown] [o.a.coyote.http11.Http11NioProtocol] - Pausing ProtocolHandler ["http-nio-8080"]
2025-05-10 13:54:35.610 [INFO] [tomcat-shutdown] [o.s.b.w.e.tomcat.GracefulShutdown] - Graceful shutdown complete
2025-05-10 13:54:35.610 [INFO] [Thread-36] [o.a.coyote.http11.Http11NioProtocol] - Stopping ProtocolHandler ["http-nio-8080"]
2025-05-10 13:54:35.612 [INFO] [Thread-36] [o.s.o.j.LocalContainerEntityManagerFactoryBean] - Closing JPA EntityManagerFactory for persistence unit 'default'
2025-05-10 13:54:35.613 [INFO] [Thread-36] [com.zaxxer.hikari.HikariDataSource] - HikariPool-8 - Shutdown initiated...
2025-05-10 13:54:35.615 [INFO] [Thread-36] [com.zaxxer.hikari.HikariDataSource] - HikariPool-8 - Shutdown completed.
2025-05-10 13:54:35.709 [INFO] [restartedMain] [c.g.aigroove.AigrooveApplication] - Starting AigrooveApplication using Java 17.0.15 with PID 12672 (C:\dev\AIGroove_api\aigroove\bin\main started by 문유신 in C:\dev\AIGroove_api\aigroove)
2025-05-10 13:54:35.709 [INFO] [restartedMain] [c.g.aigroove.AigrooveApplication] - No active profile set, falling back to 1 default profile: "default"
2025-05-10 13:54:36.029 [INFO] [restartedMain] [o.s.d.r.c.RepositoryConfigurationDelegate] - Bootstrapping Spring Data JPA repositories in DEFAULT mode.
2025-05-10 13:54:36.075 [INFO] [restartedMain] [o.s.d.r.c.RepositoryConfigurationDelegate] - Finished Spring Data repository scanning in 45 ms. Found 11 JPA repository interfaces.
2025-05-10 13:54:36.189 [INFO] [restartedMain] [o.s.b.w.e.tomcat.TomcatWebServer] - Tomcat initialized with port 8080 (http)
2025-05-10 13:54:36.190 [INFO] [restartedMain] [o.a.coyote.http11.Http11NioProtocol] - Initializing ProtocolHandler ["http-nio-8080"]
2025-05-10 13:54:36.190 [INFO] [restartedMain] [o.a.catalina.core.StandardService] - Starting service [Tomcat]
2025-05-10 13:54:36.190 [INFO] [restartedMain] [o.a.catalina.core.StandardEngine] - Starting Servlet engine: [Apache Tomcat/10.1.39]
2025-05-10 13:54:36.212 [INFO] [restartedMain] [o.a.c.c.C.[Tomcat-1].[localhost].[/]] - Initializing Spring embedded WebApplicationContext
2025-05-10 13:54:36.212 [INFO] [restartedMain] [o.s.b.w.s.c.ServletWebServerApplicationContext] - Root WebApplicationContext: initialization completed in 501 ms
2025-05-10 13:54:36.244 [INFO] [restartedMain] [o.h.jpa.internal.util.LogHelper] - HHH000204: Processing PersistenceUnitInfo [name: default]
2025-05-10 13:54:36.250 [INFO] [restartedMain] [o.h.c.i.RegionFactoryInitiator] - HHH000026: Second-level cache disabled
2025-05-10 13:54:36.268 [INFO] [restartedMain] [o.s.o.j.p.SpringPersistenceUnitInfo] - No LoadTimeWeaver setup: ignoring JPA class transformer
2025-05-10 13:54:36.270 [INFO] [restartedMain] [com.zaxxer.hikari.HikariDataSource] - HikariPool-9 - Starting...
2025-05-10 13:54:36.272 [INFO] [restartedMain] [com.zaxxer.hikari.pool.HikariPool] - HikariPool-9 - Added connection org.mariadb.jdbc.MariaDbConnection@27cc8854
2025-05-10 13:54:36.273 [INFO] [restartedMain] [com.zaxxer.hikari.HikariDataSource] - HikariPool-9 - Start completed.
2025-05-10 13:54:36.274 [INFO] [restartedMain] [o.hibernate.orm.connections.pooling] - HHH10001005: Database info:
	Database JDBC URL [Connecting through datasource 'HikariDataSource (HikariPool-9)']
	Database driver: undefined/unknown
	Database version: 11.7.2
	Autocommit mode: undefined/unknown
	Isolation level: undefined/unknown
	Minimum pool size: undefined/unknown
	Maximum pool size: undefined/unknown
2025-05-10 13:54:36.446 [INFO] [restartedMain] [o.h.e.t.j.p.i.JtaPlatformInitiator] - HHH000489: No JTA platform available (set 'hibernate.transaction.jta.platform' to enable JTA platform integration)
2025-05-10 13:54:36.480 [INFO] [restartedMain] [o.s.o.j.LocalContainerEntityManagerFactoryBean] - Initialized JPA EntityManagerFactory for persistence unit 'default'
2025-05-10 13:54:36.701 [INFO] [restartedMain] [o.s.s.c.a.a.c.InitializeUserDetailsBeanManagerConfigurer$InitializeUserDetailsManagerConfigurer] - Global AuthenticationManager configured with UserDetailsService bean with name inMemoryUserDetailsManager
2025-05-10 13:54:36.708 [INFO] [restartedMain] [o.s.b.a.w.s.WelcomePageHandlerMapping] - Adding welcome page: class path resource [static/index.html]
2025-05-10 13:54:37.058 [INFO] [restartedMain] [o.s.v.b.OptionalValidatorFactoryBean] - Failed to set up a Bean Validation provider: jakarta.validation.NoProviderFoundException: Unable to create a Configuration, because no Jakarta Bean Validation provider could be found. Add a provider like Hibernate Validator (RI) to your classpath.
2025-05-10 13:54:37.110 [INFO] [restartedMain] [o.s.b.d.a.OptionalLiveReloadServer] - LiveReload server is running on port 35729
2025-05-10 13:54:37.115 [INFO] [restartedMain] [o.a.coyote.http11.Http11NioProtocol] - Starting ProtocolHandler ["http-nio-8080"]
2025-05-10 13:54:37.118 [INFO] [restartedMain] [o.s.b.w.e.tomcat.TomcatWebServer] - Tomcat started on port 8080 (http) with context path '/'
2025-05-10 13:54:37.122 [INFO] [restartedMain] [c.g.aigroove.AigrooveApplication] - Started AigrooveApplication in 1.449 seconds (process running for 1554.75)
2025-05-10 13:54:37.123 [INFO] [restartedMain] [o.s.b.d.a.ConditionEvaluationDeltaLoggingListener] - Condition evaluation unchanged
2025-05-10 13:55:52.346 [INFO] [http-nio-8080-exec-1] [o.a.c.c.C.[Tomcat-1].[localhost].[/]] - Initializing Spring DispatcherServlet 'dispatcherServlet'
2025-05-10 13:55:52.347 [INFO] [http-nio-8080-exec-1] [o.s.web.servlet.DispatcherServlet] - Initializing Servlet 'dispatcherServlet'
2025-05-10 13:55:52.348 [INFO] [http-nio-8080-exec-1] [o.s.web.servlet.DispatcherServlet] - Completed initialization in 1 ms
2025-05-10 13:56:07.291 [INFO] [File Watcher] [o.s.b.d.a.LocalDevToolsAutoConfiguration$RestartingClassPathChangeChangedEventListener] - Restarting due to 1 class path change (0 additions, 0 deletions, 1 modification)
2025-05-10 13:56:07.293 [INFO] [Thread-40] [o.s.b.w.e.tomcat.GracefulShutdown] - Commencing graceful shutdown. Waiting for active requests to complete
2025-05-10 13:56:07.294 [INFO] [tomcat-shutdown] [o.a.coyote.http11.Http11NioProtocol] - Pausing ProtocolHandler ["http-nio-8080"]
2025-05-10 13:56:07.383 [INFO] [tomcat-shutdown] [o.s.b.w.e.tomcat.GracefulShutdown] - Graceful shutdown complete
2025-05-10 13:56:07.383 [INFO] [Thread-40] [o.a.coyote.http11.Http11NioProtocol] - Stopping ProtocolHandler ["http-nio-8080"]
2025-05-10 13:56:07.385 [INFO] [Thread-40] [o.s.o.j.LocalContainerEntityManagerFactoryBean] - Closing JPA EntityManagerFactory for persistence unit 'default'
2025-05-10 13:56:07.385 [INFO] [Thread-40] [com.zaxxer.hikari.HikariDataSource] - HikariPool-9 - Shutdown initiated...
2025-05-10 13:56:07.387 [INFO] [Thread-40] [com.zaxxer.hikari.HikariDataSource] - HikariPool-9 - Shutdown completed.
2025-05-10 13:56:07.485 [INFO] [restartedMain] [c.g.aigroove.AigrooveApplication] - Starting AigrooveApplication using Java 17.0.15 with PID 12672 (C:\dev\AIGroove_api\aigroove\bin\main started by 문유신 in C:\dev\AIGroove_api\aigroove)
2025-05-10 13:56:07.485 [INFO] [restartedMain] [c.g.aigroove.AigrooveApplication] - No active profile set, falling back to 1 default profile: "default"
2025-05-10 13:56:07.788 [INFO] [restartedMain] [o.s.d.r.c.RepositoryConfigurationDelegate] - Bootstrapping Spring Data JPA repositories in DEFAULT mode.
2025-05-10 13:56:07.831 [INFO] [restartedMain] [o.s.d.r.c.RepositoryConfigurationDelegate] - Finished Spring Data repository scanning in 42 ms. Found 11 JPA repository interfaces.
2025-05-10 13:56:07.926 [INFO] [restartedMain] [o.s.b.w.e.tomcat.TomcatWebServer] - Tomcat initialized with port 8080 (http)
2025-05-10 13:56:07.927 [INFO] [restartedMain] [o.a.coyote.http11.Http11NioProtocol] - Initializing ProtocolHandler ["http-nio-8080"]
2025-05-10 13:56:07.928 [INFO] [restartedMain] [o.a.catalina.core.StandardService] - Starting service [Tomcat]
2025-05-10 13:56:07.928 [INFO] [restartedMain] [o.a.catalina.core.StandardEngine] - Starting Servlet engine: [Apache Tomcat/10.1.39]
2025-05-10 13:56:07.949 [INFO] [restartedMain] [o.a.c.c.C.[Tomcat-1].[localhost].[/]] - Initializing Spring embedded WebApplicationContext
2025-05-10 13:56:07.949 [INFO] [restartedMain] [o.s.b.w.s.c.ServletWebServerApplicationContext] - Root WebApplicationContext: initialization completed in 462 ms
2025-05-10 13:56:07.974 [INFO] [restartedMain] [o.h.jpa.internal.util.LogHelper] - HHH000204: Processing PersistenceUnitInfo [name: default]
2025-05-10 13:56:07.980 [INFO] [restartedMain] [o.h.c.i.RegionFactoryInitiator] - HHH000026: Second-level cache disabled
2025-05-10 13:56:07.990 [INFO] [restartedMain] [o.s.o.j.p.SpringPersistenceUnitInfo] - No LoadTimeWeaver setup: ignoring JPA class transformer
2025-05-10 13:56:07.991 [INFO] [restartedMain] [com.zaxxer.hikari.HikariDataSource] - HikariPool-10 - Starting...
2025-05-10 13:56:07.993 [INFO] [restartedMain] [com.zaxxer.hikari.pool.HikariPool] - HikariPool-10 - Added connection org.mariadb.jdbc.MariaDbConnection@4bef6090
2025-05-10 13:56:07.994 [INFO] [restartedMain] [com.zaxxer.hikari.HikariDataSource] - HikariPool-10 - Start completed.
2025-05-10 13:56:07.995 [INFO] [restartedMain] [o.hibernate.orm.connections.pooling] - HHH10001005: Database info:
	Database JDBC URL [Connecting through datasource 'HikariDataSource (HikariPool-10)']
	Database driver: undefined/unknown
	Database version: 11.7.2
	Autocommit mode: undefined/unknown
	Isolation level: undefined/unknown
	Minimum pool size: undefined/unknown
	Maximum pool size: undefined/unknown
2025-05-10 13:56:08.127 [INFO] [restartedMain] [o.h.e.t.j.p.i.JtaPlatformInitiator] - HHH000489: No JTA platform available (set 'hibernate.transaction.jta.platform' to enable JTA platform integration)
2025-05-10 13:56:08.154 [INFO] [restartedMain] [o.s.o.j.LocalContainerEntityManagerFactoryBean] - Initialized JPA EntityManagerFactory for persistence unit 'default'
2025-05-10 13:56:08.329 [INFO] [restartedMain] [o.s.s.c.a.a.c.InitializeUserDetailsBeanManagerConfigurer$InitializeUserDetailsManagerConfigurer] - Global AuthenticationManager configured with UserDetailsService bean with name inMemoryUserDetailsManager
2025-05-10 13:56:08.334 [INFO] [restartedMain] [o.s.b.a.w.s.WelcomePageHandlerMapping] - Adding welcome page: class path resource [static/index.html]
2025-05-10 13:56:08.673 [INFO] [restartedMain] [o.s.v.b.OptionalValidatorFactoryBean] - Failed to set up a Bean Validation provider: jakarta.validation.NoProviderFoundException: Unable to create a Configuration, because no Jakarta Bean Validation provider could be found. Add a provider like Hibernate Validator (RI) to your classpath.
2025-05-10 13:56:08.776 [INFO] [restartedMain] [o.s.b.d.a.OptionalLiveReloadServer] - LiveReload server is running on port 35729
2025-05-10 13:56:08.781 [INFO] [restartedMain] [o.a.coyote.http11.Http11NioProtocol] - Starting ProtocolHandler ["http-nio-8080"]
2025-05-10 13:56:08.785 [INFO] [restartedMain] [o.s.b.w.e.tomcat.TomcatWebServer] - Tomcat started on port 8080 (http) with context path '/'
2025-05-10 13:56:08.788 [INFO] [restartedMain] [c.g.aigroove.AigrooveApplication] - Started AigrooveApplication in 1.339 seconds (process running for 1646.416)
2025-05-10 13:56:08.790 [INFO] [restartedMain] [o.s.b.d.a.ConditionEvaluationDeltaLoggingListener] - Condition evaluation unchanged
2025-05-10 13:56:11.578 [INFO] [http-nio-8080-exec-1] [o.a.c.c.C.[Tomcat-1].[localhost].[/]] - Initializing Spring DispatcherServlet 'dispatcherServlet'
2025-05-10 13:56:11.579 [INFO] [http-nio-8080-exec-1] [o.s.web.servlet.DispatcherServlet] - Initializing Servlet 'dispatcherServlet'
2025-05-10 13:56:11.579 [INFO] [http-nio-8080-exec-1] [o.s.web.servlet.DispatcherServlet] - Completed initialization in 0 ms
2025-05-10 14:12:51.021 [INFO] [File Watcher] [o.s.b.d.a.LocalDevToolsAutoConfiguration$RestartingClassPathChangeChangedEventListener] - Restarting due to 1 class path change (0 additions, 0 deletions, 1 modification)
2025-05-10 14:12:51.023 [INFO] [Thread-44] [o.s.b.w.e.tomcat.GracefulShutdown] - Commencing graceful shutdown. Waiting for active requests to complete
2025-05-10 14:12:51.023 [INFO] [tomcat-shutdown] [o.a.coyote.http11.Http11NioProtocol] - Pausing ProtocolHandler ["http-nio-8080"]
2025-05-10 14:12:51.107 [INFO] [tomcat-shutdown] [o.s.b.w.e.tomcat.GracefulShutdown] - Graceful shutdown complete
2025-05-10 14:12:51.108 [INFO] [Thread-44] [o.a.coyote.http11.Http11NioProtocol] - Stopping ProtocolHandler ["http-nio-8080"]
2025-05-10 14:12:51.110 [INFO] [Thread-44] [o.s.o.j.LocalContainerEntityManagerFactoryBean] - Closing JPA EntityManagerFactory for persistence unit 'default'
2025-05-10 14:12:51.110 [INFO] [Thread-44] [com.zaxxer.hikari.HikariDataSource] - HikariPool-10 - Shutdown initiated...
2025-05-10 14:12:51.112 [INFO] [Thread-44] [com.zaxxer.hikari.HikariDataSource] - HikariPool-10 - Shutdown completed.
2025-05-10 14:12:51.207 [INFO] [restartedMain] [c.g.aigroove.AigrooveApplication] - Starting AigrooveApplication using Java 17.0.15 with PID 12672 (C:\dev\AIGroove_api\aigroove\bin\main started by 문유신 in C:\dev\AIGroove_api\aigroove)
2025-05-10 14:12:51.207 [INFO] [restartedMain] [c.g.aigroove.AigrooveApplication] - No active profile set, falling back to 1 default profile: "default"
2025-05-10 14:12:51.556 [INFO] [restartedMain] [o.s.d.r.c.RepositoryConfigurationDelegate] - Bootstrapping Spring Data JPA repositories in DEFAULT mode.
2025-05-10 14:12:51.601 [INFO] [restartedMain] [o.s.d.r.c.RepositoryConfigurationDelegate] - Finished Spring Data repository scanning in 44 ms. Found 11 JPA repository interfaces.
2025-05-10 14:12:51.699 [INFO] [restartedMain] [o.s.b.w.e.tomcat.TomcatWebServer] - Tomcat initialized with port 8080 (http)
2025-05-10 14:12:51.700 [INFO] [restartedMain] [o.a.coyote.http11.Http11NioProtocol] - Initializing ProtocolHandler ["http-nio-8080"]
2025-05-10 14:12:51.700 [INFO] [restartedMain] [o.a.catalina.core.StandardService] - Starting service [Tomcat]
2025-05-10 14:12:51.701 [INFO] [restartedMain] [o.a.catalina.core.StandardEngine] - Starting Servlet engine: [Apache Tomcat/10.1.39]
2025-05-10 14:12:51.723 [INFO] [restartedMain] [o.a.c.c.C.[Tomcat-1].[localhost].[/]] - Initializing Spring embedded WebApplicationContext
2025-05-10 14:12:51.723 [INFO] [restartedMain] [o.s.b.w.s.c.ServletWebServerApplicationContext] - Root WebApplicationContext: initialization completed in 513 ms
2025-05-10 14:12:51.753 [INFO] [restartedMain] [o.h.jpa.internal.util.LogHelper] - HHH000204: Processing PersistenceUnitInfo [name: default]
2025-05-10 14:12:51.758 [INFO] [restartedMain] [o.h.c.i.RegionFactoryInitiator] - HHH000026: Second-level cache disabled
2025-05-10 14:12:51.770 [INFO] [restartedMain] [o.s.o.j.p.SpringPersistenceUnitInfo] - No LoadTimeWeaver setup: ignoring JPA class transformer
2025-05-10 14:12:51.772 [INFO] [restartedMain] [com.zaxxer.hikari.HikariDataSource] - HikariPool-11 - Starting...
2025-05-10 14:12:51.774 [INFO] [restartedMain] [com.zaxxer.hikari.pool.HikariPool] - HikariPool-11 - Added connection org.mariadb.jdbc.MariaDbConnection@6ba4b401
2025-05-10 14:12:51.774 [INFO] [restartedMain] [com.zaxxer.hikari.HikariDataSource] - HikariPool-11 - Start completed.
2025-05-10 14:12:51.775 [INFO] [restartedMain] [o.hibernate.orm.connections.pooling] - HHH10001005: Database info:
	Database JDBC URL [Connecting through datasource 'HikariDataSource (HikariPool-11)']
	Database driver: undefined/unknown
	Database version: 11.7.2
	Autocommit mode: undefined/unknown
	Isolation level: undefined/unknown
	Minimum pool size: undefined/unknown
	Maximum pool size: undefined/unknown
2025-05-10 14:12:51.926 [INFO] [restartedMain] [o.h.e.t.j.p.i.JtaPlatformInitiator] - HHH000489: No JTA platform available (set 'hibernate.transaction.jta.platform' to enable JTA platform integration)
2025-05-10 14:12:51.953 [INFO] [restartedMain] [o.s.o.j.LocalContainerEntityManagerFactoryBean] - Initialized JPA EntityManagerFactory for persistence unit 'default'
2025-05-10 14:12:52.114 [INFO] [restartedMain] [o.s.s.c.a.a.c.InitializeUserDetailsBeanManagerConfigurer$InitializeUserDetailsManagerConfigurer] - Global AuthenticationManager configured with UserDetailsService bean with name inMemoryUserDetailsManager
2025-05-10 14:12:52.120 [INFO] [restartedMain] [o.s.b.a.w.s.WelcomePageHandlerMapping] - Adding welcome page: class path resource [static/index.html]
2025-05-10 14:12:52.427 [INFO] [restartedMain] [o.s.v.b.OptionalValidatorFactoryBean] - Failed to set up a Bean Validation provider: jakarta.validation.NoProviderFoundException: Unable to create a Configuration, because no Jakarta Bean Validation provider could be found. Add a provider like Hibernate Validator (RI) to your classpath.
2025-05-10 14:12:52.502 [INFO] [restartedMain] [o.s.b.d.a.OptionalLiveReloadServer] - LiveReload server is running on port 35729
2025-05-10 14:12:52.506 [INFO] [restartedMain] [o.a.coyote.http11.Http11NioProtocol] - Starting ProtocolHandler ["http-nio-8080"]
2025-05-10 14:12:52.508 [INFO] [restartedMain] [o.s.b.w.e.tomcat.TomcatWebServer] - Tomcat started on port 8080 (http) with context path '/'
2025-05-10 14:12:52.511 [INFO] [restartedMain] [c.g.aigroove.AigrooveApplication] - Started AigrooveApplication in 1.333 seconds (process running for 2650.139)
2025-05-10 14:12:52.512 [INFO] [restartedMain] [o.s.b.d.a.ConditionEvaluationDeltaLoggingListener] - Condition evaluation unchanged
2025-05-10 14:13:05.363 [INFO] [File Watcher] [o.s.b.d.a.LocalDevToolsAutoConfiguration$RestartingClassPathChangeChangedEventListener] - Restarting due to 1 class path change (0 additions, 0 deletions, 1 modification)
2025-05-10 14:13:05.365 [INFO] [Thread-48] [o.s.b.w.e.tomcat.GracefulShutdown] - Commencing graceful shutdown. Waiting for active requests to complete
2025-05-10 14:13:05.366 [INFO] [tomcat-shutdown] [o.a.coyote.http11.Http11NioProtocol] - Pausing ProtocolHandler ["http-nio-8080"]
2025-05-10 14:13:05.449 [INFO] [tomcat-shutdown] [o.s.b.w.e.tomcat.GracefulShutdown] - Graceful shutdown complete
2025-05-10 14:13:05.450 [INFO] [Thread-48] [o.a.coyote.http11.Http11NioProtocol] - Stopping ProtocolHandler ["http-nio-8080"]
2025-05-10 14:13:05.452 [INFO] [Thread-48] [o.s.o.j.LocalContainerEntityManagerFactoryBean] - Closing JPA EntityManagerFactory for persistence unit 'default'
2025-05-10 14:13:05.452 [INFO] [Thread-48] [com.zaxxer.hikari.HikariDataSource] - HikariPool-11 - Shutdown initiated...
2025-05-10 14:13:05.454 [INFO] [Thread-48] [com.zaxxer.hikari.HikariDataSource] - HikariPool-11 - Shutdown completed.
2025-05-10 14:13:05.547 [INFO] [restartedMain] [c.g.aigroove.AigrooveApplication] - Starting AigrooveApplication using Java 17.0.15 with PID 12672 (C:\dev\AIGroove_api\aigroove\bin\main started by 문유신 in C:\dev\AIGroove_api\aigroove)
2025-05-10 14:13:05.548 [INFO] [restartedMain] [c.g.aigroove.AigrooveApplication] - No active profile set, falling back to 1 default profile: "default"
2025-05-10 14:13:05.836 [INFO] [restartedMain] [o.s.d.r.c.RepositoryConfigurationDelegate] - Bootstrapping Spring Data JPA repositories in DEFAULT mode.
2025-05-10 14:13:05.875 [INFO] [restartedMain] [o.s.d.r.c.RepositoryConfigurationDelegate] - Finished Spring Data repository scanning in 37 ms. Found 11 JPA repository interfaces.
2025-05-10 14:13:05.963 [INFO] [restartedMain] [o.s.b.w.e.tomcat.TomcatWebServer] - Tomcat initialized with port 8080 (http)
2025-05-10 14:13:05.964 [INFO] [restartedMain] [o.a.coyote.http11.Http11NioProtocol] - Initializing ProtocolHandler ["http-nio-8080"]
2025-05-10 14:13:05.965 [INFO] [restartedMain] [o.a.catalina.core.StandardService] - Starting service [Tomcat]
2025-05-10 14:13:05.965 [INFO] [restartedMain] [o.a.catalina.core.StandardEngine] - Starting Servlet engine: [Apache Tomcat/10.1.39]
2025-05-10 14:13:05.986 [INFO] [restartedMain] [o.a.c.c.C.[Tomcat-1].[localhost].[/]] - Initializing Spring embedded WebApplicationContext
2025-05-10 14:13:05.986 [INFO] [restartedMain] [o.s.b.w.s.c.ServletWebServerApplicationContext] - Root WebApplicationContext: initialization completed in 436 ms
2025-05-10 14:13:06.014 [INFO] [restartedMain] [o.h.jpa.internal.util.LogHelper] - HHH000204: Processing PersistenceUnitInfo [name: default]
2025-05-10 14:13:06.020 [INFO] [restartedMain] [o.h.c.i.RegionFactoryInitiator] - HHH000026: Second-level cache disabled
2025-05-10 14:13:06.031 [INFO] [restartedMain] [o.s.o.j.p.SpringPersistenceUnitInfo] - No LoadTimeWeaver setup: ignoring JPA class transformer
2025-05-10 14:13:06.032 [INFO] [restartedMain] [com.zaxxer.hikari.HikariDataSource] - HikariPool-12 - Starting...
2025-05-10 14:13:06.034 [INFO] [restartedMain] [com.zaxxer.hikari.pool.HikariPool] - HikariPool-12 - Added connection org.mariadb.jdbc.MariaDbConnection@3b78b9f9
2025-05-10 14:13:06.034 [INFO] [restartedMain] [com.zaxxer.hikari.HikariDataSource] - HikariPool-12 - Start completed.
2025-05-10 14:13:06.035 [INFO] [restartedMain] [o.hibernate.orm.connections.pooling] - HHH10001005: Database info:
	Database JDBC URL [Connecting through datasource 'HikariDataSource (HikariPool-12)']
	Database driver: undefined/unknown
	Database version: 11.7.2
	Autocommit mode: undefined/unknown
	Isolation level: undefined/unknown
	Minimum pool size: undefined/unknown
	Maximum pool size: undefined/unknown
2025-05-10 14:13:06.176 [INFO] [restartedMain] [o.h.e.t.j.p.i.JtaPlatformInitiator] - HHH000489: No JTA platform available (set 'hibernate.transaction.jta.platform' to enable JTA platform integration)
2025-05-10 14:13:06.200 [INFO] [restartedMain] [o.s.o.j.LocalContainerEntityManagerFactoryBean] - Initialized JPA EntityManagerFactory for persistence unit 'default'
2025-05-10 14:13:06.388 [INFO] [restartedMain] [o.s.s.c.a.a.c.InitializeUserDetailsBeanManagerConfigurer$InitializeUserDetailsManagerConfigurer] - Global AuthenticationManager configured with UserDetailsService bean with name inMemoryUserDetailsManager
2025-05-10 14:13:06.396 [INFO] [restartedMain] [o.s.b.a.w.s.WelcomePageHandlerMapping] - Adding welcome page: class path resource [static/index.html]
2025-05-10 14:13:06.703 [INFO] [restartedMain] [o.s.v.b.OptionalValidatorFactoryBean] - Failed to set up a Bean Validation provider: jakarta.validation.NoProviderFoundException: Unable to create a Configuration, because no Jakarta Bean Validation provider could be found. Add a provider like Hibernate Validator (RI) to your classpath.
2025-05-10 14:13:06.756 [INFO] [restartedMain] [o.s.b.d.a.OptionalLiveReloadServer] - LiveReload server is running on port 35729
2025-05-10 14:13:06.762 [INFO] [restartedMain] [o.a.coyote.http11.Http11NioProtocol] - Starting ProtocolHandler ["http-nio-8080"]
2025-05-10 14:13:06.764 [INFO] [restartedMain] [o.s.b.w.e.tomcat.TomcatWebServer] - Tomcat started on port 8080 (http) with context path '/'
2025-05-10 14:13:06.767 [INFO] [restartedMain] [c.g.aigroove.AigrooveApplication] - Started AigrooveApplication in 1.251 seconds (process running for 2664.395)
2025-05-10 14:13:06.768 [INFO] [restartedMain] [o.s.b.d.a.ConditionEvaluationDeltaLoggingListener] - Condition evaluation unchanged
2025-05-10 14:13:51.742 [INFO] [File Watcher] [o.s.b.d.a.LocalDevToolsAutoConfiguration$RestartingClassPathChangeChangedEventListener] - Restarting due to 1 class path change (0 additions, 0 deletions, 1 modification)
2025-05-10 14:13:51.744 [INFO] [Thread-52] [o.s.b.w.e.tomcat.GracefulShutdown] - Commencing graceful shutdown. Waiting for active requests to complete
2025-05-10 14:13:51.744 [INFO] [tomcat-shutdown] [o.a.coyote.http11.Http11NioProtocol] - Pausing ProtocolHandler ["http-nio-8080"]
2025-05-10 14:13:51.832 [INFO] [tomcat-shutdown] [o.s.b.w.e.tomcat.GracefulShutdown] - Graceful shutdown complete
2025-05-10 14:13:51.833 [INFO] [Thread-52] [o.a.coyote.http11.Http11NioProtocol] - Stopping ProtocolHandler ["http-nio-8080"]
2025-05-10 14:13:51.835 [INFO] [Thread-52] [o.s.o.j.LocalContainerEntityManagerFactoryBean] - Closing JPA EntityManagerFactory for persistence unit 'default'
2025-05-10 14:13:51.835 [INFO] [Thread-52] [com.zaxxer.hikari.HikariDataSource] - HikariPool-12 - Shutdown initiated...
2025-05-10 14:13:51.837 [INFO] [Thread-52] [com.zaxxer.hikari.HikariDataSource] - HikariPool-12 - Shutdown completed.
2025-05-10 14:13:51.958 [INFO] [restartedMain] [c.g.aigroove.AigrooveApplication] - Starting AigrooveApplication using Java 17.0.15 with PID 12672 (C:\dev\AIGroove_api\aigroove\bin\main started by 문유신 in C:\dev\AIGroove_api\aigroove)
2025-05-10 14:13:51.959 [INFO] [restartedMain] [c.g.aigroove.AigrooveApplication] - No active profile set, falling back to 1 default profile: "default"
2025-05-10 14:13:52.239 [INFO] [restartedMain] [o.s.d.r.c.RepositoryConfigurationDelegate] - Bootstrapping Spring Data JPA repositories in DEFAULT mode.
2025-05-10 14:13:52.280 [INFO] [restartedMain] [o.s.d.r.c.RepositoryConfigurationDelegate] - Finished Spring Data repository scanning in 40 ms. Found 11 JPA repository interfaces.
2025-05-10 14:13:52.363 [INFO] [restartedMain] [o.s.b.w.e.tomcat.TomcatWebServer] - Tomcat initialized with port 8080 (http)
2025-05-10 14:13:52.364 [INFO] [restartedMain] [o.a.coyote.http11.Http11NioProtocol] - Initializing ProtocolHandler ["http-nio-8080"]
2025-05-10 14:13:52.364 [INFO] [restartedMain] [o.a.catalina.core.StandardService] - Starting service [Tomcat]
2025-05-10 14:13:52.364 [INFO] [restartedMain] [o.a.catalina.core.StandardEngine] - Starting Servlet engine: [Apache Tomcat/10.1.39]
2025-05-10 14:13:52.385 [INFO] [restartedMain] [o.a.c.c.C.[Tomcat-1].[localhost].[/]] - Initializing Spring embedded WebApplicationContext
2025-05-10 14:13:52.385 [INFO] [restartedMain] [o.s.b.w.s.c.ServletWebServerApplicationContext] - Root WebApplicationContext: initialization completed in 422 ms
2025-05-10 14:13:52.409 [INFO] [restartedMain] [o.h.jpa.internal.util.LogHelper] - HHH000204: Processing PersistenceUnitInfo [name: default]
2025-05-10 14:13:52.415 [INFO] [restartedMain] [o.h.c.i.RegionFactoryInitiator] - HHH000026: Second-level cache disabled
2025-05-10 14:13:52.425 [INFO] [restartedMain] [o.s.o.j.p.SpringPersistenceUnitInfo] - No LoadTimeWeaver setup: ignoring JPA class transformer
2025-05-10 14:13:52.427 [INFO] [restartedMain] [com.zaxxer.hikari.HikariDataSource] - HikariPool-13 - Starting...
2025-05-10 14:13:52.429 [INFO] [restartedMain] [com.zaxxer.hikari.pool.HikariPool] - HikariPool-13 - Added connection org.mariadb.jdbc.MariaDbConnection@fb0d27a
2025-05-10 14:13:52.429 [INFO] [restartedMain] [com.zaxxer.hikari.HikariDataSource] - HikariPool-13 - Start completed.
2025-05-10 14:13:52.430 [INFO] [restartedMain] [o.hibernate.orm.connections.pooling] - HHH10001005: Database info:
	Database JDBC URL [Connecting through datasource 'HikariDataSource (HikariPool-13)']
	Database driver: undefined/unknown
	Database version: 11.7.2
	Autocommit mode: undefined/unknown
	Isolation level: undefined/unknown
	Minimum pool size: undefined/unknown
	Maximum pool size: undefined/unknown
2025-05-10 14:13:52.608 [INFO] [restartedMain] [o.h.e.t.j.p.i.JtaPlatformInitiator] - HHH000489: No JTA platform available (set 'hibernate.transaction.jta.platform' to enable JTA platform integration)
2025-05-10 14:13:52.641 [INFO] [restartedMain] [o.s.o.j.LocalContainerEntityManagerFactoryBean] - Initialized JPA EntityManagerFactory for persistence unit 'default'
2025-05-10 14:13:52.819 [INFO] [restartedMain] [o.s.s.c.a.a.c.InitializeUserDetailsBeanManagerConfigurer$InitializeUserDetailsManagerConfigurer] - Global AuthenticationManager configured with UserDetailsService bean with name inMemoryUserDetailsManager
2025-05-10 14:13:52.826 [INFO] [restartedMain] [o.s.b.a.w.s.WelcomePageHandlerMapping] - Adding welcome page: class path resource [static/index.html]
2025-05-10 14:13:53.135 [INFO] [restartedMain] [o.s.v.b.OptionalValidatorFactoryBean] - Failed to set up a Bean Validation provider: jakarta.validation.NoProviderFoundException: Unable to create a Configuration, because no Jakarta Bean Validation provider could be found. Add a provider like Hibernate Validator (RI) to your classpath.
2025-05-10 14:13:53.202 [INFO] [restartedMain] [o.s.b.d.a.OptionalLiveReloadServer] - LiveReload server is running on port 35729
2025-05-10 14:13:53.207 [INFO] [restartedMain] [o.a.coyote.http11.Http11NioProtocol] - Starting ProtocolHandler ["http-nio-8080"]
2025-05-10 14:13:53.210 [INFO] [restartedMain] [o.s.b.w.e.tomcat.TomcatWebServer] - Tomcat started on port 8080 (http) with context path '/'
2025-05-10 14:13:53.212 [INFO] [restartedMain] [c.g.aigroove.AigrooveApplication] - Started AigrooveApplication in 1.295 seconds (process running for 2710.84)
2025-05-10 14:13:53.213 [INFO] [restartedMain] [o.s.b.d.a.ConditionEvaluationDeltaLoggingListener] - Condition evaluation unchanged
2025-05-10 14:13:59.324 [INFO] [http-nio-8080-exec-1] [o.a.c.c.C.[Tomcat-1].[localhost].[/]] - Initializing Spring DispatcherServlet 'dispatcherServlet'
2025-05-10 14:13:59.325 [INFO] [http-nio-8080-exec-1] [o.s.web.servlet.DispatcherServlet] - Initializing Servlet 'dispatcherServlet'
2025-05-10 14:13:59.326 [INFO] [http-nio-8080-exec-1] [o.s.web.servlet.DispatcherServlet] - Completed initialization in 1 ms
2025-05-10 14:13:59.984 [INFO] [http-nio-8080-exec-9] [o.s.api.AbstractOpenApiResource] - Init duration for springdoc-openapi is: 173 ms
2025-05-10 14:17:00.119 [INFO] [File Watcher] [o.s.b.d.a.LocalDevToolsAutoConfiguration$RestartingClassPathChangeChangedEventListener] - Restarting due to 1 class path change (0 additions, 0 deletions, 1 modification)
2025-05-10 14:17:00.120 [INFO] [Thread-56] [o.s.b.w.e.tomcat.GracefulShutdown] - Commencing graceful shutdown. Waiting for active requests to complete
2025-05-10 14:17:00.121 [INFO] [tomcat-shutdown] [o.a.coyote.http11.Http11NioProtocol] - Pausing ProtocolHandler ["http-nio-8080"]
2025-05-10 14:17:00.209 [INFO] [tomcat-shutdown] [o.s.b.w.e.tomcat.GracefulShutdown] - Graceful shutdown complete
2025-05-10 14:17:00.210 [INFO] [Thread-56] [o.a.coyote.http11.Http11NioProtocol] - Stopping ProtocolHandler ["http-nio-8080"]
2025-05-10 14:17:00.212 [INFO] [Thread-56] [o.s.o.j.LocalContainerEntityManagerFactoryBean] - Closing JPA EntityManagerFactory for persistence unit 'default'
2025-05-10 14:17:00.212 [INFO] [Thread-56] [com.zaxxer.hikari.HikariDataSource] - HikariPool-13 - Shutdown initiated...
2025-05-10 14:17:00.214 [INFO] [Thread-56] [com.zaxxer.hikari.HikariDataSource] - HikariPool-13 - Shutdown completed.
2025-05-10 14:17:00.305 [INFO] [restartedMain] [c.g.aigroove.AigrooveApplication] - Starting AigrooveApplication using Java 17.0.15 with PID 12672 (C:\dev\AIGroove_api\aigroove\bin\main started by 문유신 in C:\dev\AIGroove_api\aigroove)
2025-05-10 14:17:00.305 [INFO] [restartedMain] [c.g.aigroove.AigrooveApplication] - No active profile set, falling back to 1 default profile: "default"
2025-05-10 14:17:00.595 [INFO] [restartedMain] [o.s.d.r.c.RepositoryConfigurationDelegate] - Bootstrapping Spring Data JPA repositories in DEFAULT mode.
2025-05-10 14:17:00.634 [INFO] [restartedMain] [o.s.d.r.c.RepositoryConfigurationDelegate] - Finished Spring Data repository scanning in 37 ms. Found 11 JPA repository interfaces.
2025-05-10 14:17:00.734 [INFO] [restartedMain] [o.s.b.w.e.tomcat.TomcatWebServer] - Tomcat initialized with port 8080 (http)
2025-05-10 14:17:00.735 [INFO] [restartedMain] [o.a.coyote.http11.Http11NioProtocol] - Initializing ProtocolHandler ["http-nio-8080"]
2025-05-10 14:17:00.735 [INFO] [restartedMain] [o.a.catalina.core.StandardService] - Starting service [Tomcat]
2025-05-10 14:17:00.735 [INFO] [restartedMain] [o.a.catalina.core.StandardEngine] - Starting Servlet engine: [Apache Tomcat/10.1.39]
2025-05-10 14:17:00.759 [INFO] [restartedMain] [o.a.c.c.C.[Tomcat-1].[localhost].[/]] - Initializing Spring embedded WebApplicationContext
2025-05-10 14:17:00.759 [INFO] [restartedMain] [o.s.b.w.s.c.ServletWebServerApplicationContext] - Root WebApplicationContext: initialization completed in 451 ms
2025-05-10 14:17:00.788 [INFO] [restartedMain] [o.h.jpa.internal.util.LogHelper] - HHH000204: Processing PersistenceUnitInfo [name: default]
2025-05-10 14:17:00.793 [INFO] [restartedMain] [o.h.c.i.RegionFactoryInitiator] - HHH000026: Second-level cache disabled
2025-05-10 14:17:00.803 [INFO] [restartedMain] [o.s.o.j.p.SpringPersistenceUnitInfo] - No LoadTimeWeaver setup: ignoring JPA class transformer
2025-05-10 14:17:00.804 [INFO] [restartedMain] [com.zaxxer.hikari.HikariDataSource] - HikariPool-14 - Starting...
2025-05-10 14:17:00.806 [INFO] [restartedMain] [com.zaxxer.hikari.pool.HikariPool] - HikariPool-14 - Added connection org.mariadb.jdbc.MariaDbConnection@2e8325c9
2025-05-10 14:17:00.807 [INFO] [restartedMain] [com.zaxxer.hikari.HikariDataSource] - HikariPool-14 - Start completed.
2025-05-10 14:17:00.808 [INFO] [restartedMain] [o.hibernate.orm.connections.pooling] - HHH10001005: Database info:
	Database JDBC URL [Connecting through datasource 'HikariDataSource (HikariPool-14)']
	Database driver: undefined/unknown
	Database version: 11.7.2
	Autocommit mode: undefined/unknown
	Isolation level: undefined/unknown
	Minimum pool size: undefined/unknown
	Maximum pool size: undefined/unknown
2025-05-10 14:17:00.948 [INFO] [restartedMain] [o.h.e.t.j.p.i.JtaPlatformInitiator] - HHH000489: No JTA platform available (set 'hibernate.transaction.jta.platform' to enable JTA platform integration)
2025-05-10 14:17:00.985 [INFO] [restartedMain] [o.s.o.j.LocalContainerEntityManagerFactoryBean] - Initialized JPA EntityManagerFactory for persistence unit 'default'
2025-05-10 14:17:01.211 [INFO] [restartedMain] [o.s.s.c.a.a.c.InitializeUserDetailsBeanManagerConfigurer$InitializeUserDetailsManagerConfigurer] - Global AuthenticationManager configured with UserDetailsService bean with name inMemoryUserDetailsManager
2025-05-10 14:17:01.220 [INFO] [restartedMain] [o.s.b.a.w.s.WelcomePageHandlerMapping] - Adding welcome page: class path resource [static/index.html]
2025-05-10 14:17:01.539 [INFO] [restartedMain] [o.s.v.b.OptionalValidatorFactoryBean] - Failed to set up a Bean Validation provider: jakarta.validation.NoProviderFoundException: Unable to create a Configuration, because no Jakarta Bean Validation provider could be found. Add a provider like Hibernate Validator (RI) to your classpath.
2025-05-10 14:17:01.605 [INFO] [restartedMain] [o.s.b.d.a.OptionalLiveReloadServer] - LiveReload server is running on port 35729
2025-05-10 14:17:01.611 [INFO] [restartedMain] [o.a.coyote.http11.Http11NioProtocol] - Starting ProtocolHandler ["http-nio-8080"]
2025-05-10 14:17:01.615 [INFO] [restartedMain] [o.s.b.w.e.tomcat.TomcatWebServer] - Tomcat started on port 8080 (http) with context path '/'
2025-05-10 14:17:01.617 [INFO] [restartedMain] [c.g.aigroove.AigrooveApplication] - Started AigrooveApplication in 1.34 seconds (process running for 2899.245)
2025-05-10 14:17:01.618 [INFO] [restartedMain] [o.s.b.d.a.ConditionEvaluationDeltaLoggingListener] - Condition evaluation unchanged
2025-05-10 14:17:36.212 [INFO] [File Watcher] [o.s.b.d.a.LocalDevToolsAutoConfiguration$RestartingClassPathChangeChangedEventListener] - Restarting due to 1 class path change (0 additions, 0 deletions, 1 modification)
2025-05-10 14:17:36.214 [INFO] [Thread-60] [o.s.b.w.e.tomcat.GracefulShutdown] - Commencing graceful shutdown. Waiting for active requests to complete
2025-05-10 14:17:36.214 [INFO] [tomcat-shutdown] [o.a.coyote.http11.Http11NioProtocol] - Pausing ProtocolHandler ["http-nio-8080"]
2025-05-10 14:17:36.300 [INFO] [tomcat-shutdown] [o.s.b.w.e.tomcat.GracefulShutdown] - Graceful shutdown complete
2025-05-10 14:17:36.300 [INFO] [Thread-60] [o.a.coyote.http11.Http11NioProtocol] - Stopping ProtocolHandler ["http-nio-8080"]
2025-05-10 14:17:36.302 [INFO] [Thread-60] [o.s.o.j.LocalContainerEntityManagerFactoryBean] - Closing JPA EntityManagerFactory for persistence unit 'default'
2025-05-10 14:17:36.302 [INFO] [Thread-60] [com.zaxxer.hikari.HikariDataSource] - HikariPool-14 - Shutdown initiated...
2025-05-10 14:17:36.304 [INFO] [Thread-60] [com.zaxxer.hikari.HikariDataSource] - HikariPool-14 - Shutdown completed.
2025-05-10 14:17:36.400 [INFO] [restartedMain] [c.g.aigroove.AigrooveApplication] - Starting AigrooveApplication using Java 17.0.15 with PID 12672 (C:\dev\AIGroove_api\aigroove\bin\main started by 문유신 in C:\dev\AIGroove_api\aigroove)
2025-05-10 14:17:36.400 [INFO] [restartedMain] [c.g.aigroove.AigrooveApplication] - No active profile set, falling back to 1 default profile: "default"
2025-05-10 14:17:36.666 [INFO] [restartedMain] [o.s.d.r.c.RepositoryConfigurationDelegate] - Bootstrapping Spring Data JPA repositories in DEFAULT mode.
2025-05-10 14:17:36.703 [INFO] [restartedMain] [o.s.d.r.c.RepositoryConfigurationDelegate] - Finished Spring Data repository scanning in 35 ms. Found 11 JPA repository interfaces.
2025-05-10 14:17:36.787 [INFO] [restartedMain] [o.s.b.w.e.tomcat.TomcatWebServer] - Tomcat initialized with port 8080 (http)
2025-05-10 14:17:36.788 [INFO] [restartedMain] [o.a.coyote.http11.Http11NioProtocol] - Initializing ProtocolHandler ["http-nio-8080"]
2025-05-10 14:17:36.788 [INFO] [restartedMain] [o.a.catalina.core.StandardService] - Starting service [Tomcat]
2025-05-10 14:17:36.789 [INFO] [restartedMain] [o.a.catalina.core.StandardEngine] - Starting Servlet engine: [Apache Tomcat/10.1.39]
2025-05-10 14:17:36.813 [INFO] [restartedMain] [o.a.c.c.C.[Tomcat-1].[localhost].[/]] - Initializing Spring embedded WebApplicationContext
2025-05-10 14:17:36.814 [INFO] [restartedMain] [o.s.b.w.s.c.ServletWebServerApplicationContext] - Root WebApplicationContext: initialization completed in 412 ms
2025-05-10 14:17:36.838 [INFO] [restartedMain] [o.h.jpa.internal.util.LogHelper] - HHH000204: Processing PersistenceUnitInfo [name: default]
2025-05-10 14:17:36.842 [INFO] [restartedMain] [o.h.c.i.RegionFactoryInitiator] - HHH000026: Second-level cache disabled
2025-05-10 14:17:36.852 [INFO] [restartedMain] [o.s.o.j.p.SpringPersistenceUnitInfo] - No LoadTimeWeaver setup: ignoring JPA class transformer
2025-05-10 14:17:36.853 [INFO] [restartedMain] [com.zaxxer.hikari.HikariDataSource] - HikariPool-15 - Starting...
2025-05-10 14:17:36.855 [INFO] [restartedMain] [com.zaxxer.hikari.pool.HikariPool] - HikariPool-15 - Added connection org.mariadb.jdbc.MariaDbConnection@645bdad5
2025-05-10 14:17:36.855 [INFO] [restartedMain] [com.zaxxer.hikari.HikariDataSource] - HikariPool-15 - Start completed.
2025-05-10 14:17:36.855 [INFO] [restartedMain] [o.hibernate.orm.connections.pooling] - HHH10001005: Database info:
	Database JDBC URL [Connecting through datasource 'HikariDataSource (HikariPool-15)']
	Database driver: undefined/unknown
	Database version: 11.7.2
	Autocommit mode: undefined/unknown
	Isolation level: undefined/unknown
	Minimum pool size: undefined/unknown
	Maximum pool size: undefined/unknown
2025-05-10 14:17:36.995 [INFO] [restartedMain] [o.h.e.t.j.p.i.JtaPlatformInitiator] - HHH000489: No JTA platform available (set 'hibernate.transaction.jta.platform' to enable JTA platform integration)
2025-05-10 14:17:37.020 [INFO] [restartedMain] [o.s.o.j.LocalContainerEntityManagerFactoryBean] - Initialized JPA EntityManagerFactory for persistence unit 'default'
2025-05-10 14:17:37.195 [INFO] [restartedMain] [o.s.s.c.a.a.c.InitializeUserDetailsBeanManagerConfigurer$InitializeUserDetailsManagerConfigurer] - Global AuthenticationManager configured with UserDetailsService bean with name inMemoryUserDetailsManager
2025-05-10 14:17:37.200 [INFO] [restartedMain] [o.s.b.a.w.s.WelcomePageHandlerMapping] - Adding welcome page: class path resource [static/index.html]
2025-05-10 14:17:37.503 [INFO] [restartedMain] [o.s.v.b.OptionalValidatorFactoryBean] - Failed to set up a Bean Validation provider: jakarta.validation.NoProviderFoundException: Unable to create a Configuration, because no Jakarta Bean Validation provider could be found. Add a provider like Hibernate Validator (RI) to your classpath.
2025-05-10 14:17:37.574 [INFO] [restartedMain] [o.s.b.d.a.OptionalLiveReloadServer] - LiveReload server is running on port 35729
2025-05-10 14:17:37.578 [INFO] [restartedMain] [o.a.coyote.http11.Http11NioProtocol] - Starting ProtocolHandler ["http-nio-8080"]
2025-05-10 14:17:37.580 [INFO] [restartedMain] [o.s.b.w.e.tomcat.TomcatWebServer] - Tomcat started on port 8080 (http) with context path '/'
2025-05-10 14:17:37.583 [INFO] [restartedMain] [c.g.aigroove.AigrooveApplication] - Started AigrooveApplication in 1.211 seconds (process running for 2935.211)
2025-05-10 14:17:37.584 [INFO] [restartedMain] [o.s.b.d.a.ConditionEvaluationDeltaLoggingListener] - Condition evaluation unchanged
2025-05-10 14:17:53.152 [INFO] [http-nio-8080-exec-1] [o.a.c.c.C.[Tomcat-1].[localhost].[/]] - Initializing Spring DispatcherServlet 'dispatcherServlet'
2025-05-10 14:17:53.152 [INFO] [http-nio-8080-exec-1] [o.s.web.servlet.DispatcherServlet] - Initializing Servlet 'dispatcherServlet'
2025-05-10 14:17:53.153 [INFO] [http-nio-8080-exec-1] [o.s.web.servlet.DispatcherServlet] - Completed initialization in 1 ms
2025-05-10 14:18:19.578 [INFO] [File Watcher] [o.s.b.d.a.LocalDevToolsAutoConfiguration$RestartingClassPathChangeChangedEventListener] - Restarting due to 1 class path change (0 additions, 0 deletions, 1 modification)
2025-05-10 14:18:19.579 [INFO] [Thread-64] [o.s.b.w.e.tomcat.GracefulShutdown] - Commencing graceful shutdown. Waiting for active requests to complete
2025-05-10 14:18:19.580 [INFO] [tomcat-shutdown] [o.a.coyote.http11.Http11NioProtocol] - Pausing ProtocolHandler ["http-nio-8080"]
2025-05-10 14:18:19.671 [INFO] [tomcat-shutdown] [o.s.b.w.e.tomcat.GracefulShutdown] - Graceful shutdown complete
2025-05-10 14:18:19.672 [INFO] [Thread-64] [o.a.coyote.http11.Http11NioProtocol] - Stopping ProtocolHandler ["http-nio-8080"]
2025-05-10 14:18:19.674 [INFO] [Thread-64] [o.s.o.j.LocalContainerEntityManagerFactoryBean] - Closing JPA EntityManagerFactory for persistence unit 'default'
2025-05-10 14:18:19.675 [INFO] [Thread-64] [com.zaxxer.hikari.HikariDataSource] - HikariPool-15 - Shutdown initiated...
2025-05-10 14:18:19.678 [INFO] [Thread-64] [com.zaxxer.hikari.HikariDataSource] - HikariPool-15 - Shutdown completed.
2025-05-10 14:18:19.791 [INFO] [restartedMain] [c.g.aigroove.AigrooveApplication] - Starting AigrooveApplication using Java 17.0.15 with PID 12672 (C:\dev\AIGroove_api\aigroove\bin\main started by 문유신 in C:\dev\AIGroove_api\aigroove)
2025-05-10 14:18:19.792 [INFO] [restartedMain] [c.g.aigroove.AigrooveApplication] - No active profile set, falling back to 1 default profile: "default"
2025-05-10 14:18:20.081 [INFO] [restartedMain] [o.s.d.r.c.RepositoryConfigurationDelegate] - Bootstrapping Spring Data JPA repositories in DEFAULT mode.
2025-05-10 14:18:20.115 [INFO] [restartedMain] [o.s.d.r.c.RepositoryConfigurationDelegate] - Finished Spring Data repository scanning in 33 ms. Found 11 JPA repository interfaces.
2025-05-10 14:18:20.220 [INFO] [restartedMain] [o.s.b.w.e.tomcat.TomcatWebServer] - Tomcat initialized with port 8080 (http)
2025-05-10 14:18:20.221 [INFO] [restartedMain] [o.a.coyote.http11.Http11NioProtocol] - Initializing ProtocolHandler ["http-nio-8080"]
2025-05-10 14:18:20.221 [INFO] [restartedMain] [o.a.catalina.core.StandardService] - Starting service [Tomcat]
2025-05-10 14:18:20.221 [INFO] [restartedMain] [o.a.catalina.core.StandardEngine] - Starting Servlet engine: [Apache Tomcat/10.1.39]
2025-05-10 14:18:20.242 [INFO] [restartedMain] [o.a.c.c.C.[Tomcat-1].[localhost].[/]] - Initializing Spring embedded WebApplicationContext
2025-05-10 14:18:20.243 [INFO] [restartedMain] [o.s.b.w.s.c.ServletWebServerApplicationContext] - Root WebApplicationContext: initialization completed in 448 ms
2025-05-10 14:18:20.276 [INFO] [restartedMain] [o.h.jpa.internal.util.LogHelper] - HHH000204: Processing PersistenceUnitInfo [name: default]
2025-05-10 14:18:20.281 [INFO] [restartedMain] [o.h.c.i.RegionFactoryInitiator] - HHH000026: Second-level cache disabled
2025-05-10 14:18:20.297 [INFO] [restartedMain] [o.s.o.j.p.SpringPersistenceUnitInfo] - No LoadTimeWeaver setup: ignoring JPA class transformer
2025-05-10 14:18:20.299 [INFO] [restartedMain] [com.zaxxer.hikari.HikariDataSource] - HikariPool-16 - Starting...
2025-05-10 14:18:20.301 [INFO] [restartedMain] [com.zaxxer.hikari.pool.HikariPool] - HikariPool-16 - Added connection org.mariadb.jdbc.MariaDbConnection@2e81bcc6
2025-05-10 14:18:20.302 [INFO] [restartedMain] [com.zaxxer.hikari.HikariDataSource] - HikariPool-16 - Start completed.
2025-05-10 14:18:20.303 [INFO] [restartedMain] [o.hibernate.orm.connections.pooling] - HHH10001005: Database info:
	Database JDBC URL [Connecting through datasource 'HikariDataSource (HikariPool-16)']
	Database driver: undefined/unknown
	Database version: 11.7.2
	Autocommit mode: undefined/unknown
	Isolation level: undefined/unknown
	Minimum pool size: undefined/unknown
	Maximum pool size: undefined/unknown
2025-05-10 14:18:20.431 [INFO] [restartedMain] [o.h.e.t.j.p.i.JtaPlatformInitiator] - HHH000489: No JTA platform available (set 'hibernate.transaction.jta.platform' to enable JTA platform integration)
2025-05-10 14:18:20.460 [INFO] [restartedMain] [o.s.o.j.LocalContainerEntityManagerFactoryBean] - Initialized JPA EntityManagerFactory for persistence unit 'default'
2025-05-10 14:18:20.652 [INFO] [restartedMain] [o.s.s.c.a.a.c.InitializeUserDetailsBeanManagerConfigurer$InitializeUserDetailsManagerConfigurer] - Global AuthenticationManager configured with UserDetailsService bean with name inMemoryUserDetailsManager
2025-05-10 14:18:20.658 [INFO] [restartedMain] [o.s.b.a.w.s.WelcomePageHandlerMapping] - Adding welcome page: class path resource [static/index.html]
2025-05-10 14:18:20.965 [INFO] [restartedMain] [o.s.v.b.OptionalValidatorFactoryBean] - Failed to set up a Bean Validation provider: jakarta.validation.NoProviderFoundException: Unable to create a Configuration, because no Jakarta Bean Validation provider could be found. Add a provider like Hibernate Validator (RI) to your classpath.
2025-05-10 14:18:21.033 [INFO] [restartedMain] [o.s.b.d.a.OptionalLiveReloadServer] - LiveReload server is running on port 35729
2025-05-10 14:18:21.037 [INFO] [restartedMain] [o.a.coyote.http11.Http11NioProtocol] - Starting ProtocolHandler ["http-nio-8080"]
2025-05-10 14:18:21.040 [INFO] [restartedMain] [o.s.b.w.e.tomcat.TomcatWebServer] - Tomcat started on port 8080 (http) with context path '/'
2025-05-10 14:18:21.043 [INFO] [restartedMain] [c.g.aigroove.AigrooveApplication] - Started AigrooveApplication in 1.287 seconds (process running for 2978.67)
2025-05-10 14:18:21.043 [INFO] [restartedMain] [o.s.b.d.a.ConditionEvaluationDeltaLoggingListener] - Condition evaluation unchanged
2025-05-10 14:18:23.001 [INFO] [http-nio-8080-exec-4] [o.a.c.c.C.[Tomcat-1].[localhost].[/]] - Initializing Spring DispatcherServlet 'dispatcherServlet'
2025-05-10 14:18:23.003 [INFO] [http-nio-8080-exec-4] [o.s.web.servlet.DispatcherServlet] - Initializing Servlet 'dispatcherServlet'
2025-05-10 14:18:23.003 [INFO] [http-nio-8080-exec-4] [o.s.web.servlet.DispatcherServlet] - Completed initialization in 0 ms
2025-05-10 14:18:57.696 [INFO] [File Watcher] [o.s.b.d.a.LocalDevToolsAutoConfiguration$RestartingClassPathChangeChangedEventListener] - Restarting due to 1 class path change (0 additions, 0 deletions, 1 modification)
2025-05-10 14:18:57.698 [INFO] [Thread-68] [o.s.b.w.e.tomcat.GracefulShutdown] - Commencing graceful shutdown. Waiting for active requests to complete
2025-05-10 14:18:57.698 [INFO] [tomcat-shutdown] [o.a.coyote.http11.Http11NioProtocol] - Pausing ProtocolHandler ["http-nio-8080"]
2025-05-10 14:18:57.779 [INFO] [tomcat-shutdown] [o.s.b.w.e.tomcat.GracefulShutdown] - Graceful shutdown complete
2025-05-10 14:18:57.780 [INFO] [Thread-68] [o.a.coyote.http11.Http11NioProtocol] - Stopping ProtocolHandler ["http-nio-8080"]
2025-05-10 14:18:57.781 [INFO] [Thread-68] [o.s.o.j.LocalContainerEntityManagerFactoryBean] - Closing JPA EntityManagerFactory for persistence unit 'default'
2025-05-10 14:18:57.782 [INFO] [Thread-68] [com.zaxxer.hikari.HikariDataSource] - HikariPool-16 - Shutdown initiated...
2025-05-10 14:18:57.784 [INFO] [Thread-68] [com.zaxxer.hikari.HikariDataSource] - HikariPool-16 - Shutdown completed.
2025-05-10 14:18:57.895 [INFO] [restartedMain] [c.g.aigroove.AigrooveApplication] - Starting AigrooveApplication using Java 17.0.15 with PID 12672 (C:\dev\AIGroove_api\aigroove\bin\main started by 문유신 in C:\dev\AIGroove_api\aigroove)
2025-05-10 14:18:57.896 [INFO] [restartedMain] [c.g.aigroove.AigrooveApplication] - No active profile set, falling back to 1 default profile: "default"
2025-05-10 14:18:58.156 [INFO] [restartedMain] [o.s.d.r.c.RepositoryConfigurationDelegate] - Bootstrapping Spring Data JPA repositories in DEFAULT mode.
2025-05-10 14:18:58.193 [INFO] [restartedMain] [o.s.d.r.c.RepositoryConfigurationDelegate] - Finished Spring Data repository scanning in 36 ms. Found 11 JPA repository interfaces.
2025-05-10 14:18:58.278 [INFO] [restartedMain] [o.s.b.w.e.tomcat.TomcatWebServer] - Tomcat initialized with port 8080 (http)
2025-05-10 14:18:58.279 [INFO] [restartedMain] [o.a.coyote.http11.Http11NioProtocol] - Initializing ProtocolHandler ["http-nio-8080"]
2025-05-10 14:18:58.279 [INFO] [restartedMain] [o.a.catalina.core.StandardService] - Starting service [Tomcat]
2025-05-10 14:18:58.279 [INFO] [restartedMain] [o.a.catalina.core.StandardEngine] - Starting Servlet engine: [Apache Tomcat/10.1.39]
2025-05-10 14:18:58.302 [INFO] [restartedMain] [o.a.c.c.C.[Tomcat-1].[localhost].[/]] - Initializing Spring embedded WebApplicationContext
2025-05-10 14:18:58.302 [INFO] [restartedMain] [o.s.b.w.s.c.ServletWebServerApplicationContext] - Root WebApplicationContext: initialization completed in 404 ms
2025-05-10 14:18:58.328 [INFO] [restartedMain] [o.h.jpa.internal.util.LogHelper] - HHH000204: Processing PersistenceUnitInfo [name: default]
2025-05-10 14:18:58.333 [INFO] [restartedMain] [o.h.c.i.RegionFactoryInitiator] - HHH000026: Second-level cache disabled
2025-05-10 14:18:58.344 [INFO] [restartedMain] [o.s.o.j.p.SpringPersistenceUnitInfo] - No LoadTimeWeaver setup: ignoring JPA class transformer
2025-05-10 14:18:58.345 [INFO] [restartedMain] [com.zaxxer.hikari.HikariDataSource] - HikariPool-17 - Starting...
2025-05-10 14:18:58.347 [INFO] [restartedMain] [com.zaxxer.hikari.pool.HikariPool] - HikariPool-17 - Added connection org.mariadb.jdbc.MariaDbConnection@3950be48
2025-05-10 14:18:58.348 [INFO] [restartedMain] [com.zaxxer.hikari.HikariDataSource] - HikariPool-17 - Start completed.
2025-05-10 14:18:58.349 [INFO] [restartedMain] [o.hibernate.orm.connections.pooling] - HHH10001005: Database info:
	Database JDBC URL [Connecting through datasource 'HikariDataSource (HikariPool-17)']
	Database driver: undefined/unknown
	Database version: 11.7.2
	Autocommit mode: undefined/unknown
	Isolation level: undefined/unknown
	Minimum pool size: undefined/unknown
	Maximum pool size: undefined/unknown
2025-05-10 14:18:58.480 [INFO] [restartedMain] [o.h.e.t.j.p.i.JtaPlatformInitiator] - HHH000489: No JTA platform available (set 'hibernate.transaction.jta.platform' to enable JTA platform integration)
2025-05-10 14:18:58.506 [INFO] [restartedMain] [o.s.o.j.LocalContainerEntityManagerFactoryBean] - Initialized JPA EntityManagerFactory for persistence unit 'default'
2025-05-10 14:18:58.680 [INFO] [restartedMain] [o.s.s.c.a.a.c.InitializeUserDetailsBeanManagerConfigurer$InitializeUserDetailsManagerConfigurer] - Global AuthenticationManager configured with UserDetailsService bean with name inMemoryUserDetailsManager
2025-05-10 14:18:58.686 [INFO] [restartedMain] [o.s.b.a.w.s.WelcomePageHandlerMapping] - Adding welcome page: class path resource [static/index.html]
2025-05-10 14:18:59.040 [INFO] [restartedMain] [o.s.v.b.OptionalValidatorFactoryBean] - Failed to set up a Bean Validation provider: jakarta.validation.NoProviderFoundException: Unable to create a Configuration, because no Jakarta Bean Validation provider could be found. Add a provider like Hibernate Validator (RI) to your classpath.
2025-05-10 14:18:59.138 [INFO] [restartedMain] [o.s.b.d.a.OptionalLiveReloadServer] - LiveReload server is running on port 35729
2025-05-10 14:18:59.144 [INFO] [restartedMain] [o.a.coyote.http11.Http11NioProtocol] - Starting ProtocolHandler ["http-nio-8080"]
2025-05-10 14:18:59.147 [INFO] [restartedMain] [o.s.b.w.e.tomcat.TomcatWebServer] - Tomcat started on port 8080 (http) with context path '/'
2025-05-10 14:18:59.149 [INFO] [restartedMain] [c.g.aigroove.AigrooveApplication] - Started AigrooveApplication in 1.288 seconds (process running for 3016.777)
2025-05-10 14:18:59.150 [INFO] [restartedMain] [o.s.b.d.a.ConditionEvaluationDeltaLoggingListener] - Condition evaluation unchanged
2025-05-10 14:19:02.674 [INFO] [File Watcher] [o.s.b.d.a.LocalDevToolsAutoConfiguration$RestartingClassPathChangeChangedEventListener] - Restarting due to 1 class path change (0 additions, 0 deletions, 1 modification)
2025-05-10 14:19:02.675 [INFO] [Thread-72] [o.s.b.w.e.tomcat.GracefulShutdown] - Commencing graceful shutdown. Waiting for active requests to complete
2025-05-10 14:19:02.676 [INFO] [tomcat-shutdown] [o.a.coyote.http11.Http11NioProtocol] - Pausing ProtocolHandler ["http-nio-8080"]
2025-05-10 14:19:02.757 [INFO] [tomcat-shutdown] [o.s.b.w.e.tomcat.GracefulShutdown] - Graceful shutdown complete
2025-05-10 14:19:02.758 [INFO] [Thread-72] [o.a.coyote.http11.Http11NioProtocol] - Stopping ProtocolHandler ["http-nio-8080"]
2025-05-10 14:19:02.759 [INFO] [Thread-72] [o.s.o.j.LocalContainerEntityManagerFactoryBean] - Closing JPA EntityManagerFactory for persistence unit 'default'
2025-05-10 14:19:02.760 [INFO] [Thread-72] [com.zaxxer.hikari.HikariDataSource] - HikariPool-17 - Shutdown initiated...
2025-05-10 14:19:02.761 [INFO] [Thread-72] [com.zaxxer.hikari.HikariDataSource] - HikariPool-17 - Shutdown completed.
2025-05-10 14:19:02.857 [INFO] [restartedMain] [c.g.aigroove.AigrooveApplication] - Starting AigrooveApplication using Java 17.0.15 with PID 12672 (C:\dev\AIGroove_api\aigroove\bin\main started by 문유신 in C:\dev\AIGroove_api\aigroove)
2025-05-10 14:19:02.857 [INFO] [restartedMain] [c.g.aigroove.AigrooveApplication] - No active profile set, falling back to 1 default profile: "default"
2025-05-10 14:19:03.161 [INFO] [restartedMain] [o.s.d.r.c.RepositoryConfigurationDelegate] - Bootstrapping Spring Data JPA repositories in DEFAULT mode.
2025-05-10 14:19:03.204 [INFO] [restartedMain] [o.s.d.r.c.RepositoryConfigurationDelegate] - Finished Spring Data repository scanning in 42 ms. Found 11 JPA repository interfaces.
2025-05-10 14:19:03.305 [INFO] [restartedMain] [o.s.b.w.e.tomcat.TomcatWebServer] - Tomcat initialized with port 8080 (http)
2025-05-10 14:19:03.305 [INFO] [restartedMain] [o.a.coyote.http11.Http11NioProtocol] - Initializing ProtocolHandler ["http-nio-8080"]
2025-05-10 14:19:03.306 [INFO] [restartedMain] [o.a.catalina.core.StandardService] - Starting service [Tomcat]
2025-05-10 14:19:03.306 [INFO] [restartedMain] [o.a.catalina.core.StandardEngine] - Starting Servlet engine: [Apache Tomcat/10.1.39]
2025-05-10 14:19:03.328 [INFO] [restartedMain] [o.a.c.c.C.[Tomcat-1].[localhost].[/]] - Initializing Spring embedded WebApplicationContext
2025-05-10 14:19:03.329 [INFO] [restartedMain] [o.s.b.w.s.c.ServletWebServerApplicationContext] - Root WebApplicationContext: initialization completed in 470 ms
2025-05-10 14:19:03.353 [INFO] [restartedMain] [o.h.jpa.internal.util.LogHelper] - HHH000204: Processing PersistenceUnitInfo [name: default]
2025-05-10 14:19:03.358 [INFO] [restartedMain] [o.h.c.i.RegionFactoryInitiator] - HHH000026: Second-level cache disabled
2025-05-10 14:19:03.368 [INFO] [restartedMain] [o.s.o.j.p.SpringPersistenceUnitInfo] - No LoadTimeWeaver setup: ignoring JPA class transformer
2025-05-10 14:19:03.369 [INFO] [restartedMain] [com.zaxxer.hikari.HikariDataSource] - HikariPool-18 - Starting...
2025-05-10 14:19:03.371 [INFO] [restartedMain] [com.zaxxer.hikari.pool.HikariPool] - HikariPool-18 - Added connection org.mariadb.jdbc.MariaDbConnection@354693b8
2025-05-10 14:19:03.372 [INFO] [restartedMain] [com.zaxxer.hikari.HikariDataSource] - HikariPool-18 - Start completed.
2025-05-10 14:19:03.373 [INFO] [restartedMain] [o.hibernate.orm.connections.pooling] - HHH10001005: Database info:
	Database JDBC URL [Connecting through datasource 'HikariDataSource (HikariPool-18)']
	Database driver: undefined/unknown
	Database version: 11.7.2
	Autocommit mode: undefined/unknown
	Isolation level: undefined/unknown
	Minimum pool size: undefined/unknown
	Maximum pool size: undefined/unknown
2025-05-10 14:19:03.495 [INFO] [restartedMain] [o.h.e.t.j.p.i.JtaPlatformInitiator] - HHH000489: No JTA platform available (set 'hibernate.transaction.jta.platform' to enable JTA platform integration)
2025-05-10 14:19:03.520 [INFO] [restartedMain] [o.s.o.j.LocalContainerEntityManagerFactoryBean] - Initialized JPA EntityManagerFactory for persistence unit 'default'
2025-05-10 14:19:03.687 [INFO] [restartedMain] [o.s.s.c.a.a.c.InitializeUserDetailsBeanManagerConfigurer$InitializeUserDetailsManagerConfigurer] - Global AuthenticationManager configured with UserDetailsService bean with name inMemoryUserDetailsManager
2025-05-10 14:19:03.693 [INFO] [restartedMain] [o.s.b.a.w.s.WelcomePageHandlerMapping] - Adding welcome page: class path resource [static/index.html]
2025-05-10 14:19:04.053 [INFO] [restartedMain] [o.s.v.b.OptionalValidatorFactoryBean] - Failed to set up a Bean Validation provider: jakarta.validation.NoProviderFoundException: Unable to create a Configuration, because no Jakarta Bean Validation provider could be found. Add a provider like Hibernate Validator (RI) to your classpath.
2025-05-10 14:19:04.111 [INFO] [restartedMain] [o.s.b.d.a.OptionalLiveReloadServer] - LiveReload server is running on port 35729
2025-05-10 14:19:04.117 [INFO] [restartedMain] [o.a.coyote.http11.Http11NioProtocol] - Starting ProtocolHandler ["http-nio-8080"]
2025-05-10 14:19:04.122 [INFO] [restartedMain] [o.s.b.w.e.tomcat.TomcatWebServer] - Tomcat started on port 8080 (http) with context path '/'
2025-05-10 14:19:04.125 [INFO] [restartedMain] [c.g.aigroove.AigrooveApplication] - Started AigrooveApplication in 1.298 seconds (process running for 3021.752)
2025-05-10 14:19:04.126 [INFO] [restartedMain] [o.s.b.d.a.ConditionEvaluationDeltaLoggingListener] - Condition evaluation unchanged
2025-05-10 14:19:13.962 [INFO] [File Watcher] [o.s.b.d.a.LocalDevToolsAutoConfiguration$RestartingClassPathChangeChangedEventListener] - Restarting due to 1 class path change (0 additions, 0 deletions, 1 modification)
2025-05-10 14:19:13.963 [INFO] [Thread-76] [o.s.b.w.e.tomcat.GracefulShutdown] - Commencing graceful shutdown. Waiting for active requests to complete
2025-05-10 14:19:13.964 [INFO] [tomcat-shutdown] [o.a.coyote.http11.Http11NioProtocol] - Pausing ProtocolHandler ["http-nio-8080"]
2025-05-10 14:19:14.054 [INFO] [tomcat-shutdown] [o.s.b.w.e.tomcat.GracefulShutdown] - Graceful shutdown complete
2025-05-10 14:19:14.055 [INFO] [Thread-76] [o.a.coyote.http11.Http11NioProtocol] - Stopping ProtocolHandler ["http-nio-8080"]
2025-05-10 14:19:14.057 [INFO] [Thread-76] [o.s.o.j.LocalContainerEntityManagerFactoryBean] - Closing JPA EntityManagerFactory for persistence unit 'default'
2025-05-10 14:19:14.057 [INFO] [Thread-76] [com.zaxxer.hikari.HikariDataSource] - HikariPool-18 - Shutdown initiated...
2025-05-10 14:19:14.059 [INFO] [Thread-76] [com.zaxxer.hikari.HikariDataSource] - HikariPool-18 - Shutdown completed.
2025-05-10 14:19:14.161 [INFO] [restartedMain] [c.g.aigroove.AigrooveApplication] - Starting AigrooveApplication using Java 17.0.15 with PID 12672 (C:\dev\AIGroove_api\aigroove\bin\main started by 문유신 in C:\dev\AIGroove_api\aigroove)
2025-05-10 14:19:14.162 [INFO] [restartedMain] [c.g.aigroove.AigrooveApplication] - No active profile set, falling back to 1 default profile: "default"
2025-05-10 14:19:14.433 [INFO] [restartedMain] [o.s.d.r.c.RepositoryConfigurationDelegate] - Bootstrapping Spring Data JPA repositories in DEFAULT mode.
2025-05-10 14:19:14.472 [INFO] [restartedMain] [o.s.d.r.c.RepositoryConfigurationDelegate] - Finished Spring Data repository scanning in 37 ms. Found 11 JPA repository interfaces.
2025-05-10 14:19:14.558 [INFO] [restartedMain] [o.s.b.w.e.tomcat.TomcatWebServer] - Tomcat initialized with port 8080 (http)
2025-05-10 14:19:14.558 [INFO] [restartedMain] [o.a.coyote.http11.Http11NioProtocol] - Initializing ProtocolHandler ["http-nio-8080"]
2025-05-10 14:19:14.559 [INFO] [restartedMain] [o.a.catalina.core.StandardService] - Starting service [Tomcat]
2025-05-10 14:19:14.559 [INFO] [restartedMain] [o.a.catalina.core.StandardEngine] - Starting Servlet engine: [Apache Tomcat/10.1.39]
2025-05-10 14:19:14.584 [INFO] [restartedMain] [o.a.c.c.C.[Tomcat-1].[localhost].[/]] - Initializing Spring embedded WebApplicationContext
2025-05-10 14:19:14.584 [INFO] [restartedMain] [o.s.b.w.s.c.ServletWebServerApplicationContext] - Root WebApplicationContext: initialization completed in 420 ms
2025-05-10 14:19:14.612 [INFO] [restartedMain] [o.h.jpa.internal.util.LogHelper] - HHH000204: Processing PersistenceUnitInfo [name: default]
2025-05-10 14:19:14.616 [INFO] [restartedMain] [o.h.c.i.RegionFactoryInitiator] - HHH000026: Second-level cache disabled
2025-05-10 14:19:14.628 [INFO] [restartedMain] [o.s.o.j.p.SpringPersistenceUnitInfo] - No LoadTimeWeaver setup: ignoring JPA class transformer
2025-05-10 14:19:14.629 [INFO] [restartedMain] [com.zaxxer.hikari.HikariDataSource] - HikariPool-19 - Starting...
2025-05-10 14:19:14.631 [INFO] [restartedMain] [com.zaxxer.hikari.pool.HikariPool] - HikariPool-19 - Added connection org.mariadb.jdbc.MariaDbConnection@461053a0
2025-05-10 14:19:14.631 [INFO] [restartedMain] [com.zaxxer.hikari.HikariDataSource] - HikariPool-19 - Start completed.
2025-05-10 14:19:14.632 [INFO] [restartedMain] [o.hibernate.orm.connections.pooling] - HHH10001005: Database info:
	Database JDBC URL [Connecting through datasource 'HikariDataSource (HikariPool-19)']
	Database driver: undefined/unknown
	Database version: 11.7.2
	Autocommit mode: undefined/unknown
	Isolation level: undefined/unknown
	Minimum pool size: undefined/unknown
	Maximum pool size: undefined/unknown
2025-05-10 14:19:14.773 [INFO] [restartedMain] [o.h.e.t.j.p.i.JtaPlatformInitiator] - HHH000489: No JTA platform available (set 'hibernate.transaction.jta.platform' to enable JTA platform integration)
2025-05-10 14:19:14.800 [INFO] [restartedMain] [o.s.o.j.LocalContainerEntityManagerFactoryBean] - Initialized JPA EntityManagerFactory for persistence unit 'default'
2025-05-10 14:19:14.983 [INFO] [restartedMain] [o.s.s.c.a.a.c.InitializeUserDetailsBeanManagerConfigurer$InitializeUserDetailsManagerConfigurer] - Global AuthenticationManager configured with UserDetailsService bean with name inMemoryUserDetailsManager
2025-05-10 14:19:14.989 [INFO] [restartedMain] [o.s.b.a.w.s.WelcomePageHandlerMapping] - Adding welcome page: class path resource [static/index.html]
2025-05-10 14:19:15.273 [INFO] [restartedMain] [o.s.v.b.OptionalValidatorFactoryBean] - Failed to set up a Bean Validation provider: jakarta.validation.NoProviderFoundException: Unable to create a Configuration, because no Jakarta Bean Validation provider could be found. Add a provider like Hibernate Validator (RI) to your classpath.
2025-05-10 14:19:15.327 [INFO] [restartedMain] [o.s.b.d.a.OptionalLiveReloadServer] - LiveReload server is running on port 35729
2025-05-10 14:19:15.332 [INFO] [restartedMain] [o.a.coyote.http11.Http11NioProtocol] - Starting ProtocolHandler ["http-nio-8080"]
2025-05-10 14:19:15.335 [INFO] [restartedMain] [o.s.b.w.e.tomcat.TomcatWebServer] - Tomcat started on port 8080 (http) with context path '/'
2025-05-10 14:19:15.337 [INFO] [restartedMain] [c.g.aigroove.AigrooveApplication] - Started AigrooveApplication in 1.207 seconds (process running for 3032.965)
2025-05-10 14:19:15.338 [INFO] [restartedMain] [o.s.b.d.a.ConditionEvaluationDeltaLoggingListener] - Condition evaluation unchanged
2025-05-10 14:19:16.865 [INFO] [http-nio-8080-exec-1] [o.a.c.c.C.[Tomcat-1].[localhost].[/]] - Initializing Spring DispatcherServlet 'dispatcherServlet'
2025-05-10 14:19:16.865 [INFO] [http-nio-8080-exec-1] [o.s.web.servlet.DispatcherServlet] - Initializing Servlet 'dispatcherServlet'
2025-05-10 14:19:16.866 [INFO] [http-nio-8080-exec-1] [o.s.web.servlet.DispatcherServlet] - Completed initialization in 0 ms
2025-05-10 14:21:32.777 [INFO] [File Watcher] [o.s.b.d.a.LocalDevToolsAutoConfiguration$RestartingClassPathChangeChangedEventListener] - Restarting due to 1 class path change (0 additions, 0 deletions, 1 modification)
2025-05-10 14:21:32.778 [INFO] [Thread-80] [o.s.b.w.e.tomcat.GracefulShutdown] - Commencing graceful shutdown. Waiting for active requests to complete
2025-05-10 14:21:32.779 [INFO] [tomcat-shutdown] [o.a.coyote.http11.Http11NioProtocol] - Pausing ProtocolHandler ["http-nio-8080"]
2025-05-10 14:21:32.862 [INFO] [tomcat-shutdown] [o.s.b.w.e.tomcat.GracefulShutdown] - Graceful shutdown complete
2025-05-10 14:21:32.862 [INFO] [Thread-80] [o.a.coyote.http11.Http11NioProtocol] - Stopping ProtocolHandler ["http-nio-8080"]
2025-05-10 14:21:32.864 [INFO] [Thread-80] [o.s.o.j.LocalContainerEntityManagerFactoryBean] - Closing JPA EntityManagerFactory for persistence unit 'default'
2025-05-10 14:21:32.865 [INFO] [Thread-80] [com.zaxxer.hikari.HikariDataSource] - HikariPool-19 - Shutdown initiated...
2025-05-10 14:21:32.866 [INFO] [Thread-80] [com.zaxxer.hikari.HikariDataSource] - HikariPool-19 - Shutdown completed.
2025-05-10 14:21:32.964 [INFO] [restartedMain] [c.g.aigroove.AigrooveApplication] - Starting AigrooveApplication using Java 17.0.15 with PID 12672 (C:\dev\AIGroove_api\aigroove\bin\main started by 문유신 in C:\dev\AIGroove_api\aigroove)
2025-05-10 14:21:32.964 [INFO] [restartedMain] [c.g.aigroove.AigrooveApplication] - No active profile set, falling back to 1 default profile: "default"
2025-05-10 14:21:33.229 [INFO] [restartedMain] [o.s.d.r.c.RepositoryConfigurationDelegate] - Bootstrapping Spring Data JPA repositories in DEFAULT mode.
2025-05-10 14:21:33.267 [INFO] [restartedMain] [o.s.d.r.c.RepositoryConfigurationDelegate] - Finished Spring Data repository scanning in 37 ms. Found 11 JPA repository interfaces.
2025-05-10 14:21:33.357 [INFO] [restartedMain] [o.s.b.w.e.tomcat.TomcatWebServer] - Tomcat initialized with port 8080 (http)
2025-05-10 14:21:33.357 [INFO] [restartedMain] [o.a.coyote.http11.Http11NioProtocol] - Initializing ProtocolHandler ["http-nio-8080"]
2025-05-10 14:21:33.357 [INFO] [restartedMain] [o.a.catalina.core.StandardService] - Starting service [Tomcat]
2025-05-10 14:21:33.358 [INFO] [restartedMain] [o.a.catalina.core.StandardEngine] - Starting Servlet engine: [Apache Tomcat/10.1.39]
2025-05-10 14:21:33.381 [INFO] [restartedMain] [o.a.c.c.C.[Tomcat-1].[localhost].[/]] - Initializing Spring embedded WebApplicationContext
2025-05-10 14:21:33.381 [INFO] [restartedMain] [o.s.b.w.s.c.ServletWebServerApplicationContext] - Root WebApplicationContext: initialization completed in 414 ms
2025-05-10 14:21:33.405 [INFO] [restartedMain] [o.h.jpa.internal.util.LogHelper] - HHH000204: Processing PersistenceUnitInfo [name: default]
2025-05-10 14:21:33.409 [INFO] [restartedMain] [o.h.c.i.RegionFactoryInitiator] - HHH000026: Second-level cache disabled
2025-05-10 14:21:33.418 [INFO] [restartedMain] [o.s.o.j.p.SpringPersistenceUnitInfo] - No LoadTimeWeaver setup: ignoring JPA class transformer
2025-05-10 14:21:33.420 [INFO] [restartedMain] [com.zaxxer.hikari.HikariDataSource] - HikariPool-20 - Starting...
2025-05-10 14:21:33.422 [INFO] [restartedMain] [com.zaxxer.hikari.pool.HikariPool] - HikariPool-20 - Added connection org.mariadb.jdbc.MariaDbConnection@3f72378a
2025-05-10 14:21:33.422 [INFO] [restartedMain] [com.zaxxer.hikari.HikariDataSource] - HikariPool-20 - Start completed.
2025-05-10 14:21:33.423 [INFO] [restartedMain] [o.hibernate.orm.connections.pooling] - HHH10001005: Database info:
	Database JDBC URL [Connecting through datasource 'HikariDataSource (HikariPool-20)']
	Database driver: undefined/unknown
	Database version: 11.7.2
	Autocommit mode: undefined/unknown
	Isolation level: undefined/unknown
	Minimum pool size: undefined/unknown
	Maximum pool size: undefined/unknown
2025-05-10 14:21:33.530 [INFO] [restartedMain] [o.h.e.t.j.p.i.JtaPlatformInitiator] - HHH000489: No JTA platform available (set 'hibernate.transaction.jta.platform' to enable JTA platform integration)
2025-05-10 14:21:33.557 [INFO] [restartedMain] [o.s.o.j.LocalContainerEntityManagerFactoryBean] - Initialized JPA EntityManagerFactory for persistence unit 'default'
2025-05-10 14:21:33.713 [INFO] [restartedMain] [o.s.s.c.a.a.c.InitializeUserDetailsBeanManagerConfigurer$InitializeUserDetailsManagerConfigurer] - Global AuthenticationManager configured with UserDetailsService bean with name inMemoryUserDetailsManager
2025-05-10 14:21:33.718 [INFO] [restartedMain] [o.s.b.a.w.s.WelcomePageHandlerMapping] - Adding welcome page: class path resource [static/index.html]
2025-05-10 14:21:34.030 [INFO] [restartedMain] [o.s.v.b.OptionalValidatorFactoryBean] - Failed to set up a Bean Validation provider: jakarta.validation.NoProviderFoundException: Unable to create a Configuration, because no Jakarta Bean Validation provider could be found. Add a provider like Hibernate Validator (RI) to your classpath.
2025-05-10 14:21:34.073 [INFO] [restartedMain] [o.s.b.d.a.OptionalLiveReloadServer] - LiveReload server is running on port 35729
2025-05-10 14:21:34.077 [INFO] [restartedMain] [o.a.coyote.http11.Http11NioProtocol] - Starting ProtocolHandler ["http-nio-8080"]
2025-05-10 14:21:34.080 [INFO] [restartedMain] [o.s.b.w.e.tomcat.TomcatWebServer] - Tomcat started on port 8080 (http) with context path '/'
2025-05-10 14:21:34.083 [INFO] [restartedMain] [c.g.aigroove.AigrooveApplication] - Started AigrooveApplication in 1.144 seconds (process running for 3171.711)
2025-05-10 14:21:34.085 [INFO] [restartedMain] [o.s.b.d.a.ConditionEvaluationDeltaLoggingListener] - Condition evaluation unchanged
2025-05-10 14:21:38.201 [INFO] [http-nio-8080-exec-1] [o.a.c.c.C.[Tomcat-1].[localhost].[/]] - Initializing Spring DispatcherServlet 'dispatcherServlet'
2025-05-10 14:21:38.201 [INFO] [http-nio-8080-exec-1] [o.s.web.servlet.DispatcherServlet] - Initializing Servlet 'dispatcherServlet'
2025-05-10 14:21:38.201 [INFO] [http-nio-8080-exec-1] [o.s.web.servlet.DispatcherServlet] - Completed initialization in 0 ms
