2025-04-25 10:35:15.624 [INFO] [restartedMain] [c.g.aigroove.AigrooveApplication] - Starting AigrooveApplication using Java 17.0.15 with PID 7424 (C:\dev\AIGroove_api\aigroove\bin\main started by 문유신 in C:\dev\AIGroove_api\aigroove)
2025-04-25 10:35:15.626 [INFO] [restartedMain] [c.g.aigroove.AigrooveApplication] - No active profile set, falling back to 1 default profile: "default"
2025-04-25 10:35:15.700 [INFO] [restartedMain] [o.s.b.d.e.DevToolsPropertyDefaultsPostProcessor] - Devtools property defaults active! Set 'spring.devtools.add-properties' to 'false' to disable
2025-04-25 10:35:15.701 [INFO] [restartedMain] [o.s.b.d.e.DevToolsPropertyDefaultsPostProcessor] - For additional web related logging consider setting the 'logging.level.web' property to 'DEBUG'
2025-04-25 10:35:17.491 [INFO] [restartedMain] [o.s.d.r.c.RepositoryConfigurationDelegate] - Bootstrapping Spring Data JPA repositories in DEFAULT mode.
2025-04-25 10:35:17.646 [INFO] [restartedMain] [o.s.d.r.c.RepositoryConfigurationDelegate] - Finished Spring Data repository scanning in 139 ms. Found 11 JPA repository interfaces.
2025-04-25 10:35:18.710 [INFO] [restartedMain] [o.s.b.w.e.tomcat.TomcatWebServer] - Tomcat initialized with port 8080 (http)
2025-04-25 10:35:18.730 [INFO] [restartedMain] [o.a.coyote.http11.Http11NioProtocol] - Initializing ProtocolHandler ["http-nio-8080"]
2025-04-25 10:35:18.733 [INFO] [restartedMain] [o.a.catalina.core.StandardService] - Starting service [Tomcat]
2025-04-25 10:35:18.734 [INFO] [restartedMain] [o.a.catalina.core.StandardEngine] - Starting Servlet engine: [Apache Tomcat/10.1.39]
2025-04-25 10:35:18.828 [INFO] [restartedMain] [o.a.c.c.C.[Tomcat].[localhost].[/]] - Initializing Spring embedded WebApplicationContext
2025-04-25 10:35:18.829 [INFO] [restartedMain] [o.s.b.w.s.c.ServletWebServerApplicationContext] - Root WebApplicationContext: initialization completed in 3126 ms
2025-04-25 10:35:19.054 [INFO] [restartedMain] [o.h.jpa.internal.util.LogHelper] - HHH000204: Processing PersistenceUnitInfo [name: default]
2025-04-25 10:35:19.187 [INFO] [restartedMain] [org.hibernate.Version] - HHH000412: Hibernate ORM core version 6.6.11.Final
2025-04-25 10:35:19.267 [INFO] [restartedMain] [o.h.c.i.RegionFactoryInitiator] - HHH000026: Second-level cache disabled
2025-04-25 10:35:19.853 [INFO] [restartedMain] [o.s.o.j.p.SpringPersistenceUnitInfo] - No LoadTimeWeaver setup: ignoring JPA class transformer
2025-04-25 10:35:19.917 [INFO] [restartedMain] [com.zaxxer.hikari.HikariDataSource] - HikariPool-1 - Starting...
2025-04-25 10:35:19.989 [INFO] [restartedMain] [com.zaxxer.hikari.pool.HikariPool] - HikariPool-1 - Added connection org.mariadb.jdbc.MariaDbConnection@1fe270ab
2025-04-25 10:35:19.992 [INFO] [restartedMain] [com.zaxxer.hikari.HikariDataSource] - HikariPool-1 - Start completed.
2025-04-25 10:35:20.077 [INFO] [restartedMain] [o.hibernate.orm.connections.pooling] - HHH10001005: Database info:
	Database JDBC URL [Connecting through datasource 'HikariDataSource (HikariPool-1)']
	Database driver: undefined/unknown
	Database version: 11.7.2
	Autocommit mode: undefined/unknown
	Isolation level: undefined/unknown
	Minimum pool size: undefined/unknown
	Maximum pool size: undefined/unknown
2025-04-25 10:35:21.661 [INFO] [restartedMain] [o.h.e.t.j.p.i.JtaPlatformInitiator] - HHH000489: No JTA platform available (set 'hibernate.transaction.jta.platform' to enable JTA platform integration)
2025-04-25 10:35:21.746 [INFO] [restartedMain] [o.s.o.j.LocalContainerEntityManagerFactoryBean] - Initialized JPA EntityManagerFactory for persistence unit 'default'
2025-04-25 10:35:22.882 [INFO] [restartedMain] [o.s.s.c.a.a.c.InitializeUserDetailsBeanManagerConfigurer$InitializeUserDetailsManagerConfigurer] - Global AuthenticationManager configured with UserDetailsService bean with name inMemoryUserDetailsManager
2025-04-25 10:35:23.072 [INFO] [restartedMain] [o.s.b.a.w.s.WelcomePageHandlerMapping] - Adding welcome page: class path resource [static/index.html]
2025-04-25 10:35:24.407 [INFO] [restartedMain] [o.s.v.b.OptionalValidatorFactoryBean] - Failed to set up a Bean Validation provider: jakarta.validation.NoProviderFoundException: Unable to create a Configuration, because no Jakarta Bean Validation provider could be found. Add a provider like Hibernate Validator (RI) to your classpath.
2025-04-25 10:35:24.874 [INFO] [restartedMain] [o.s.b.d.a.OptionalLiveReloadServer] - LiveReload server is running on port 35729
2025-04-25 10:35:24.902 [INFO] [restartedMain] [o.a.coyote.http11.Http11NioProtocol] - Starting ProtocolHandler ["http-nio-8080"]
2025-04-25 10:35:25.005 [INFO] [restartedMain] [o.s.b.w.e.tomcat.TomcatWebServer] - Tomcat started on port 8080 (http) with context path '/'
2025-04-25 10:35:25.019 [INFO] [restartedMain] [c.g.aigroove.AigrooveApplication] - Started AigrooveApplication in 10.137 seconds (process running for 11.176)
2025-04-25 10:56:45.199 [INFO] [File Watcher] [o.s.b.d.a.LocalDevToolsAutoConfiguration$RestartingClassPathChangeChangedEventListener] - Restarting due to 1 class path change (1 addition, 0 deletions, 0 modifications)
2025-04-25 10:56:45.203 [INFO] [Thread-5] [o.s.b.w.e.tomcat.GracefulShutdown] - Commencing graceful shutdown. Waiting for active requests to complete
2025-04-25 10:56:45.205 [INFO] [tomcat-shutdown] [o.a.coyote.http11.Http11NioProtocol] - Pausing ProtocolHandler ["http-nio-8080"]
2025-04-25 10:56:45.304 [INFO] [tomcat-shutdown] [o.s.b.w.e.tomcat.GracefulShutdown] - Graceful shutdown complete
2025-04-25 10:56:45.305 [INFO] [Thread-5] [o.a.coyote.http11.Http11NioProtocol] - Stopping ProtocolHandler ["http-nio-8080"]
2025-04-25 10:56:45.313 [INFO] [Thread-5] [o.s.o.j.LocalContainerEntityManagerFactoryBean] - Closing JPA EntityManagerFactory for persistence unit 'default'
2025-04-25 10:56:45.318 [INFO] [Thread-5] [com.zaxxer.hikari.HikariDataSource] - HikariPool-1 - Shutdown initiated...
2025-04-25 10:56:45.324 [INFO] [Thread-5] [com.zaxxer.hikari.HikariDataSource] - HikariPool-1 - Shutdown completed.
2025-04-25 10:56:45.461 [INFO] [restartedMain] [c.g.aigroove.AigrooveApplication] - Starting AigrooveApplication using Java 17.0.15 with PID 7424 (C:\dev\AIGroove_api\aigroove\bin\main started by 문유신 in C:\dev\AIGroove_api\aigroove)
2025-04-25 10:56:45.462 [INFO] [restartedMain] [c.g.aigroove.AigrooveApplication] - No active profile set, falling back to 1 default profile: "default"
2025-04-25 10:56:46.029 [INFO] [restartedMain] [o.s.d.r.c.RepositoryConfigurationDelegate] - Bootstrapping Spring Data JPA repositories in DEFAULT mode.
2025-04-25 10:56:46.094 [INFO] [restartedMain] [o.s.d.r.c.RepositoryConfigurationDelegate] - Finished Spring Data repository scanning in 62 ms. Found 11 JPA repository interfaces.
2025-04-25 10:56:46.287 [INFO] [restartedMain] [o.s.b.w.e.tomcat.TomcatWebServer] - Tomcat initialized with port 8080 (http)
2025-04-25 10:56:46.289 [INFO] [restartedMain] [o.a.coyote.http11.Http11NioProtocol] - Initializing ProtocolHandler ["http-nio-8080"]
2025-04-25 10:56:46.289 [INFO] [restartedMain] [o.a.catalina.core.StandardService] - Starting service [Tomcat]
2025-04-25 10:56:46.290 [INFO] [restartedMain] [o.a.catalina.core.StandardEngine] - Starting Servlet engine: [Apache Tomcat/10.1.39]
2025-04-25 10:56:46.322 [INFO] [restartedMain] [o.a.c.c.C.[Tomcat].[localhost].[/]] - Initializing Spring embedded WebApplicationContext
2025-04-25 10:56:46.323 [INFO] [restartedMain] [o.s.b.w.s.c.ServletWebServerApplicationContext] - Root WebApplicationContext: initialization completed in 856 ms
2025-04-25 10:56:46.370 [INFO] [restartedMain] [o.h.jpa.internal.util.LogHelper] - HHH000204: Processing PersistenceUnitInfo [name: default]
2025-04-25 10:56:46.380 [INFO] [restartedMain] [o.h.c.i.RegionFactoryInitiator] - HHH000026: Second-level cache disabled
2025-04-25 10:56:46.403 [INFO] [restartedMain] [o.s.o.j.p.SpringPersistenceUnitInfo] - No LoadTimeWeaver setup: ignoring JPA class transformer
2025-04-25 10:56:46.406 [INFO] [restartedMain] [com.zaxxer.hikari.HikariDataSource] - HikariPool-2 - Starting...
2025-04-25 10:56:46.409 [INFO] [restartedMain] [com.zaxxer.hikari.pool.HikariPool] - HikariPool-2 - Added connection org.mariadb.jdbc.MariaDbConnection@2cdd2dc3
2025-04-25 10:56:46.409 [INFO] [restartedMain] [com.zaxxer.hikari.HikariDataSource] - HikariPool-2 - Start completed.
2025-04-25 10:56:46.411 [INFO] [restartedMain] [o.hibernate.orm.connections.pooling] - HHH10001005: Database info:
	Database JDBC URL [Connecting through datasource 'HikariDataSource (HikariPool-2)']
	Database driver: undefined/unknown
	Database version: 11.7.2
	Autocommit mode: undefined/unknown
	Isolation level: undefined/unknown
	Minimum pool size: undefined/unknown
	Maximum pool size: undefined/unknown
2025-04-25 10:56:46.658 [INFO] [restartedMain] [o.h.e.t.j.p.i.JtaPlatformInitiator] - HHH000489: No JTA platform available (set 'hibernate.transaction.jta.platform' to enable JTA platform integration)
2025-04-25 10:56:46.758 [INFO] [restartedMain] [o.s.o.j.LocalContainerEntityManagerFactoryBean] - Initialized JPA EntityManagerFactory for persistence unit 'default'
2025-04-25 10:56:47.021 [INFO] [restartedMain] [o.s.s.c.a.a.c.InitializeUserDetailsBeanManagerConfigurer$InitializeUserDetailsManagerConfigurer] - Global AuthenticationManager configured with UserDetailsService bean with name inMemoryUserDetailsManager
2025-04-25 10:56:47.032 [INFO] [restartedMain] [o.s.b.a.w.s.WelcomePageHandlerMapping] - Adding welcome page: class path resource [static/index.html]
2025-04-25 10:56:47.596 [INFO] [restartedMain] [o.s.v.b.OptionalValidatorFactoryBean] - Failed to set up a Bean Validation provider: jakarta.validation.NoProviderFoundException: Unable to create a Configuration, because no Jakarta Bean Validation provider could be found. Add a provider like Hibernate Validator (RI) to your classpath.
2025-04-25 10:56:47.735 [INFO] [restartedMain] [o.s.b.d.a.OptionalLiveReloadServer] - LiveReload server is running on port 35729
2025-04-25 10:56:47.746 [INFO] [restartedMain] [o.a.coyote.http11.Http11NioProtocol] - Starting ProtocolHandler ["http-nio-8080"]
2025-04-25 10:56:47.813 [INFO] [restartedMain] [o.s.b.w.e.tomcat.TomcatWebServer] - Tomcat started on port 8080 (http) with context path '/'
2025-04-25 10:56:47.819 [INFO] [restartedMain] [c.g.aigroove.AigrooveApplication] - Started AigrooveApplication in 2.426 seconds (process running for 1293.976)
2025-04-25 10:56:47.823 [INFO] [restartedMain] [o.s.b.d.a.ConditionEvaluationDeltaLoggingListener] - Condition evaluation unchanged
2025-04-25 11:02:13.620 [INFO] [File Watcher] [o.s.b.d.a.LocalDevToolsAutoConfiguration$RestartingClassPathChangeChangedEventListener] - Restarting due to 1 class path change (1 addition, 0 deletions, 0 modifications)
2025-04-25 11:02:13.622 [INFO] [Thread-7] [o.s.b.w.e.tomcat.GracefulShutdown] - Commencing graceful shutdown. Waiting for active requests to complete
2025-04-25 11:02:13.624 [INFO] [tomcat-shutdown] [o.a.coyote.http11.Http11NioProtocol] - Pausing ProtocolHandler ["http-nio-8080"]
2025-04-25 11:02:13.722 [INFO] [tomcat-shutdown] [o.s.b.w.e.tomcat.GracefulShutdown] - Graceful shutdown complete
2025-04-25 11:02:13.722 [INFO] [Thread-7] [o.a.coyote.http11.Http11NioProtocol] - Stopping ProtocolHandler ["http-nio-8080"]
2025-04-25 11:02:13.725 [INFO] [Thread-7] [o.s.o.j.LocalContainerEntityManagerFactoryBean] - Closing JPA EntityManagerFactory for persistence unit 'default'
2025-04-25 11:02:13.726 [INFO] [Thread-7] [com.zaxxer.hikari.HikariDataSource] - HikariPool-2 - Shutdown initiated...
2025-04-25 11:02:13.729 [INFO] [Thread-7] [com.zaxxer.hikari.HikariDataSource] - HikariPool-2 - Shutdown completed.
2025-04-25 11:02:13.844 [INFO] [restartedMain] [c.g.aigroove.AigrooveApplication] - Starting AigrooveApplication using Java 17.0.15 with PID 7424 (C:\dev\AIGroove_api\aigroove\bin\main started by 문유신 in C:\dev\AIGroove_api\aigroove)
2025-04-25 11:02:13.845 [INFO] [restartedMain] [c.g.aigroove.AigrooveApplication] - No active profile set, falling back to 1 default profile: "default"
2025-04-25 11:02:14.499 [INFO] [restartedMain] [o.s.d.r.c.RepositoryConfigurationDelegate] - Bootstrapping Spring Data JPA repositories in DEFAULT mode.
2025-04-25 11:02:14.571 [INFO] [restartedMain] [o.s.d.r.c.RepositoryConfigurationDelegate] - Finished Spring Data repository scanning in 69 ms. Found 11 JPA repository interfaces.
2025-04-25 11:02:14.753 [INFO] [restartedMain] [o.s.b.w.e.tomcat.TomcatWebServer] - Tomcat initialized with port 8080 (http)
2025-04-25 11:02:14.754 [INFO] [restartedMain] [o.a.coyote.http11.Http11NioProtocol] - Initializing ProtocolHandler ["http-nio-8080"]
2025-04-25 11:02:14.754 [INFO] [restartedMain] [o.a.catalina.core.StandardService] - Starting service [Tomcat]
2025-04-25 11:02:14.755 [INFO] [restartedMain] [o.a.catalina.core.StandardEngine] - Starting Servlet engine: [Apache Tomcat/10.1.39]
2025-04-25 11:02:14.784 [INFO] [restartedMain] [o.a.c.c.C.[Tomcat].[localhost].[/]] - Initializing Spring embedded WebApplicationContext
2025-04-25 11:02:14.784 [INFO] [restartedMain] [o.s.b.w.s.c.ServletWebServerApplicationContext] - Root WebApplicationContext: initialization completed in 934 ms
2025-04-25 11:02:14.822 [INFO] [restartedMain] [o.h.jpa.internal.util.LogHelper] - HHH000204: Processing PersistenceUnitInfo [name: default]
2025-04-25 11:02:14.828 [INFO] [restartedMain] [o.h.c.i.RegionFactoryInitiator] - HHH000026: Second-level cache disabled
2025-04-25 11:02:14.844 [INFO] [restartedMain] [o.s.o.j.p.SpringPersistenceUnitInfo] - No LoadTimeWeaver setup: ignoring JPA class transformer
2025-04-25 11:02:14.846 [INFO] [restartedMain] [com.zaxxer.hikari.HikariDataSource] - HikariPool-3 - Starting...
2025-04-25 11:02:14.848 [INFO] [restartedMain] [com.zaxxer.hikari.pool.HikariPool] - HikariPool-3 - Added connection org.mariadb.jdbc.MariaDbConnection@7c949792
2025-04-25 11:02:14.849 [INFO] [restartedMain] [com.zaxxer.hikari.HikariDataSource] - HikariPool-3 - Start completed.
2025-04-25 11:02:14.851 [INFO] [restartedMain] [o.hibernate.orm.connections.pooling] - HHH10001005: Database info:
	Database JDBC URL [Connecting through datasource 'HikariDataSource (HikariPool-3)']
	Database driver: undefined/unknown
	Database version: 11.7.2
	Autocommit mode: undefined/unknown
	Isolation level: undefined/unknown
	Minimum pool size: undefined/unknown
	Maximum pool size: undefined/unknown
2025-04-25 11:02:15.077 [INFO] [restartedMain] [o.h.e.t.j.p.i.JtaPlatformInitiator] - HHH000489: No JTA platform available (set 'hibernate.transaction.jta.platform' to enable JTA platform integration)
2025-04-25 11:02:15.118 [INFO] [restartedMain] [o.s.o.j.LocalContainerEntityManagerFactoryBean] - Initialized JPA EntityManagerFactory for persistence unit 'default'
2025-04-25 11:02:15.344 [INFO] [restartedMain] [o.s.s.c.a.a.c.InitializeUserDetailsBeanManagerConfigurer$InitializeUserDetailsManagerConfigurer] - Global AuthenticationManager configured with UserDetailsService bean with name inMemoryUserDetailsManager
2025-04-25 11:02:15.352 [INFO] [restartedMain] [o.s.b.a.w.s.WelcomePageHandlerMapping] - Adding welcome page: class path resource [static/index.html]
2025-04-25 11:02:15.878 [INFO] [restartedMain] [o.s.v.b.OptionalValidatorFactoryBean] - Failed to set up a Bean Validation provider: jakarta.validation.NoProviderFoundException: Unable to create a Configuration, because no Jakarta Bean Validation provider could be found. Add a provider like Hibernate Validator (RI) to your classpath.
2025-04-25 11:02:15.985 [INFO] [restartedMain] [o.s.b.d.a.OptionalLiveReloadServer] - LiveReload server is running on port 35729
2025-04-25 11:02:15.998 [INFO] [restartedMain] [o.a.coyote.http11.Http11NioProtocol] - Starting ProtocolHandler ["http-nio-8080"]
2025-04-25 11:02:16.003 [INFO] [restartedMain] [o.s.b.w.e.tomcat.TomcatWebServer] - Tomcat started on port 8080 (http) with context path '/'
2025-04-25 11:02:16.008 [INFO] [restartedMain] [c.g.aigroove.AigrooveApplication] - Started AigrooveApplication in 2.219 seconds (process running for 1622.164)
2025-04-25 11:02:16.010 [INFO] [restartedMain] [o.s.b.d.a.ConditionEvaluationDeltaLoggingListener] - Condition evaluation unchanged
2025-04-25 11:02:22.592 [INFO] [File Watcher] [o.s.b.d.a.LocalDevToolsAutoConfiguration$RestartingClassPathChangeChangedEventListener] - Restarting due to 1 class path change (0 additions, 0 deletions, 1 modification)
2025-04-25 11:02:22.594 [INFO] [Thread-11] [o.s.b.w.e.tomcat.GracefulShutdown] - Commencing graceful shutdown. Waiting for active requests to complete
2025-04-25 11:02:22.595 [INFO] [tomcat-shutdown] [o.a.coyote.http11.Http11NioProtocol] - Pausing ProtocolHandler ["http-nio-8080"]
2025-04-25 11:02:22.691 [INFO] [tomcat-shutdown] [o.s.b.w.e.tomcat.GracefulShutdown] - Graceful shutdown complete
2025-04-25 11:02:22.691 [INFO] [Thread-11] [o.a.coyote.http11.Http11NioProtocol] - Stopping ProtocolHandler ["http-nio-8080"]
2025-04-25 11:02:22.694 [INFO] [Thread-11] [o.s.o.j.LocalContainerEntityManagerFactoryBean] - Closing JPA EntityManagerFactory for persistence unit 'default'
2025-04-25 11:02:22.695 [INFO] [Thread-11] [com.zaxxer.hikari.HikariDataSource] - HikariPool-3 - Shutdown initiated...
2025-04-25 11:02:22.697 [INFO] [Thread-11] [com.zaxxer.hikari.HikariDataSource] - HikariPool-3 - Shutdown completed.
2025-04-25 11:02:22.794 [INFO] [restartedMain] [c.g.aigroove.AigrooveApplication] - Starting AigrooveApplication using Java 17.0.15 with PID 7424 (C:\dev\AIGroove_api\aigroove\bin\main started by 문유신 in C:\dev\AIGroove_api\aigroove)
2025-04-25 11:02:22.795 [INFO] [restartedMain] [c.g.aigroove.AigrooveApplication] - No active profile set, falling back to 1 default profile: "default"
2025-04-25 11:02:23.355 [INFO] [restartedMain] [o.s.d.r.c.RepositoryConfigurationDelegate] - Bootstrapping Spring Data JPA repositories in DEFAULT mode.
2025-04-25 11:02:23.429 [INFO] [restartedMain] [o.s.d.r.c.RepositoryConfigurationDelegate] - Finished Spring Data repository scanning in 72 ms. Found 11 JPA repository interfaces.
2025-04-25 11:02:23.562 [INFO] [restartedMain] [o.s.b.w.e.tomcat.TomcatWebServer] - Tomcat initialized with port 8080 (http)
2025-04-25 11:02:23.563 [INFO] [restartedMain] [o.a.coyote.http11.Http11NioProtocol] - Initializing ProtocolHandler ["http-nio-8080"]
2025-04-25 11:02:23.564 [INFO] [restartedMain] [o.a.catalina.core.StandardService] - Starting service [Tomcat]
2025-04-25 11:02:23.564 [INFO] [restartedMain] [o.a.catalina.core.StandardEngine] - Starting Servlet engine: [Apache Tomcat/10.1.39]
2025-04-25 11:02:23.652 [INFO] [restartedMain] [o.a.c.c.C.[Tomcat].[localhost].[/]] - Initializing Spring embedded WebApplicationContext
2025-04-25 11:02:23.653 [INFO] [restartedMain] [o.s.b.w.s.c.ServletWebServerApplicationContext] - Root WebApplicationContext: initialization completed in 855 ms
2025-04-25 11:02:23.689 [INFO] [restartedMain] [o.h.jpa.internal.util.LogHelper] - HHH000204: Processing PersistenceUnitInfo [name: default]
2025-04-25 11:02:23.695 [INFO] [restartedMain] [o.h.c.i.RegionFactoryInitiator] - HHH000026: Second-level cache disabled
2025-04-25 11:02:23.711 [INFO] [restartedMain] [o.s.o.j.p.SpringPersistenceUnitInfo] - No LoadTimeWeaver setup: ignoring JPA class transformer
2025-04-25 11:02:23.713 [INFO] [restartedMain] [com.zaxxer.hikari.HikariDataSource] - HikariPool-4 - Starting...
2025-04-25 11:02:23.716 [INFO] [restartedMain] [com.zaxxer.hikari.pool.HikariPool] - HikariPool-4 - Added connection org.mariadb.jdbc.MariaDbConnection@72e127fe
2025-04-25 11:02:23.716 [INFO] [restartedMain] [com.zaxxer.hikari.HikariDataSource] - HikariPool-4 - Start completed.
2025-04-25 11:02:23.718 [INFO] [restartedMain] [o.hibernate.orm.connections.pooling] - HHH10001005: Database info:
	Database JDBC URL [Connecting through datasource 'HikariDataSource (HikariPool-4)']
	Database driver: undefined/unknown
	Database version: 11.7.2
	Autocommit mode: undefined/unknown
	Isolation level: undefined/unknown
	Minimum pool size: undefined/unknown
	Maximum pool size: undefined/unknown
2025-04-25 11:02:23.973 [INFO] [restartedMain] [o.h.e.t.j.p.i.JtaPlatformInitiator] - HHH000489: No JTA platform available (set 'hibernate.transaction.jta.platform' to enable JTA platform integration)
2025-04-25 11:02:24.061 [INFO] [restartedMain] [o.s.o.j.LocalContainerEntityManagerFactoryBean] - Initialized JPA EntityManagerFactory for persistence unit 'default'
2025-04-25 11:02:24.316 [INFO] [restartedMain] [o.s.s.c.a.a.c.InitializeUserDetailsBeanManagerConfigurer$InitializeUserDetailsManagerConfigurer] - Global AuthenticationManager configured with UserDetailsService bean with name inMemoryUserDetailsManager
2025-04-25 11:02:24.324 [INFO] [restartedMain] [o.s.b.a.w.s.WelcomePageHandlerMapping] - Adding welcome page: class path resource [static/index.html]
2025-04-25 11:02:24.804 [INFO] [restartedMain] [o.s.v.b.OptionalValidatorFactoryBean] - Failed to set up a Bean Validation provider: jakarta.validation.NoProviderFoundException: Unable to create a Configuration, because no Jakarta Bean Validation provider could be found. Add a provider like Hibernate Validator (RI) to your classpath.
2025-04-25 11:02:24.900 [INFO] [restartedMain] [o.s.b.d.a.OptionalLiveReloadServer] - LiveReload server is running on port 35729
2025-04-25 11:02:24.909 [INFO] [restartedMain] [o.a.coyote.http11.Http11NioProtocol] - Starting ProtocolHandler ["http-nio-8080"]
2025-04-25 11:02:24.913 [INFO] [restartedMain] [o.s.b.w.e.tomcat.TomcatWebServer] - Tomcat started on port 8080 (http) with context path '/'
2025-04-25 11:02:24.919 [INFO] [restartedMain] [c.g.aigroove.AigrooveApplication] - Started AigrooveApplication in 2.168 seconds (process running for 1631.076)
2025-04-25 11:02:24.921 [INFO] [restartedMain] [o.s.b.d.a.ConditionEvaluationDeltaLoggingListener] - Condition evaluation unchanged
2025-04-25 11:02:47.058 [INFO] [File Watcher] [o.s.b.d.a.LocalDevToolsAutoConfiguration$RestartingClassPathChangeChangedEventListener] - Restarting due to 2 class path changes (1 addition, 1 deletion, 0 modifications)
2025-04-25 11:02:47.060 [INFO] [Thread-15] [o.s.b.w.e.tomcat.GracefulShutdown] - Commencing graceful shutdown. Waiting for active requests to complete
2025-04-25 11:02:47.062 [INFO] [tomcat-shutdown] [o.a.coyote.http11.Http11NioProtocol] - Pausing ProtocolHandler ["http-nio-8080"]
2025-04-25 11:02:47.181 [INFO] [tomcat-shutdown] [o.s.b.w.e.tomcat.GracefulShutdown] - Graceful shutdown complete
2025-04-25 11:02:47.182 [INFO] [Thread-15] [o.a.coyote.http11.Http11NioProtocol] - Stopping ProtocolHandler ["http-nio-8080"]
2025-04-25 11:02:47.185 [INFO] [Thread-15] [o.s.o.j.LocalContainerEntityManagerFactoryBean] - Closing JPA EntityManagerFactory for persistence unit 'default'
2025-04-25 11:02:47.185 [INFO] [Thread-15] [com.zaxxer.hikari.HikariDataSource] - HikariPool-4 - Shutdown initiated...
2025-04-25 11:02:47.187 [INFO] [Thread-15] [com.zaxxer.hikari.HikariDataSource] - HikariPool-4 - Shutdown completed.
2025-04-25 11:02:47.290 [INFO] [restartedMain] [c.g.aigroove.AigrooveApplication] - Starting AigrooveApplication using Java 17.0.15 with PID 7424 (C:\dev\AIGroove_api\aigroove\bin\main started by 문유신 in C:\dev\AIGroove_api\aigroove)
2025-04-25 11:02:47.291 [INFO] [restartedMain] [c.g.aigroove.AigrooveApplication] - No active profile set, falling back to 1 default profile: "default"
2025-04-25 11:02:47.759 [INFO] [restartedMain] [o.s.d.r.c.RepositoryConfigurationDelegate] - Bootstrapping Spring Data JPA repositories in DEFAULT mode.
2025-04-25 11:02:47.810 [INFO] [restartedMain] [o.s.d.r.c.RepositoryConfigurationDelegate] - Finished Spring Data repository scanning in 50 ms. Found 11 JPA repository interfaces.
2025-04-25 11:02:47.933 [INFO] [restartedMain] [o.s.b.w.e.tomcat.TomcatWebServer] - Tomcat initialized with port 8080 (http)
2025-04-25 11:02:47.934 [INFO] [restartedMain] [o.a.coyote.http11.Http11NioProtocol] - Initializing ProtocolHandler ["http-nio-8080"]
2025-04-25 11:02:47.934 [INFO] [restartedMain] [o.a.catalina.core.StandardService] - Starting service [Tomcat]
2025-04-25 11:02:47.935 [INFO] [restartedMain] [o.a.catalina.core.StandardEngine] - Starting Servlet engine: [Apache Tomcat/10.1.39]
2025-04-25 11:02:48.022 [INFO] [restartedMain] [o.a.c.c.C.[Tomcat].[localhost].[/]] - Initializing Spring embedded WebApplicationContext
2025-04-25 11:02:48.022 [INFO] [restartedMain] [o.s.b.w.s.c.ServletWebServerApplicationContext] - Root WebApplicationContext: initialization completed in 728 ms
2025-04-25 11:02:48.070 [INFO] [restartedMain] [o.h.jpa.internal.util.LogHelper] - HHH000204: Processing PersistenceUnitInfo [name: default]
2025-04-25 11:02:48.076 [INFO] [restartedMain] [o.h.c.i.RegionFactoryInitiator] - HHH000026: Second-level cache disabled
2025-04-25 11:02:48.092 [INFO] [restartedMain] [o.s.o.j.p.SpringPersistenceUnitInfo] - No LoadTimeWeaver setup: ignoring JPA class transformer
2025-04-25 11:02:48.094 [INFO] [restartedMain] [com.zaxxer.hikari.HikariDataSource] - HikariPool-5 - Starting...
2025-04-25 11:02:48.096 [INFO] [restartedMain] [com.zaxxer.hikari.pool.HikariPool] - HikariPool-5 - Added connection org.mariadb.jdbc.MariaDbConnection@4c8ff978
2025-04-25 11:02:48.097 [INFO] [restartedMain] [com.zaxxer.hikari.HikariDataSource] - HikariPool-5 - Start completed.
2025-04-25 11:02:48.098 [INFO] [restartedMain] [o.hibernate.orm.connections.pooling] - HHH10001005: Database info:
	Database JDBC URL [Connecting through datasource 'HikariDataSource (HikariPool-5)']
	Database driver: undefined/unknown
	Database version: 11.7.2
	Autocommit mode: undefined/unknown
	Isolation level: undefined/unknown
	Minimum pool size: undefined/unknown
	Maximum pool size: undefined/unknown
2025-04-25 11:02:48.278 [INFO] [restartedMain] [o.h.e.t.j.p.i.JtaPlatformInitiator] - HHH000489: No JTA platform available (set 'hibernate.transaction.jta.platform' to enable JTA platform integration)
2025-04-25 11:02:48.366 [INFO] [restartedMain] [o.s.o.j.LocalContainerEntityManagerFactoryBean] - Initialized JPA EntityManagerFactory for persistence unit 'default'
2025-04-25 11:02:48.579 [INFO] [restartedMain] [o.s.s.c.a.a.c.InitializeUserDetailsBeanManagerConfigurer$InitializeUserDetailsManagerConfigurer] - Global AuthenticationManager configured with UserDetailsService bean with name inMemoryUserDetailsManager
2025-04-25 11:02:48.587 [INFO] [restartedMain] [o.s.b.a.w.s.WelcomePageHandlerMapping] - Adding welcome page: class path resource [static/index.html]
2025-04-25 11:02:48.944 [INFO] [restartedMain] [o.s.v.b.OptionalValidatorFactoryBean] - Failed to set up a Bean Validation provider: jakarta.validation.NoProviderFoundException: Unable to create a Configuration, because no Jakarta Bean Validation provider could be found. Add a provider like Hibernate Validator (RI) to your classpath.
2025-04-25 11:02:49.033 [INFO] [restartedMain] [o.s.b.d.a.OptionalLiveReloadServer] - LiveReload server is running on port 35729
2025-04-25 11:02:49.041 [INFO] [restartedMain] [o.a.coyote.http11.Http11NioProtocol] - Starting ProtocolHandler ["http-nio-8080"]
2025-04-25 11:02:49.046 [INFO] [restartedMain] [o.s.b.w.e.tomcat.TomcatWebServer] - Tomcat started on port 8080 (http) with context path '/'
2025-04-25 11:02:49.051 [INFO] [restartedMain] [c.g.aigroove.AigrooveApplication] - Started AigrooveApplication in 1.796 seconds (process running for 1655.208)
2025-04-25 11:02:49.053 [INFO] [restartedMain] [o.s.b.d.a.ConditionEvaluationDeltaLoggingListener] - Condition evaluation unchanged
2025-04-25 11:03:29.744 [INFO] [File Watcher] [o.s.b.d.a.LocalDevToolsAutoConfiguration$RestartingClassPathChangeChangedEventListener] - Restarting due to 1 class path change (0 additions, 0 deletions, 1 modification)
2025-04-25 11:03:29.746 [INFO] [Thread-19] [o.s.b.w.e.tomcat.GracefulShutdown] - Commencing graceful shutdown. Waiting for active requests to complete
2025-04-25 11:03:29.747 [INFO] [tomcat-shutdown] [o.a.coyote.http11.Http11NioProtocol] - Pausing ProtocolHandler ["http-nio-8080"]
2025-04-25 11:03:29.863 [INFO] [tomcat-shutdown] [o.s.b.w.e.tomcat.GracefulShutdown] - Graceful shutdown complete
2025-04-25 11:03:29.864 [INFO] [Thread-19] [o.a.coyote.http11.Http11NioProtocol] - Stopping ProtocolHandler ["http-nio-8080"]
2025-04-25 11:03:29.867 [INFO] [Thread-19] [o.s.o.j.LocalContainerEntityManagerFactoryBean] - Closing JPA EntityManagerFactory for persistence unit 'default'
2025-04-25 11:03:29.867 [INFO] [Thread-19] [com.zaxxer.hikari.HikariDataSource] - HikariPool-5 - Shutdown initiated...
2025-04-25 11:03:29.870 [INFO] [Thread-19] [com.zaxxer.hikari.HikariDataSource] - HikariPool-5 - Shutdown completed.
2025-04-25 11:03:29.963 [INFO] [restartedMain] [c.g.aigroove.AigrooveApplication] - Starting AigrooveApplication using Java 17.0.15 with PID 7424 (C:\dev\AIGroove_api\aigroove\bin\main started by 문유신 in C:\dev\AIGroove_api\aigroove)
2025-04-25 11:03:29.963 [INFO] [restartedMain] [c.g.aigroove.AigrooveApplication] - No active profile set, falling back to 1 default profile: "default"
2025-04-25 11:03:30.397 [INFO] [restartedMain] [o.s.d.r.c.RepositoryConfigurationDelegate] - Bootstrapping Spring Data JPA repositories in DEFAULT mode.
2025-04-25 11:03:30.455 [INFO] [restartedMain] [o.s.d.r.c.RepositoryConfigurationDelegate] - Finished Spring Data repository scanning in 56 ms. Found 11 JPA repository interfaces.
2025-04-25 11:03:30.610 [INFO] [restartedMain] [o.s.b.w.e.tomcat.TomcatWebServer] - Tomcat initialized with port 8080 (http)
2025-04-25 11:03:30.611 [INFO] [restartedMain] [o.a.coyote.http11.Http11NioProtocol] - Initializing ProtocolHandler ["http-nio-8080"]
2025-04-25 11:03:30.612 [INFO] [restartedMain] [o.a.catalina.core.StandardService] - Starting service [Tomcat]
2025-04-25 11:03:30.613 [INFO] [restartedMain] [o.a.catalina.core.StandardEngine] - Starting Servlet engine: [Apache Tomcat/10.1.39]
2025-04-25 11:03:30.709 [INFO] [restartedMain] [o.a.c.c.C.[Tomcat].[localhost].[/]] - Initializing Spring embedded WebApplicationContext
2025-04-25 11:03:30.710 [INFO] [restartedMain] [o.s.b.w.s.c.ServletWebServerApplicationContext] - Root WebApplicationContext: initialization completed in 743 ms
2025-04-25 11:03:30.742 [INFO] [restartedMain] [o.h.jpa.internal.util.LogHelper] - HHH000204: Processing PersistenceUnitInfo [name: default]
2025-04-25 11:03:30.749 [INFO] [restartedMain] [o.h.c.i.RegionFactoryInitiator] - HHH000026: Second-level cache disabled
2025-04-25 11:03:30.762 [INFO] [restartedMain] [o.s.o.j.p.SpringPersistenceUnitInfo] - No LoadTimeWeaver setup: ignoring JPA class transformer
2025-04-25 11:03:30.764 [INFO] [restartedMain] [com.zaxxer.hikari.HikariDataSource] - HikariPool-6 - Starting...
2025-04-25 11:03:30.767 [INFO] [restartedMain] [com.zaxxer.hikari.pool.HikariPool] - HikariPool-6 - Added connection org.mariadb.jdbc.MariaDbConnection@614048f
2025-04-25 11:03:30.768 [INFO] [restartedMain] [com.zaxxer.hikari.HikariDataSource] - HikariPool-6 - Start completed.
2025-04-25 11:03:30.769 [INFO] [restartedMain] [o.hibernate.orm.connections.pooling] - HHH10001005: Database info:
	Database JDBC URL [Connecting through datasource 'HikariDataSource (HikariPool-6)']
	Database driver: undefined/unknown
	Database version: 11.7.2
	Autocommit mode: undefined/unknown
	Isolation level: undefined/unknown
	Minimum pool size: undefined/unknown
	Maximum pool size: undefined/unknown
2025-04-25 11:03:30.945 [INFO] [restartedMain] [o.h.e.t.j.p.i.JtaPlatformInitiator] - HHH000489: No JTA platform available (set 'hibernate.transaction.jta.platform' to enable JTA platform integration)
2025-04-25 11:03:31.033 [INFO] [restartedMain] [o.s.o.j.LocalContainerEntityManagerFactoryBean] - Initialized JPA EntityManagerFactory for persistence unit 'default'
2025-04-25 11:03:31.227 [INFO] [restartedMain] [o.s.s.c.a.a.c.InitializeUserDetailsBeanManagerConfigurer$InitializeUserDetailsManagerConfigurer] - Global AuthenticationManager configured with UserDetailsService bean with name inMemoryUserDetailsManager
2025-04-25 11:03:31.235 [INFO] [restartedMain] [o.s.b.a.w.s.WelcomePageHandlerMapping] - Adding welcome page: class path resource [static/index.html]
2025-04-25 11:03:31.628 [INFO] [restartedMain] [o.s.v.b.OptionalValidatorFactoryBean] - Failed to set up a Bean Validation provider: jakarta.validation.NoProviderFoundException: Unable to create a Configuration, because no Jakarta Bean Validation provider could be found. Add a provider like Hibernate Validator (RI) to your classpath.
2025-04-25 11:03:31.706 [INFO] [restartedMain] [o.s.b.d.a.OptionalLiveReloadServer] - LiveReload server is running on port 35729
2025-04-25 11:03:31.714 [INFO] [restartedMain] [o.a.coyote.http11.Http11NioProtocol] - Starting ProtocolHandler ["http-nio-8080"]
2025-04-25 11:03:31.718 [INFO] [restartedMain] [o.s.b.w.e.tomcat.TomcatWebServer] - Tomcat started on port 8080 (http) with context path '/'
2025-04-25 11:03:31.722 [INFO] [restartedMain] [c.g.aigroove.AigrooveApplication] - Started AigrooveApplication in 1.8 seconds (process running for 1697.88)
2025-04-25 11:03:31.724 [INFO] [restartedMain] [o.s.b.d.a.ConditionEvaluationDeltaLoggingListener] - Condition evaluation unchanged
2025-04-25 11:09:15.624 [INFO] [File Watcher] [o.s.b.d.a.LocalDevToolsAutoConfiguration$RestartingClassPathChangeChangedEventListener] - Restarting due to 1 class path change (1 addition, 0 deletions, 0 modifications)
2025-04-25 11:09:15.626 [INFO] [Thread-23] [o.s.b.w.e.tomcat.GracefulShutdown] - Commencing graceful shutdown. Waiting for active requests to complete
2025-04-25 11:09:15.627 [INFO] [tomcat-shutdown] [o.a.coyote.http11.Http11NioProtocol] - Pausing ProtocolHandler ["http-nio-8080"]
2025-04-25 11:09:15.727 [INFO] [tomcat-shutdown] [o.s.b.w.e.tomcat.GracefulShutdown] - Graceful shutdown complete
2025-04-25 11:09:15.727 [INFO] [Thread-23] [o.a.coyote.http11.Http11NioProtocol] - Stopping ProtocolHandler ["http-nio-8080"]
2025-04-25 11:09:15.729 [INFO] [Thread-23] [o.s.o.j.LocalContainerEntityManagerFactoryBean] - Closing JPA EntityManagerFactory for persistence unit 'default'
2025-04-25 11:09:15.730 [INFO] [Thread-23] [com.zaxxer.hikari.HikariDataSource] - HikariPool-6 - Shutdown initiated...
2025-04-25 11:09:15.733 [INFO] [Thread-23] [com.zaxxer.hikari.HikariDataSource] - HikariPool-6 - Shutdown completed.
2025-04-25 11:09:15.825 [INFO] [restartedMain] [c.g.aigroove.AigrooveApplication] - Starting AigrooveApplication using Java 17.0.15 with PID 7424 (C:\dev\AIGroove_api\aigroove\bin\main started by 문유신 in C:\dev\AIGroove_api\aigroove)
2025-04-25 11:09:15.825 [INFO] [restartedMain] [c.g.aigroove.AigrooveApplication] - No active profile set, falling back to 1 default profile: "default"
2025-04-25 11:09:16.226 [INFO] [restartedMain] [o.s.d.r.c.RepositoryConfigurationDelegate] - Bootstrapping Spring Data JPA repositories in DEFAULT mode.
2025-04-25 11:09:16.283 [INFO] [restartedMain] [o.s.d.r.c.RepositoryConfigurationDelegate] - Finished Spring Data repository scanning in 55 ms. Found 11 JPA repository interfaces.
2025-04-25 11:09:16.418 [INFO] [restartedMain] [o.s.b.w.e.tomcat.TomcatWebServer] - Tomcat initialized with port 8080 (http)
2025-04-25 11:09:16.419 [INFO] [restartedMain] [o.a.coyote.http11.Http11NioProtocol] - Initializing ProtocolHandler ["http-nio-8080"]
2025-04-25 11:09:16.419 [INFO] [restartedMain] [o.a.catalina.core.StandardService] - Starting service [Tomcat]
2025-04-25 11:09:16.420 [INFO] [restartedMain] [o.a.catalina.core.StandardEngine] - Starting Servlet engine: [Apache Tomcat/10.1.39]
2025-04-25 11:09:16.505 [INFO] [restartedMain] [o.a.c.c.C.[Tomcat].[localhost].[/]] - Initializing Spring embedded WebApplicationContext
2025-04-25 11:09:16.506 [INFO] [restartedMain] [o.s.b.w.s.c.ServletWebServerApplicationContext] - Root WebApplicationContext: initialization completed in 677 ms
2025-04-25 11:09:16.534 [INFO] [restartedMain] [o.h.jpa.internal.util.LogHelper] - HHH000204: Processing PersistenceUnitInfo [name: default]
2025-04-25 11:09:16.539 [INFO] [restartedMain] [o.h.c.i.RegionFactoryInitiator] - HHH000026: Second-level cache disabled
2025-04-25 11:09:16.552 [INFO] [restartedMain] [o.s.o.j.p.SpringPersistenceUnitInfo] - No LoadTimeWeaver setup: ignoring JPA class transformer
2025-04-25 11:09:16.555 [INFO] [restartedMain] [com.zaxxer.hikari.HikariDataSource] - HikariPool-7 - Starting...
2025-04-25 11:09:16.557 [INFO] [restartedMain] [com.zaxxer.hikari.pool.HikariPool] - HikariPool-7 - Added connection org.mariadb.jdbc.MariaDbConnection@6aa66fb1
2025-04-25 11:09:16.558 [INFO] [restartedMain] [com.zaxxer.hikari.HikariDataSource] - HikariPool-7 - Start completed.
2025-04-25 11:09:16.559 [INFO] [restartedMain] [o.hibernate.orm.connections.pooling] - HHH10001005: Database info:
	Database JDBC URL [Connecting through datasource 'HikariDataSource (HikariPool-7)']
	Database driver: undefined/unknown
	Database version: 11.7.2
	Autocommit mode: undefined/unknown
	Isolation level: undefined/unknown
	Minimum pool size: undefined/unknown
	Maximum pool size: undefined/unknown
2025-04-25 11:09:16.721 [INFO] [restartedMain] [o.h.e.t.j.p.i.JtaPlatformInitiator] - HHH000489: No JTA platform available (set 'hibernate.transaction.jta.platform' to enable JTA platform integration)
2025-04-25 11:09:16.805 [INFO] [restartedMain] [o.s.o.j.LocalContainerEntityManagerFactoryBean] - Initialized JPA EntityManagerFactory for persistence unit 'default'
2025-04-25 11:09:17.001 [INFO] [restartedMain] [o.s.s.c.a.a.c.InitializeUserDetailsBeanManagerConfigurer$InitializeUserDetailsManagerConfigurer] - Global AuthenticationManager configured with UserDetailsService bean with name inMemoryUserDetailsManager
2025-04-25 11:09:17.008 [INFO] [restartedMain] [o.s.b.a.w.s.WelcomePageHandlerMapping] - Adding welcome page: class path resource [static/index.html]
2025-04-25 11:09:17.316 [INFO] [restartedMain] [o.s.v.b.OptionalValidatorFactoryBean] - Failed to set up a Bean Validation provider: jakarta.validation.NoProviderFoundException: Unable to create a Configuration, because no Jakarta Bean Validation provider could be found. Add a provider like Hibernate Validator (RI) to your classpath.
2025-04-25 11:09:17.380 [INFO] [restartedMain] [o.s.b.d.a.OptionalLiveReloadServer] - LiveReload server is running on port 35729
2025-04-25 11:09:17.388 [INFO] [restartedMain] [o.a.coyote.http11.Http11NioProtocol] - Starting ProtocolHandler ["http-nio-8080"]
2025-04-25 11:09:17.392 [INFO] [restartedMain] [o.s.b.w.e.tomcat.TomcatWebServer] - Tomcat started on port 8080 (http) with context path '/'
2025-04-25 11:09:17.396 [INFO] [restartedMain] [c.g.aigroove.AigrooveApplication] - Started AigrooveApplication in 1.607 seconds (process running for 2043.553)
2025-04-25 11:09:17.398 [INFO] [restartedMain] [o.s.b.d.a.ConditionEvaluationDeltaLoggingListener] - Condition evaluation unchanged
2025-04-25 11:09:39.599 [INFO] [File Watcher] [o.s.b.d.a.LocalDevToolsAutoConfiguration$RestartingClassPathChangeChangedEventListener] - Restarting due to 1 class path change (0 additions, 0 deletions, 1 modification)
2025-04-25 11:09:39.601 [INFO] [Thread-27] [o.s.b.w.e.tomcat.GracefulShutdown] - Commencing graceful shutdown. Waiting for active requests to complete
2025-04-25 11:09:39.602 [INFO] [tomcat-shutdown] [o.a.coyote.http11.Http11NioProtocol] - Pausing ProtocolHandler ["http-nio-8080"]
2025-04-25 11:09:39.704 [INFO] [tomcat-shutdown] [o.s.b.w.e.tomcat.GracefulShutdown] - Graceful shutdown complete
2025-04-25 11:09:39.704 [INFO] [Thread-27] [o.a.coyote.http11.Http11NioProtocol] - Stopping ProtocolHandler ["http-nio-8080"]
2025-04-25 11:09:39.707 [INFO] [Thread-27] [o.s.o.j.LocalContainerEntityManagerFactoryBean] - Closing JPA EntityManagerFactory for persistence unit 'default'
2025-04-25 11:09:39.708 [INFO] [Thread-27] [com.zaxxer.hikari.HikariDataSource] - HikariPool-7 - Shutdown initiated...
2025-04-25 11:09:39.710 [INFO] [Thread-27] [com.zaxxer.hikari.HikariDataSource] - HikariPool-7 - Shutdown completed.
2025-04-25 11:09:39.804 [INFO] [restartedMain] [c.g.aigroove.AigrooveApplication] - Starting AigrooveApplication using Java 17.0.15 with PID 7424 (C:\dev\AIGroove_api\aigroove\bin\main started by 문유신 in C:\dev\AIGroove_api\aigroove)
2025-04-25 11:09:39.804 [INFO] [restartedMain] [c.g.aigroove.AigrooveApplication] - No active profile set, falling back to 1 default profile: "default"
2025-04-25 11:09:40.163 [INFO] [restartedMain] [o.s.d.r.c.RepositoryConfigurationDelegate] - Bootstrapping Spring Data JPA repositories in DEFAULT mode.
2025-04-25 11:09:40.218 [INFO] [restartedMain] [o.s.d.r.c.RepositoryConfigurationDelegate] - Finished Spring Data repository scanning in 53 ms. Found 11 JPA repository interfaces.
2025-04-25 11:09:40.333 [INFO] [restartedMain] [o.s.b.w.e.tomcat.TomcatWebServer] - Tomcat initialized with port 8080 (http)
2025-04-25 11:09:40.334 [INFO] [restartedMain] [o.a.coyote.http11.Http11NioProtocol] - Initializing ProtocolHandler ["http-nio-8080"]
2025-04-25 11:09:40.335 [INFO] [restartedMain] [o.a.catalina.core.StandardService] - Starting service [Tomcat]
2025-04-25 11:09:40.335 [INFO] [restartedMain] [o.a.catalina.core.StandardEngine] - Starting Servlet engine: [Apache Tomcat/10.1.39]
2025-04-25 11:09:40.426 [INFO] [restartedMain] [o.a.c.c.C.[Tomcat].[localhost].[/]] - Initializing Spring embedded WebApplicationContext
2025-04-25 11:09:40.426 [INFO] [restartedMain] [o.s.b.w.s.c.ServletWebServerApplicationContext] - Root WebApplicationContext: initialization completed in 619 ms
2025-04-25 11:09:40.453 [INFO] [restartedMain] [o.h.jpa.internal.util.LogHelper] - HHH000204: Processing PersistenceUnitInfo [name: default]
2025-04-25 11:09:40.460 [INFO] [restartedMain] [o.h.c.i.RegionFactoryInitiator] - HHH000026: Second-level cache disabled
2025-04-25 11:09:40.472 [INFO] [restartedMain] [o.s.o.j.p.SpringPersistenceUnitInfo] - No LoadTimeWeaver setup: ignoring JPA class transformer
2025-04-25 11:09:40.474 [INFO] [restartedMain] [com.zaxxer.hikari.HikariDataSource] - HikariPool-8 - Starting...
2025-04-25 11:09:40.477 [INFO] [restartedMain] [com.zaxxer.hikari.pool.HikariPool] - HikariPool-8 - Added connection org.mariadb.jdbc.MariaDbConnection@5a585732
2025-04-25 11:09:40.477 [INFO] [restartedMain] [com.zaxxer.hikari.HikariDataSource] - HikariPool-8 - Start completed.
2025-04-25 11:09:40.478 [INFO] [restartedMain] [o.hibernate.orm.connections.pooling] - HHH10001005: Database info:
	Database JDBC URL [Connecting through datasource 'HikariDataSource (HikariPool-8)']
	Database driver: undefined/unknown
	Database version: 11.7.2
	Autocommit mode: undefined/unknown
	Isolation level: undefined/unknown
	Minimum pool size: undefined/unknown
	Maximum pool size: undefined/unknown
2025-04-25 11:09:40.701 [INFO] [restartedMain] [o.h.e.t.j.p.i.JtaPlatformInitiator] - HHH000489: No JTA platform available (set 'hibernate.transaction.jta.platform' to enable JTA platform integration)
2025-04-25 11:09:40.733 [INFO] [restartedMain] [o.s.o.j.LocalContainerEntityManagerFactoryBean] - Initialized JPA EntityManagerFactory for persistence unit 'default'
2025-04-25 11:09:40.904 [INFO] [restartedMain] [o.s.s.c.a.a.c.InitializeUserDetailsBeanManagerConfigurer$InitializeUserDetailsManagerConfigurer] - Global AuthenticationManager configured with UserDetailsService bean with name inMemoryUserDetailsManager
2025-04-25 11:09:40.911 [INFO] [restartedMain] [o.s.b.a.w.s.WelcomePageHandlerMapping] - Adding welcome page: class path resource [static/index.html]
2025-04-25 11:09:41.268 [INFO] [restartedMain] [o.s.v.b.OptionalValidatorFactoryBean] - Failed to set up a Bean Validation provider: jakarta.validation.NoProviderFoundException: Unable to create a Configuration, because no Jakarta Bean Validation provider could be found. Add a provider like Hibernate Validator (RI) to your classpath.
2025-04-25 11:09:41.334 [INFO] [restartedMain] [o.s.b.d.a.OptionalLiveReloadServer] - LiveReload server is running on port 35729
2025-04-25 11:09:41.341 [INFO] [restartedMain] [o.a.coyote.http11.Http11NioProtocol] - Starting ProtocolHandler ["http-nio-8080"]
2025-04-25 11:09:41.345 [INFO] [restartedMain] [o.s.b.w.e.tomcat.TomcatWebServer] - Tomcat started on port 8080 (http) with context path '/'
2025-04-25 11:09:41.349 [INFO] [restartedMain] [c.g.aigroove.AigrooveApplication] - Started AigrooveApplication in 1.583 seconds (process running for 2067.506)
2025-04-25 11:09:41.350 [INFO] [restartedMain] [o.s.b.d.a.ConditionEvaluationDeltaLoggingListener] - Condition evaluation unchanged
2025-04-25 11:10:05.666 [INFO] [File Watcher] [o.s.b.d.a.LocalDevToolsAutoConfiguration$RestartingClassPathChangeChangedEventListener] - Restarting due to 1 class path change (0 additions, 0 deletions, 1 modification)
2025-04-25 11:10:05.668 [INFO] [Thread-31] [o.s.b.w.e.tomcat.GracefulShutdown] - Commencing graceful shutdown. Waiting for active requests to complete
2025-04-25 11:10:05.668 [INFO] [tomcat-shutdown] [o.a.coyote.http11.Http11NioProtocol] - Pausing ProtocolHandler ["http-nio-8080"]
2025-04-25 11:10:05.767 [INFO] [tomcat-shutdown] [o.s.b.w.e.tomcat.GracefulShutdown] - Graceful shutdown complete
2025-04-25 11:10:05.768 [INFO] [Thread-31] [o.a.coyote.http11.Http11NioProtocol] - Stopping ProtocolHandler ["http-nio-8080"]
2025-04-25 11:10:05.770 [INFO] [Thread-31] [o.s.o.j.LocalContainerEntityManagerFactoryBean] - Closing JPA EntityManagerFactory for persistence unit 'default'
2025-04-25 11:10:05.771 [INFO] [Thread-31] [com.zaxxer.hikari.HikariDataSource] - HikariPool-8 - Shutdown initiated...
2025-04-25 11:10:05.773 [INFO] [Thread-31] [com.zaxxer.hikari.HikariDataSource] - HikariPool-8 - Shutdown completed.
2025-04-25 11:10:05.868 [INFO] [restartedMain] [c.g.aigroove.AigrooveApplication] - Starting AigrooveApplication using Java 17.0.15 with PID 7424 (C:\dev\AIGroove_api\aigroove\bin\main started by 문유신 in C:\dev\AIGroove_api\aigroove)
2025-04-25 11:10:05.868 [INFO] [restartedMain] [c.g.aigroove.AigrooveApplication] - No active profile set, falling back to 1 default profile: "default"
2025-04-25 11:10:06.234 [INFO] [restartedMain] [o.s.d.r.c.RepositoryConfigurationDelegate] - Bootstrapping Spring Data JPA repositories in DEFAULT mode.
2025-04-25 11:10:06.286 [INFO] [restartedMain] [o.s.d.r.c.RepositoryConfigurationDelegate] - Finished Spring Data repository scanning in 51 ms. Found 11 JPA repository interfaces.
2025-04-25 11:10:06.405 [INFO] [restartedMain] [o.s.b.w.e.tomcat.TomcatWebServer] - Tomcat initialized with port 8080 (http)
2025-04-25 11:10:06.405 [INFO] [restartedMain] [o.a.coyote.http11.Http11NioProtocol] - Initializing ProtocolHandler ["http-nio-8080"]
2025-04-25 11:10:06.406 [INFO] [restartedMain] [o.a.catalina.core.StandardService] - Starting service [Tomcat]
2025-04-25 11:10:06.406 [INFO] [restartedMain] [o.a.catalina.core.StandardEngine] - Starting Servlet engine: [Apache Tomcat/10.1.39]
2025-04-25 11:10:06.431 [INFO] [restartedMain] [o.a.c.c.C.[Tomcat].[localhost].[/]] - Initializing Spring embedded WebApplicationContext
2025-04-25 11:10:06.431 [INFO] [restartedMain] [o.s.b.w.s.c.ServletWebServerApplicationContext] - Root WebApplicationContext: initialization completed in 560 ms
2025-04-25 11:10:06.458 [INFO] [restartedMain] [o.h.jpa.internal.util.LogHelper] - HHH000204: Processing PersistenceUnitInfo [name: default]
2025-04-25 11:10:06.463 [INFO] [restartedMain] [o.h.c.i.RegionFactoryInitiator] - HHH000026: Second-level cache disabled
2025-04-25 11:10:06.477 [INFO] [restartedMain] [o.s.o.j.p.SpringPersistenceUnitInfo] - No LoadTimeWeaver setup: ignoring JPA class transformer
2025-04-25 11:10:06.478 [INFO] [restartedMain] [com.zaxxer.hikari.HikariDataSource] - HikariPool-9 - Starting...
2025-04-25 11:10:06.480 [INFO] [restartedMain] [com.zaxxer.hikari.pool.HikariPool] - HikariPool-9 - Added connection org.mariadb.jdbc.MariaDbConnection@233a736b
2025-04-25 11:10:06.481 [INFO] [restartedMain] [com.zaxxer.hikari.HikariDataSource] - HikariPool-9 - Start completed.
2025-04-25 11:10:06.483 [INFO] [restartedMain] [o.hibernate.orm.connections.pooling] - HHH10001005: Database info:
	Database JDBC URL [Connecting through datasource 'HikariDataSource (HikariPool-9)']
	Database driver: undefined/unknown
	Database version: 11.7.2
	Autocommit mode: undefined/unknown
	Isolation level: undefined/unknown
	Minimum pool size: undefined/unknown
	Maximum pool size: undefined/unknown
2025-04-25 11:10:06.648 [INFO] [restartedMain] [o.h.e.t.j.p.i.JtaPlatformInitiator] - HHH000489: No JTA platform available (set 'hibernate.transaction.jta.platform' to enable JTA platform integration)
2025-04-25 11:10:06.747 [INFO] [restartedMain] [o.s.o.j.LocalContainerEntityManagerFactoryBean] - Initialized JPA EntityManagerFactory for persistence unit 'default'
2025-04-25 11:10:06.894 [INFO] [restartedMain] [o.s.o.j.LocalContainerEntityManagerFactoryBean] - Closing JPA EntityManagerFactory for persistence unit 'default'
2025-04-25 11:10:06.895 [INFO] [restartedMain] [com.zaxxer.hikari.HikariDataSource] - HikariPool-9 - Shutdown initiated...
2025-04-25 11:10:06.898 [INFO] [restartedMain] [com.zaxxer.hikari.HikariDataSource] - HikariPool-9 - Shutdown completed.
2025-04-25 11:10:06.898 [INFO] [restartedMain] [o.a.catalina.core.StandardService] - Stopping service [Tomcat]
2025-04-25 11:10:06.905 [INFO] [restartedMain] [o.s.b.a.l.ConditionEvaluationReportLogger] - 

Error starting ApplicationContext. To display the condition evaluation report re-run your application with 'debug' enabled.
2025-04-25 11:11:12.700 [INFO] [restartedMain] [c.g.aigroove.AigrooveApplication] - Starting AigrooveApplication using Java 17.0.15 with PID 7424 (C:\dev\AIGroove_api\aigroove\bin\main started by 문유신 in C:\dev\AIGroove_api\aigroove)
2025-04-25 11:11:12.700 [INFO] [restartedMain] [c.g.aigroove.AigrooveApplication] - No active profile set, falling back to 1 default profile: "default"
2025-04-25 11:11:13.141 [INFO] [restartedMain] [o.s.d.r.c.RepositoryConfigurationDelegate] - Bootstrapping Spring Data JPA repositories in DEFAULT mode.
2025-04-25 11:11:13.194 [INFO] [restartedMain] [o.s.d.r.c.RepositoryConfigurationDelegate] - Finished Spring Data repository scanning in 52 ms. Found 11 JPA repository interfaces.
2025-04-25 11:11:13.307 [INFO] [restartedMain] [o.s.b.w.e.tomcat.TomcatWebServer] - Tomcat initialized with port 8080 (http)
2025-04-25 11:11:13.308 [INFO] [restartedMain] [o.a.coyote.http11.Http11NioProtocol] - Initializing ProtocolHandler ["http-nio-8080"]
2025-04-25 11:11:13.309 [INFO] [restartedMain] [o.a.catalina.core.StandardService] - Starting service [Tomcat]
2025-04-25 11:11:13.309 [INFO] [restartedMain] [o.a.catalina.core.StandardEngine] - Starting Servlet engine: [Apache Tomcat/10.1.39]
2025-04-25 11:11:13.398 [INFO] [restartedMain] [o.a.c.c.C.[Tomcat-1].[localhost].[/]] - Initializing Spring embedded WebApplicationContext
2025-04-25 11:11:13.398 [INFO] [restartedMain] [o.s.b.w.s.c.ServletWebServerApplicationContext] - Root WebApplicationContext: initialization completed in 695 ms
2025-04-25 11:11:13.430 [INFO] [restartedMain] [o.h.jpa.internal.util.LogHelper] - HHH000204: Processing PersistenceUnitInfo [name: default]
2025-04-25 11:11:13.436 [INFO] [restartedMain] [o.h.c.i.RegionFactoryInitiator] - HHH000026: Second-level cache disabled
2025-04-25 11:11:13.448 [INFO] [restartedMain] [o.s.o.j.p.SpringPersistenceUnitInfo] - No LoadTimeWeaver setup: ignoring JPA class transformer
2025-04-25 11:11:13.450 [INFO] [restartedMain] [com.zaxxer.hikari.HikariDataSource] - HikariPool-10 - Starting...
2025-04-25 11:11:13.453 [INFO] [restartedMain] [com.zaxxer.hikari.pool.HikariPool] - HikariPool-10 - Added connection org.mariadb.jdbc.MariaDbConnection@9fd0dee
2025-04-25 11:11:13.453 [INFO] [restartedMain] [com.zaxxer.hikari.HikariDataSource] - HikariPool-10 - Start completed.
2025-04-25 11:11:13.454 [INFO] [restartedMain] [o.hibernate.orm.connections.pooling] - HHH10001005: Database info:
	Database JDBC URL [Connecting through datasource 'HikariDataSource (HikariPool-10)']
	Database driver: undefined/unknown
	Database version: 11.7.2
	Autocommit mode: undefined/unknown
	Isolation level: undefined/unknown
	Minimum pool size: undefined/unknown
	Maximum pool size: undefined/unknown
2025-04-25 11:11:13.605 [INFO] [restartedMain] [o.h.e.t.j.p.i.JtaPlatformInitiator] - HHH000489: No JTA platform available (set 'hibernate.transaction.jta.platform' to enable JTA platform integration)
2025-04-25 11:11:13.683 [INFO] [restartedMain] [o.s.o.j.LocalContainerEntityManagerFactoryBean] - Initialized JPA EntityManagerFactory for persistence unit 'default'
2025-04-25 11:11:13.833 [INFO] [restartedMain] [o.s.o.j.LocalContainerEntityManagerFactoryBean] - Closing JPA EntityManagerFactory for persistence unit 'default'
2025-04-25 11:11:13.833 [INFO] [restartedMain] [com.zaxxer.hikari.HikariDataSource] - HikariPool-10 - Shutdown initiated...
2025-04-25 11:11:13.859 [INFO] [restartedMain] [com.zaxxer.hikari.HikariDataSource] - HikariPool-10 - Shutdown completed.
2025-04-25 11:11:13.860 [INFO] [restartedMain] [o.a.catalina.core.StandardService] - Stopping service [Tomcat]
2025-04-25 11:11:13.865 [INFO] [restartedMain] [o.s.b.a.l.ConditionEvaluationReportLogger] - 

Error starting ApplicationContext. To display the condition evaluation report re-run your application with 'debug' enabled.
2025-04-25 11:11:36.050 [INFO] [restartedMain] [c.g.aigroove.AigrooveApplication] - Starting AigrooveApplication using Java 17.0.15 with PID 7424 (C:\dev\AIGroove_api\aigroove\bin\main started by 문유신 in C:\dev\AIGroove_api\aigroove)
2025-04-25 11:11:36.050 [INFO] [restartedMain] [c.g.aigroove.AigrooveApplication] - No active profile set, falling back to 1 default profile: "default"
2025-04-25 11:11:36.509 [INFO] [restartedMain] [o.s.d.r.c.RepositoryConfigurationDelegate] - Bootstrapping Spring Data JPA repositories in DEFAULT mode.
2025-04-25 11:11:36.562 [INFO] [restartedMain] [o.s.d.r.c.RepositoryConfigurationDelegate] - Finished Spring Data repository scanning in 52 ms. Found 11 JPA repository interfaces.
2025-04-25 11:11:36.673 [INFO] [restartedMain] [o.s.b.w.e.tomcat.TomcatWebServer] - Tomcat initialized with port 8080 (http)
2025-04-25 11:11:36.674 [INFO] [restartedMain] [o.a.coyote.http11.Http11NioProtocol] - Initializing ProtocolHandler ["http-nio-8080"]
2025-04-25 11:11:36.674 [INFO] [restartedMain] [o.a.catalina.core.StandardService] - Starting service [Tomcat]
2025-04-25 11:11:36.674 [INFO] [restartedMain] [o.a.catalina.core.StandardEngine] - Starting Servlet engine: [Apache Tomcat/10.1.39]
2025-04-25 11:11:36.750 [INFO] [restartedMain] [o.a.c.c.C.[Tomcat-2].[localhost].[/]] - Initializing Spring embedded WebApplicationContext
2025-04-25 11:11:36.750 [INFO] [restartedMain] [o.s.b.w.s.c.ServletWebServerApplicationContext] - Root WebApplicationContext: initialization completed in 697 ms
2025-04-25 11:11:36.776 [INFO] [restartedMain] [o.h.jpa.internal.util.LogHelper] - HHH000204: Processing PersistenceUnitInfo [name: default]
2025-04-25 11:11:36.782 [INFO] [restartedMain] [o.h.c.i.RegionFactoryInitiator] - HHH000026: Second-level cache disabled
2025-04-25 11:11:36.795 [INFO] [restartedMain] [o.s.o.j.p.SpringPersistenceUnitInfo] - No LoadTimeWeaver setup: ignoring JPA class transformer
2025-04-25 11:11:36.796 [INFO] [restartedMain] [com.zaxxer.hikari.HikariDataSource] - HikariPool-11 - Starting...
2025-04-25 11:11:36.799 [INFO] [restartedMain] [com.zaxxer.hikari.pool.HikariPool] - HikariPool-11 - Added connection org.mariadb.jdbc.MariaDbConnection@3687a3f8
2025-04-25 11:11:36.799 [INFO] [restartedMain] [com.zaxxer.hikari.HikariDataSource] - HikariPool-11 - Start completed.
2025-04-25 11:11:36.800 [INFO] [restartedMain] [o.hibernate.orm.connections.pooling] - HHH10001005: Database info:
	Database JDBC URL [Connecting through datasource 'HikariDataSource (HikariPool-11)']
	Database driver: undefined/unknown
	Database version: 11.7.2
	Autocommit mode: undefined/unknown
	Isolation level: undefined/unknown
	Minimum pool size: undefined/unknown
	Maximum pool size: undefined/unknown
2025-04-25 11:11:36.952 [INFO] [restartedMain] [o.h.e.t.j.p.i.JtaPlatformInitiator] - HHH000489: No JTA platform available (set 'hibernate.transaction.jta.platform' to enable JTA platform integration)
2025-04-25 11:11:37.033 [INFO] [restartedMain] [o.s.o.j.LocalContainerEntityManagerFactoryBean] - Initialized JPA EntityManagerFactory for persistence unit 'default'
2025-04-25 11:11:37.248 [INFO] [restartedMain] [o.s.s.c.a.a.c.InitializeUserDetailsBeanManagerConfigurer$InitializeUserDetailsManagerConfigurer] - Global AuthenticationManager configured with UserDetailsService bean with name inMemoryUserDetailsManager
2025-04-25 11:11:37.257 [INFO] [restartedMain] [o.s.b.a.w.s.WelcomePageHandlerMapping] - Adding welcome page: class path resource [static/index.html]
2025-04-25 11:11:37.664 [INFO] [restartedMain] [o.s.v.b.OptionalValidatorFactoryBean] - Failed to set up a Bean Validation provider: jakarta.validation.NoProviderFoundException: Unable to create a Configuration, because no Jakarta Bean Validation provider could be found. Add a provider like Hibernate Validator (RI) to your classpath.
2025-04-25 11:11:37.745 [INFO] [restartedMain] [o.s.b.d.a.OptionalLiveReloadServer] - LiveReload server is running on port 35729
2025-04-25 11:11:37.752 [INFO] [restartedMain] [o.a.coyote.http11.Http11NioProtocol] - Starting ProtocolHandler ["http-nio-8080"]
2025-04-25 11:11:37.757 [INFO] [restartedMain] [o.s.b.w.e.tomcat.TomcatWebServer] - Tomcat started on port 8080 (http) with context path '/'
2025-04-25 11:11:37.761 [INFO] [restartedMain] [c.g.aigroove.AigrooveApplication] - Started AigrooveApplication in 1.744 seconds (process running for 2183.918)
2025-04-25 11:11:37.763 [INFO] [restartedMain] [o.s.b.d.a.ConditionEvaluationDeltaLoggingListener] - Condition evaluation unchanged
2025-04-25 11:14:47.219 [INFO] [File Watcher] [o.s.b.d.a.LocalDevToolsAutoConfiguration$RestartingClassPathChangeChangedEventListener] - Restarting due to 1 class path change (0 additions, 0 deletions, 1 modification)
2025-04-25 11:14:47.220 [INFO] [Thread-35] [o.s.b.w.e.tomcat.GracefulShutdown] - Commencing graceful shutdown. Waiting for active requests to complete
2025-04-25 11:14:47.221 [INFO] [tomcat-shutdown] [o.a.coyote.http11.Http11NioProtocol] - Pausing ProtocolHandler ["http-nio-8080"]
2025-04-25 11:14:47.328 [INFO] [tomcat-shutdown] [o.s.b.w.e.tomcat.GracefulShutdown] - Graceful shutdown complete
2025-04-25 11:14:47.329 [INFO] [Thread-35] [o.a.coyote.http11.Http11NioProtocol] - Stopping ProtocolHandler ["http-nio-8080"]
2025-04-25 11:14:47.331 [INFO] [Thread-35] [o.s.o.j.LocalContainerEntityManagerFactoryBean] - Closing JPA EntityManagerFactory for persistence unit 'default'
2025-04-25 11:14:47.332 [INFO] [Thread-35] [com.zaxxer.hikari.HikariDataSource] - HikariPool-11 - Shutdown initiated...
2025-04-25 11:14:47.334 [INFO] [Thread-35] [com.zaxxer.hikari.HikariDataSource] - HikariPool-11 - Shutdown completed.
2025-04-25 11:14:47.459 [INFO] [restartedMain] [c.g.aigroove.AigrooveApplication] - Starting AigrooveApplication using Java 17.0.15 with PID 7424 (C:\dev\AIGroove_api\aigroove\bin\main started by 문유신 in C:\dev\AIGroove_api\aigroove)
2025-04-25 11:14:47.460 [INFO] [restartedMain] [c.g.aigroove.AigrooveApplication] - No active profile set, falling back to 1 default profile: "default"
2025-04-25 11:14:47.816 [INFO] [restartedMain] [o.s.d.r.c.RepositoryConfigurationDelegate] - Bootstrapping Spring Data JPA repositories in DEFAULT mode.
2025-04-25 11:14:47.865 [INFO] [restartedMain] [o.s.d.r.c.RepositoryConfigurationDelegate] - Finished Spring Data repository scanning in 47 ms. Found 11 JPA repository interfaces.
2025-04-25 11:14:47.951 [INFO] [restartedMain] [o.s.b.w.e.tomcat.TomcatWebServer] - Tomcat initialized with port 8080 (http)
2025-04-25 11:14:47.952 [INFO] [restartedMain] [o.a.coyote.http11.Http11NioProtocol] - Initializing ProtocolHandler ["http-nio-8080"]
2025-04-25 11:14:47.952 [INFO] [restartedMain] [o.a.catalina.core.StandardService] - Starting service [Tomcat]
2025-04-25 11:14:47.953 [INFO] [restartedMain] [o.a.catalina.core.StandardEngine] - Starting Servlet engine: [Apache Tomcat/10.1.39]
2025-04-25 11:14:48.037 [INFO] [restartedMain] [o.a.c.c.C.[Tomcat-2].[localhost].[/]] - Initializing Spring embedded WebApplicationContext
2025-04-25 11:14:48.038 [INFO] [restartedMain] [o.s.b.w.s.c.ServletWebServerApplicationContext] - Root WebApplicationContext: initialization completed in 574 ms
2025-04-25 11:14:48.065 [INFO] [restartedMain] [o.h.jpa.internal.util.LogHelper] - HHH000204: Processing PersistenceUnitInfo [name: default]
2025-04-25 11:14:48.071 [INFO] [restartedMain] [o.h.c.i.RegionFactoryInitiator] - HHH000026: Second-level cache disabled
2025-04-25 11:14:48.082 [INFO] [restartedMain] [o.s.o.j.p.SpringPersistenceUnitInfo] - No LoadTimeWeaver setup: ignoring JPA class transformer
2025-04-25 11:14:48.083 [INFO] [restartedMain] [com.zaxxer.hikari.HikariDataSource] - HikariPool-12 - Starting...
2025-04-25 11:14:48.085 [INFO] [restartedMain] [com.zaxxer.hikari.pool.HikariPool] - HikariPool-12 - Added connection org.mariadb.jdbc.MariaDbConnection@452a7b02
2025-04-25 11:14:48.086 [INFO] [restartedMain] [com.zaxxer.hikari.HikariDataSource] - HikariPool-12 - Start completed.
2025-04-25 11:14:48.087 [INFO] [restartedMain] [o.hibernate.orm.connections.pooling] - HHH10001005: Database info:
	Database JDBC URL [Connecting through datasource 'HikariDataSource (HikariPool-12)']
	Database driver: undefined/unknown
	Database version: 11.7.2
	Autocommit mode: undefined/unknown
	Isolation level: undefined/unknown
	Minimum pool size: undefined/unknown
	Maximum pool size: undefined/unknown
2025-04-25 11:14:48.227 [INFO] [restartedMain] [o.h.e.t.j.p.i.JtaPlatformInitiator] - HHH000489: No JTA platform available (set 'hibernate.transaction.jta.platform' to enable JTA platform integration)
2025-04-25 11:14:48.305 [INFO] [restartedMain] [o.s.o.j.LocalContainerEntityManagerFactoryBean] - Initialized JPA EntityManagerFactory for persistence unit 'default'
2025-04-25 11:14:48.453 [INFO] [restartedMain] [o.s.s.c.a.a.c.InitializeUserDetailsBeanManagerConfigurer$InitializeUserDetailsManagerConfigurer] - Global AuthenticationManager configured with UserDetailsService bean with name inMemoryUserDetailsManager
2025-04-25 11:14:48.460 [INFO] [restartedMain] [o.s.b.a.w.s.WelcomePageHandlerMapping] - Adding welcome page: class path resource [static/index.html]
2025-04-25 11:14:48.787 [INFO] [restartedMain] [o.s.v.b.OptionalValidatorFactoryBean] - Failed to set up a Bean Validation provider: jakarta.validation.NoProviderFoundException: Unable to create a Configuration, because no Jakarta Bean Validation provider could be found. Add a provider like Hibernate Validator (RI) to your classpath.
2025-04-25 11:14:48.847 [INFO] [restartedMain] [o.s.b.d.a.OptionalLiveReloadServer] - LiveReload server is running on port 35729
2025-04-25 11:14:48.854 [INFO] [restartedMain] [o.a.coyote.http11.Http11NioProtocol] - Starting ProtocolHandler ["http-nio-8080"]
2025-04-25 11:14:48.857 [INFO] [restartedMain] [o.s.b.w.e.tomcat.TomcatWebServer] - Tomcat started on port 8080 (http) with context path '/'
2025-04-25 11:14:48.860 [INFO] [restartedMain] [c.g.aigroove.AigrooveApplication] - Started AigrooveApplication in 1.456 seconds (process running for 2375.018)
2025-04-25 11:14:48.862 [INFO] [restartedMain] [o.s.b.d.a.ConditionEvaluationDeltaLoggingListener] - Condition evaluation unchanged
2025-04-25 11:18:54.602 [INFO] [File Watcher] [o.s.b.d.a.LocalDevToolsAutoConfiguration$RestartingClassPathChangeChangedEventListener] - Restarting due to 1 class path change (0 additions, 0 deletions, 1 modification)
2025-04-25 11:18:54.603 [INFO] [Thread-45] [o.s.b.w.e.tomcat.GracefulShutdown] - Commencing graceful shutdown. Waiting for active requests to complete
2025-04-25 11:18:54.604 [INFO] [tomcat-shutdown] [o.a.coyote.http11.Http11NioProtocol] - Pausing ProtocolHandler ["http-nio-8080"]
2025-04-25 11:18:54.701 [INFO] [tomcat-shutdown] [o.s.b.w.e.tomcat.GracefulShutdown] - Graceful shutdown complete
2025-04-25 11:18:54.701 [INFO] [Thread-45] [o.a.coyote.http11.Http11NioProtocol] - Stopping ProtocolHandler ["http-nio-8080"]
2025-04-25 11:18:54.703 [INFO] [Thread-45] [o.s.o.j.LocalContainerEntityManagerFactoryBean] - Closing JPA EntityManagerFactory for persistence unit 'default'
2025-04-25 11:18:54.703 [INFO] [Thread-45] [com.zaxxer.hikari.HikariDataSource] - HikariPool-12 - Shutdown initiated...
2025-04-25 11:18:54.706 [INFO] [Thread-45] [com.zaxxer.hikari.HikariDataSource] - HikariPool-12 - Shutdown completed.
2025-04-25 11:18:54.802 [INFO] [restartedMain] [c.g.aigroove.AigrooveApplication] - Starting AigrooveApplication using Java 17.0.15 with PID 7424 (C:\dev\AIGroove_api\aigroove\bin\main started by 문유신 in C:\dev\AIGroove_api\aigroove)
2025-04-25 11:18:54.802 [INFO] [restartedMain] [c.g.aigroove.AigrooveApplication] - No active profile set, falling back to 1 default profile: "default"
2025-04-25 11:18:55.130 [INFO] [restartedMain] [o.s.d.r.c.RepositoryConfigurationDelegate] - Bootstrapping Spring Data JPA repositories in DEFAULT mode.
2025-04-25 11:18:55.177 [INFO] [restartedMain] [o.s.d.r.c.RepositoryConfigurationDelegate] - Finished Spring Data repository scanning in 45 ms. Found 11 JPA repository interfaces.
2025-04-25 11:18:55.275 [INFO] [restartedMain] [o.s.b.w.e.tomcat.TomcatWebServer] - Tomcat initialized with port 8080 (http)
2025-04-25 11:18:55.276 [INFO] [restartedMain] [o.a.coyote.http11.Http11NioProtocol] - Initializing ProtocolHandler ["http-nio-8080"]
2025-04-25 11:18:55.277 [INFO] [restartedMain] [o.a.catalina.core.StandardService] - Starting service [Tomcat]
2025-04-25 11:18:55.277 [INFO] [restartedMain] [o.a.catalina.core.StandardEngine] - Starting Servlet engine: [Apache Tomcat/10.1.39]
2025-04-25 11:18:55.302 [INFO] [restartedMain] [o.a.c.c.C.[Tomcat-2].[localhost].[/]] - Initializing Spring embedded WebApplicationContext
2025-04-25 11:18:55.303 [INFO] [restartedMain] [o.s.b.w.s.c.ServletWebServerApplicationContext] - Root WebApplicationContext: initialization completed in 499 ms
2025-04-25 11:18:55.340 [INFO] [restartedMain] [o.h.jpa.internal.util.LogHelper] - HHH000204: Processing PersistenceUnitInfo [name: default]
2025-04-25 11:18:55.346 [INFO] [restartedMain] [o.h.c.i.RegionFactoryInitiator] - HHH000026: Second-level cache disabled
2025-04-25 11:18:55.358 [INFO] [restartedMain] [o.s.o.j.p.SpringPersistenceUnitInfo] - No LoadTimeWeaver setup: ignoring JPA class transformer
2025-04-25 11:18:55.360 [INFO] [restartedMain] [com.zaxxer.hikari.HikariDataSource] - HikariPool-13 - Starting...
2025-04-25 11:18:55.362 [INFO] [restartedMain] [com.zaxxer.hikari.pool.HikariPool] - HikariPool-13 - Added connection org.mariadb.jdbc.MariaDbConnection@7d9327cd
2025-04-25 11:18:55.363 [INFO] [restartedMain] [com.zaxxer.hikari.HikariDataSource] - HikariPool-13 - Start completed.
2025-04-25 11:18:55.365 [INFO] [restartedMain] [o.hibernate.orm.connections.pooling] - HHH10001005: Database info:
	Database JDBC URL [Connecting through datasource 'HikariDataSource (HikariPool-13)']
	Database driver: undefined/unknown
	Database version: 11.7.2
	Autocommit mode: undefined/unknown
	Isolation level: undefined/unknown
	Minimum pool size: undefined/unknown
	Maximum pool size: undefined/unknown
2025-04-25 11:18:55.526 [INFO] [restartedMain] [o.h.e.t.j.p.i.JtaPlatformInitiator] - HHH000489: No JTA platform available (set 'hibernate.transaction.jta.platform' to enable JTA platform integration)
2025-04-25 11:18:55.620 [INFO] [restartedMain] [o.s.o.j.LocalContainerEntityManagerFactoryBean] - Initialized JPA EntityManagerFactory for persistence unit 'default'
2025-04-25 11:18:55.771 [INFO] [restartedMain] [o.s.s.c.a.a.c.InitializeUserDetailsBeanManagerConfigurer$InitializeUserDetailsManagerConfigurer] - Global AuthenticationManager configured with UserDetailsService bean with name inMemoryUserDetailsManager
2025-04-25 11:18:55.777 [INFO] [restartedMain] [o.s.b.a.w.s.WelcomePageHandlerMapping] - Adding welcome page: class path resource [static/index.html]
2025-04-25 11:18:56.059 [INFO] [restartedMain] [o.s.v.b.OptionalValidatorFactoryBean] - Failed to set up a Bean Validation provider: jakarta.validation.NoProviderFoundException: Unable to create a Configuration, because no Jakarta Bean Validation provider could be found. Add a provider like Hibernate Validator (RI) to your classpath.
2025-04-25 11:18:56.120 [INFO] [restartedMain] [o.s.b.d.a.OptionalLiveReloadServer] - LiveReload server is running on port 35729
2025-04-25 11:18:56.127 [INFO] [restartedMain] [o.a.coyote.http11.Http11NioProtocol] - Starting ProtocolHandler ["http-nio-8080"]
2025-04-25 11:18:56.131 [INFO] [restartedMain] [o.s.b.w.e.tomcat.TomcatWebServer] - Tomcat started on port 8080 (http) with context path '/'
2025-04-25 11:18:56.134 [INFO] [restartedMain] [c.g.aigroove.AigrooveApplication] - Started AigrooveApplication in 1.364 seconds (process running for 2622.292)
2025-04-25 11:18:56.136 [INFO] [restartedMain] [o.s.b.d.a.ConditionEvaluationDeltaLoggingListener] - Condition evaluation unchanged
2025-04-25 11:19:26.564 [INFO] [File Watcher] [o.s.b.d.a.LocalDevToolsAutoConfiguration$RestartingClassPathChangeChangedEventListener] - Restarting due to 1 class path change (0 additions, 0 deletions, 1 modification)
2025-04-25 11:19:26.565 [INFO] [Thread-49] [o.s.b.w.e.tomcat.GracefulShutdown] - Commencing graceful shutdown. Waiting for active requests to complete
2025-04-25 11:19:26.566 [INFO] [tomcat-shutdown] [o.a.coyote.http11.Http11NioProtocol] - Pausing ProtocolHandler ["http-nio-8080"]
2025-04-25 11:19:26.661 [INFO] [tomcat-shutdown] [o.s.b.w.e.tomcat.GracefulShutdown] - Graceful shutdown complete
2025-04-25 11:19:26.662 [INFO] [Thread-49] [o.a.coyote.http11.Http11NioProtocol] - Stopping ProtocolHandler ["http-nio-8080"]
2025-04-25 11:19:26.664 [INFO] [Thread-49] [o.s.o.j.LocalContainerEntityManagerFactoryBean] - Closing JPA EntityManagerFactory for persistence unit 'default'
2025-04-25 11:19:26.665 [INFO] [Thread-49] [com.zaxxer.hikari.HikariDataSource] - HikariPool-13 - Shutdown initiated...
2025-04-25 11:19:26.667 [INFO] [Thread-49] [com.zaxxer.hikari.HikariDataSource] - HikariPool-13 - Shutdown completed.
2025-04-25 11:19:26.760 [INFO] [restartedMain] [c.g.aigroove.AigrooveApplication] - Starting AigrooveApplication using Java 17.0.15 with PID 7424 (C:\dev\AIGroove_api\aigroove\bin\main started by 문유신 in C:\dev\AIGroove_api\aigroove)
2025-04-25 11:19:26.760 [INFO] [restartedMain] [c.g.aigroove.AigrooveApplication] - No active profile set, falling back to 1 default profile: "default"
2025-04-25 11:19:27.076 [INFO] [restartedMain] [o.s.d.r.c.RepositoryConfigurationDelegate] - Bootstrapping Spring Data JPA repositories in DEFAULT mode.
2025-04-25 11:19:27.126 [INFO] [restartedMain] [o.s.d.r.c.RepositoryConfigurationDelegate] - Finished Spring Data repository scanning in 48 ms. Found 11 JPA repository interfaces.
2025-04-25 11:19:27.215 [INFO] [restartedMain] [o.s.b.w.e.tomcat.TomcatWebServer] - Tomcat initialized with port 8080 (http)
2025-04-25 11:19:27.216 [INFO] [restartedMain] [o.a.coyote.http11.Http11NioProtocol] - Initializing ProtocolHandler ["http-nio-8080"]
2025-04-25 11:19:27.216 [INFO] [restartedMain] [o.a.catalina.core.StandardService] - Starting service [Tomcat]
2025-04-25 11:19:27.216 [INFO] [restartedMain] [o.a.catalina.core.StandardEngine] - Starting Servlet engine: [Apache Tomcat/10.1.39]
2025-04-25 11:19:27.301 [INFO] [restartedMain] [o.a.c.c.C.[Tomcat-2].[localhost].[/]] - Initializing Spring embedded WebApplicationContext
2025-04-25 11:19:27.301 [INFO] [restartedMain] [o.s.b.w.s.c.ServletWebServerApplicationContext] - Root WebApplicationContext: initialization completed in 540 ms
2025-04-25 11:19:27.326 [INFO] [restartedMain] [o.h.jpa.internal.util.LogHelper] - HHH000204: Processing PersistenceUnitInfo [name: default]
2025-04-25 11:19:27.331 [INFO] [restartedMain] [o.h.c.i.RegionFactoryInitiator] - HHH000026: Second-level cache disabled
2025-04-25 11:19:27.343 [INFO] [restartedMain] [o.s.o.j.p.SpringPersistenceUnitInfo] - No LoadTimeWeaver setup: ignoring JPA class transformer
2025-04-25 11:19:27.345 [INFO] [restartedMain] [com.zaxxer.hikari.HikariDataSource] - HikariPool-14 - Starting...
2025-04-25 11:19:27.347 [INFO] [restartedMain] [com.zaxxer.hikari.pool.HikariPool] - HikariPool-14 - Added connection org.mariadb.jdbc.MariaDbConnection@72907c4f
2025-04-25 11:19:27.347 [INFO] [restartedMain] [com.zaxxer.hikari.HikariDataSource] - HikariPool-14 - Start completed.
2025-04-25 11:19:27.349 [INFO] [restartedMain] [o.hibernate.orm.connections.pooling] - HHH10001005: Database info:
	Database JDBC URL [Connecting through datasource 'HikariDataSource (HikariPool-14)']
	Database driver: undefined/unknown
	Database version: 11.7.2
	Autocommit mode: undefined/unknown
	Isolation level: undefined/unknown
	Minimum pool size: undefined/unknown
	Maximum pool size: undefined/unknown
2025-04-25 11:19:27.500 [INFO] [restartedMain] [o.h.e.t.j.p.i.JtaPlatformInitiator] - HHH000489: No JTA platform available (set 'hibernate.transaction.jta.platform' to enable JTA platform integration)
2025-04-25 11:19:27.574 [INFO] [restartedMain] [o.s.o.j.LocalContainerEntityManagerFactoryBean] - Initialized JPA EntityManagerFactory for persistence unit 'default'
2025-04-25 11:19:27.724 [INFO] [restartedMain] [o.s.s.c.a.a.c.InitializeUserDetailsBeanManagerConfigurer$InitializeUserDetailsManagerConfigurer] - Global AuthenticationManager configured with UserDetailsService bean with name inMemoryUserDetailsManager
2025-04-25 11:19:27.729 [INFO] [restartedMain] [o.s.b.a.w.s.WelcomePageHandlerMapping] - Adding welcome page: class path resource [static/index.html]
2025-04-25 11:19:28.052 [INFO] [restartedMain] [o.s.v.b.OptionalValidatorFactoryBean] - Failed to set up a Bean Validation provider: jakarta.validation.NoProviderFoundException: Unable to create a Configuration, because no Jakarta Bean Validation provider could be found. Add a provider like Hibernate Validator (RI) to your classpath.
2025-04-25 11:19:28.117 [INFO] [restartedMain] [o.s.b.d.a.OptionalLiveReloadServer] - LiveReload server is running on port 35729
2025-04-25 11:19:28.123 [INFO] [restartedMain] [o.a.coyote.http11.Http11NioProtocol] - Starting ProtocolHandler ["http-nio-8080"]
2025-04-25 11:19:28.126 [INFO] [restartedMain] [o.s.b.w.e.tomcat.TomcatWebServer] - Tomcat started on port 8080 (http) with context path '/'
2025-04-25 11:19:28.129 [INFO] [restartedMain] [c.g.aigroove.AigrooveApplication] - Started AigrooveApplication in 1.4 seconds (process running for 2654.286)
2025-04-25 11:19:28.131 [INFO] [restartedMain] [o.s.b.d.a.ConditionEvaluationDeltaLoggingListener] - Condition evaluation unchanged
2025-04-25 11:20:05.797 [INFO] [File Watcher] [o.s.b.d.a.LocalDevToolsAutoConfiguration$RestartingClassPathChangeChangedEventListener] - Restarting due to 1 class path change (0 additions, 0 deletions, 1 modification)
2025-04-25 11:20:05.799 [INFO] [Thread-53] [o.s.b.w.e.tomcat.GracefulShutdown] - Commencing graceful shutdown. Waiting for active requests to complete
2025-04-25 11:20:05.800 [INFO] [tomcat-shutdown] [o.a.coyote.http11.Http11NioProtocol] - Pausing ProtocolHandler ["http-nio-8080"]
2025-04-25 11:20:05.921 [INFO] [tomcat-shutdown] [o.s.b.w.e.tomcat.GracefulShutdown] - Graceful shutdown complete
2025-04-25 11:20:05.921 [INFO] [Thread-53] [o.a.coyote.http11.Http11NioProtocol] - Stopping ProtocolHandler ["http-nio-8080"]
2025-04-25 11:20:05.923 [INFO] [Thread-53] [o.s.o.j.LocalContainerEntityManagerFactoryBean] - Closing JPA EntityManagerFactory for persistence unit 'default'
2025-04-25 11:20:05.924 [INFO] [Thread-53] [com.zaxxer.hikari.HikariDataSource] - HikariPool-14 - Shutdown initiated...
2025-04-25 11:20:05.926 [INFO] [Thread-53] [com.zaxxer.hikari.HikariDataSource] - HikariPool-14 - Shutdown completed.
2025-04-25 11:20:06.032 [INFO] [restartedMain] [c.g.aigroove.AigrooveApplication] - Starting AigrooveApplication using Java 17.0.15 with PID 7424 (C:\dev\AIGroove_api\aigroove\bin\main started by 문유신 in C:\dev\AIGroove_api\aigroove)
2025-04-25 11:20:06.032 [INFO] [restartedMain] [c.g.aigroove.AigrooveApplication] - No active profile set, falling back to 1 default profile: "default"
2025-04-25 11:20:06.428 [INFO] [restartedMain] [o.s.d.r.c.RepositoryConfigurationDelegate] - Bootstrapping Spring Data JPA repositories in DEFAULT mode.
2025-04-25 11:20:06.474 [INFO] [restartedMain] [o.s.d.r.c.RepositoryConfigurationDelegate] - Finished Spring Data repository scanning in 44 ms. Found 11 JPA repository interfaces.
2025-04-25 11:20:06.592 [INFO] [restartedMain] [o.s.b.w.e.tomcat.TomcatWebServer] - Tomcat initialized with port 8080 (http)
2025-04-25 11:20:06.593 [INFO] [restartedMain] [o.a.coyote.http11.Http11NioProtocol] - Initializing ProtocolHandler ["http-nio-8080"]
2025-04-25 11:20:06.593 [INFO] [restartedMain] [o.a.catalina.core.StandardService] - Starting service [Tomcat]
2025-04-25 11:20:06.594 [INFO] [restartedMain] [o.a.catalina.core.StandardEngine] - Starting Servlet engine: [Apache Tomcat/10.1.39]
2025-04-25 11:20:06.682 [INFO] [restartedMain] [o.a.c.c.C.[Tomcat-2].[localhost].[/]] - Initializing Spring embedded WebApplicationContext
2025-04-25 11:20:06.682 [INFO] [restartedMain] [o.s.b.w.s.c.ServletWebServerApplicationContext] - Root WebApplicationContext: initialization completed in 645 ms
2025-04-25 11:20:06.713 [INFO] [restartedMain] [o.h.jpa.internal.util.LogHelper] - HHH000204: Processing PersistenceUnitInfo [name: default]
2025-04-25 11:20:06.718 [INFO] [restartedMain] [o.h.c.i.RegionFactoryInitiator] - HHH000026: Second-level cache disabled
2025-04-25 11:20:06.736 [INFO] [restartedMain] [o.s.o.j.p.SpringPersistenceUnitInfo] - No LoadTimeWeaver setup: ignoring JPA class transformer
2025-04-25 11:20:06.738 [INFO] [restartedMain] [com.zaxxer.hikari.HikariDataSource] - HikariPool-15 - Starting...
2025-04-25 11:20:06.740 [INFO] [restartedMain] [com.zaxxer.hikari.pool.HikariPool] - HikariPool-15 - Added connection org.mariadb.jdbc.MariaDbConnection@1310ddfa
2025-04-25 11:20:06.741 [INFO] [restartedMain] [com.zaxxer.hikari.HikariDataSource] - HikariPool-15 - Start completed.
2025-04-25 11:20:06.742 [INFO] [restartedMain] [o.hibernate.orm.connections.pooling] - HHH10001005: Database info:
	Database JDBC URL [Connecting through datasource 'HikariDataSource (HikariPool-15)']
	Database driver: undefined/unknown
	Database version: 11.7.2
	Autocommit mode: undefined/unknown
	Isolation level: undefined/unknown
	Minimum pool size: undefined/unknown
	Maximum pool size: undefined/unknown
2025-04-25 11:20:06.906 [INFO] [restartedMain] [o.h.e.t.j.p.i.JtaPlatformInitiator] - HHH000489: No JTA platform available (set 'hibernate.transaction.jta.platform' to enable JTA platform integration)
2025-04-25 11:20:06.984 [INFO] [restartedMain] [o.s.o.j.LocalContainerEntityManagerFactoryBean] - Initialized JPA EntityManagerFactory for persistence unit 'default'
2025-04-25 11:20:07.166 [INFO] [restartedMain] [o.s.s.c.a.a.c.InitializeUserDetailsBeanManagerConfigurer$InitializeUserDetailsManagerConfigurer] - Global AuthenticationManager configured with UserDetailsService bean with name inMemoryUserDetailsManager
2025-04-25 11:20:07.171 [INFO] [restartedMain] [o.s.b.a.w.s.WelcomePageHandlerMapping] - Adding welcome page: class path resource [static/index.html]
2025-04-25 11:20:07.494 [INFO] [restartedMain] [o.s.v.b.OptionalValidatorFactoryBean] - Failed to set up a Bean Validation provider: jakarta.validation.NoProviderFoundException: Unable to create a Configuration, because no Jakarta Bean Validation provider could be found. Add a provider like Hibernate Validator (RI) to your classpath.
2025-04-25 11:20:07.561 [INFO] [restartedMain] [o.s.b.d.a.OptionalLiveReloadServer] - LiveReload server is running on port 35729
2025-04-25 11:20:07.568 [INFO] [restartedMain] [o.a.coyote.http11.Http11NioProtocol] - Starting ProtocolHandler ["http-nio-8080"]
2025-04-25 11:20:07.572 [INFO] [restartedMain] [o.s.b.w.e.tomcat.TomcatWebServer] - Tomcat started on port 8080 (http) with context path '/'
2025-04-25 11:20:07.575 [INFO] [restartedMain] [c.g.aigroove.AigrooveApplication] - Started AigrooveApplication in 1.577 seconds (process running for 2693.733)
2025-04-25 11:20:07.578 [INFO] [restartedMain] [o.s.b.d.a.ConditionEvaluationDeltaLoggingListener] - Condition evaluation delta:


==========================
CONDITION EVALUATION DELTA
==========================


Positive matches:
-----------------

    None


Negative matches:
-----------------

   TaskExecutorConfigurations.TaskExecutorConfiguration:
      Did not match:
         - @ConditionalOnMissingBean (types: java.util.concurrent.Executor; SearchStrategy: all) found beans of type 'java.util.concurrent.Executor' taskExecutor (OnBeanCondition)


Exclusions:
-----------

    None


Unconditional classes:
----------------------

    None



2025-04-25 11:20:27.575 [INFO] [http-nio-8080-exec-1] [o.a.c.c.C.[Tomcat-2].[localhost].[/]] - Initializing Spring DispatcherServlet 'dispatcherServlet'
2025-04-25 11:20:27.575 [INFO] [http-nio-8080-exec-1] [o.s.web.servlet.DispatcherServlet] - Initializing Servlet 'dispatcherServlet'
2025-04-25 11:20:27.577 [INFO] [http-nio-8080-exec-1] [o.s.web.servlet.DispatcherServlet] - Completed initialization in 0 ms
2025-04-25 11:20:28.875 [INFO] [http-nio-8080-exec-9] [o.s.api.AbstractOpenApiResource] - Init duration for springdoc-openapi is: 599 ms
2025-04-25 11:21:53.655 [INFO] [File Watcher] [o.s.b.d.a.LocalDevToolsAutoConfiguration$RestartingClassPathChangeChangedEventListener] - Restarting due to 1 class path change (0 additions, 0 deletions, 1 modification)
2025-04-25 11:21:53.656 [INFO] [Thread-57] [o.s.b.w.e.tomcat.GracefulShutdown] - Commencing graceful shutdown. Waiting for active requests to complete
2025-04-25 11:21:53.657 [INFO] [tomcat-shutdown] [o.a.coyote.http11.Http11NioProtocol] - Pausing ProtocolHandler ["http-nio-8080"]
2025-04-25 11:21:53.784 [INFO] [tomcat-shutdown] [o.s.b.w.e.tomcat.GracefulShutdown] - Graceful shutdown complete
2025-04-25 11:21:53.785 [INFO] [Thread-57] [o.a.coyote.http11.Http11NioProtocol] - Stopping ProtocolHandler ["http-nio-8080"]
2025-04-25 11:21:53.787 [INFO] [Thread-57] [o.s.o.j.LocalContainerEntityManagerFactoryBean] - Closing JPA EntityManagerFactory for persistence unit 'default'
2025-04-25 11:21:53.788 [INFO] [Thread-57] [com.zaxxer.hikari.HikariDataSource] - HikariPool-15 - Shutdown initiated...
2025-04-25 11:21:53.790 [INFO] [Thread-57] [com.zaxxer.hikari.HikariDataSource] - HikariPool-15 - Shutdown completed.
2025-04-25 11:21:53.908 [INFO] [restartedMain] [c.g.aigroove.AigrooveApplication] - Starting AigrooveApplication using Java 17.0.15 with PID 7424 (C:\dev\AIGroove_api\aigroove\bin\main started by 문유신 in C:\dev\AIGroove_api\aigroove)
2025-04-25 11:21:53.909 [INFO] [restartedMain] [c.g.aigroove.AigrooveApplication] - No active profile set, falling back to 1 default profile: "default"
2025-04-25 11:21:54.336 [INFO] [restartedMain] [o.s.d.r.c.RepositoryConfigurationDelegate] - Bootstrapping Spring Data JPA repositories in DEFAULT mode.
2025-04-25 11:21:54.409 [INFO] [restartedMain] [o.s.d.r.c.RepositoryConfigurationDelegate] - Finished Spring Data repository scanning in 70 ms. Found 11 JPA repository interfaces.
2025-04-25 11:21:54.602 [INFO] [restartedMain] [o.s.b.w.e.tomcat.TomcatWebServer] - Tomcat initialized with port 8080 (http)
2025-04-25 11:21:54.603 [INFO] [restartedMain] [o.a.coyote.http11.Http11NioProtocol] - Initializing ProtocolHandler ["http-nio-8080"]
2025-04-25 11:21:54.604 [INFO] [restartedMain] [o.a.catalina.core.StandardService] - Starting service [Tomcat]
2025-04-25 11:21:54.604 [INFO] [restartedMain] [o.a.catalina.core.StandardEngine] - Starting Servlet engine: [Apache Tomcat/10.1.39]
2025-04-25 11:21:54.700 [INFO] [restartedMain] [o.a.c.c.C.[Tomcat-2].[localhost].[/]] - Initializing Spring embedded WebApplicationContext
2025-04-25 11:21:54.700 [INFO] [restartedMain] [o.s.b.w.s.c.ServletWebServerApplicationContext] - Root WebApplicationContext: initialization completed in 787 ms
2025-04-25 11:21:54.749 [INFO] [restartedMain] [o.h.jpa.internal.util.LogHelper] - HHH000204: Processing PersistenceUnitInfo [name: default]
2025-04-25 11:21:54.755 [INFO] [restartedMain] [o.h.c.i.RegionFactoryInitiator] - HHH000026: Second-level cache disabled
2025-04-25 11:21:54.770 [INFO] [restartedMain] [o.s.o.j.p.SpringPersistenceUnitInfo] - No LoadTimeWeaver setup: ignoring JPA class transformer
2025-04-25 11:21:54.772 [INFO] [restartedMain] [com.zaxxer.hikari.HikariDataSource] - HikariPool-16 - Starting...
2025-04-25 11:21:54.774 [INFO] [restartedMain] [com.zaxxer.hikari.pool.HikariPool] - HikariPool-16 - Added connection org.mariadb.jdbc.MariaDbConnection@18b63e8
2025-04-25 11:21:54.774 [INFO] [restartedMain] [com.zaxxer.hikari.HikariDataSource] - HikariPool-16 - Start completed.
2025-04-25 11:21:54.775 [INFO] [restartedMain] [o.hibernate.orm.connections.pooling] - HHH10001005: Database info:
	Database JDBC URL [Connecting through datasource 'HikariDataSource (HikariPool-16)']
	Database driver: undefined/unknown
	Database version: 11.7.2
	Autocommit mode: undefined/unknown
	Isolation level: undefined/unknown
	Minimum pool size: undefined/unknown
	Maximum pool size: undefined/unknown
2025-04-25 11:21:54.956 [INFO] [restartedMain] [o.h.e.t.j.p.i.JtaPlatformInitiator] - HHH000489: No JTA platform available (set 'hibernate.transaction.jta.platform' to enable JTA platform integration)
2025-04-25 11:21:55.034 [INFO] [restartedMain] [o.s.o.j.LocalContainerEntityManagerFactoryBean] - Initialized JPA EntityManagerFactory for persistence unit 'default'
2025-04-25 11:21:55.241 [INFO] [restartedMain] [o.s.s.c.a.a.c.InitializeUserDetailsBeanManagerConfigurer$InitializeUserDetailsManagerConfigurer] - Global AuthenticationManager configured with UserDetailsService bean with name inMemoryUserDetailsManager
2025-04-25 11:21:55.252 [INFO] [restartedMain] [o.s.b.a.w.s.WelcomePageHandlerMapping] - Adding welcome page: class path resource [static/index.html]
2025-04-25 11:21:55.788 [INFO] [restartedMain] [o.s.v.b.OptionalValidatorFactoryBean] - Failed to set up a Bean Validation provider: jakarta.validation.NoProviderFoundException: Unable to create a Configuration, because no Jakarta Bean Validation provider could be found. Add a provider like Hibernate Validator (RI) to your classpath.
2025-04-25 11:21:55.863 [INFO] [restartedMain] [o.s.b.d.a.OptionalLiveReloadServer] - LiveReload server is running on port 35729
2025-04-25 11:21:55.870 [INFO] [restartedMain] [o.a.coyote.http11.Http11NioProtocol] - Starting ProtocolHandler ["http-nio-8080"]
2025-04-25 11:21:55.873 [INFO] [restartedMain] [o.s.b.w.e.tomcat.TomcatWebServer] - Tomcat started on port 8080 (http) with context path '/'
2025-04-25 11:21:55.877 [INFO] [restartedMain] [c.g.aigroove.AigrooveApplication] - Started AigrooveApplication in 2.02 seconds (process running for 2802.035)
2025-04-25 11:21:55.879 [INFO] [restartedMain] [o.s.b.d.a.ConditionEvaluationDeltaLoggingListener] - Condition evaluation unchanged
2025-04-25 11:24:12.894 [INFO] [File Watcher] [o.s.b.d.a.LocalDevToolsAutoConfiguration$RestartingClassPathChangeChangedEventListener] - Restarting due to 1 class path change (0 additions, 0 deletions, 1 modification)
2025-04-25 11:24:12.896 [INFO] [Thread-61] [o.s.b.w.e.tomcat.GracefulShutdown] - Commencing graceful shutdown. Waiting for active requests to complete
2025-04-25 11:24:12.896 [INFO] [tomcat-shutdown] [o.a.coyote.http11.Http11NioProtocol] - Pausing ProtocolHandler ["http-nio-8080"]
2025-04-25 11:24:12.991 [INFO] [tomcat-shutdown] [o.s.b.w.e.tomcat.GracefulShutdown] - Graceful shutdown complete
2025-04-25 11:24:12.991 [INFO] [Thread-61] [o.a.coyote.http11.Http11NioProtocol] - Stopping ProtocolHandler ["http-nio-8080"]
2025-04-25 11:24:12.993 [INFO] [Thread-61] [o.s.o.j.LocalContainerEntityManagerFactoryBean] - Closing JPA EntityManagerFactory for persistence unit 'default'
2025-04-25 11:24:12.994 [INFO] [Thread-61] [com.zaxxer.hikari.HikariDataSource] - HikariPool-16 - Shutdown initiated...
2025-04-25 11:24:12.996 [INFO] [Thread-61] [com.zaxxer.hikari.HikariDataSource] - HikariPool-16 - Shutdown completed.
2025-04-25 11:24:13.103 [INFO] [restartedMain] [c.g.aigroove.AigrooveApplication] - Starting AigrooveApplication using Java 17.0.15 with PID 7424 (C:\dev\AIGroove_api\aigroove\bin\main started by 문유신 in C:\dev\AIGroove_api\aigroove)
2025-04-25 11:24:13.103 [INFO] [restartedMain] [c.g.aigroove.AigrooveApplication] - No active profile set, falling back to 1 default profile: "default"
2025-04-25 11:24:13.458 [INFO] [restartedMain] [o.s.d.r.c.RepositoryConfigurationDelegate] - Bootstrapping Spring Data JPA repositories in DEFAULT mode.
2025-04-25 11:24:13.504 [INFO] [restartedMain] [o.s.d.r.c.RepositoryConfigurationDelegate] - Finished Spring Data repository scanning in 44 ms. Found 11 JPA repository interfaces.
2025-04-25 11:24:13.626 [INFO] [restartedMain] [o.s.b.w.e.tomcat.TomcatWebServer] - Tomcat initialized with port 8080 (http)
2025-04-25 11:24:13.627 [INFO] [restartedMain] [o.a.coyote.http11.Http11NioProtocol] - Initializing ProtocolHandler ["http-nio-8080"]
2025-04-25 11:24:13.628 [INFO] [restartedMain] [o.a.catalina.core.StandardService] - Starting service [Tomcat]
2025-04-25 11:24:13.628 [INFO] [restartedMain] [o.a.catalina.core.StandardEngine] - Starting Servlet engine: [Apache Tomcat/10.1.39]
2025-04-25 11:24:13.653 [INFO] [restartedMain] [o.a.c.c.C.[Tomcat-2].[localhost].[/]] - Initializing Spring embedded WebApplicationContext
2025-04-25 11:24:13.654 [INFO] [restartedMain] [o.s.b.w.s.c.ServletWebServerApplicationContext] - Root WebApplicationContext: initialization completed in 548 ms
2025-04-25 11:24:13.682 [INFO] [restartedMain] [o.h.jpa.internal.util.LogHelper] - HHH000204: Processing PersistenceUnitInfo [name: default]
2025-04-25 11:24:13.688 [INFO] [restartedMain] [o.h.c.i.RegionFactoryInitiator] - HHH000026: Second-level cache disabled
2025-04-25 11:24:13.700 [INFO] [restartedMain] [o.s.o.j.p.SpringPersistenceUnitInfo] - No LoadTimeWeaver setup: ignoring JPA class transformer
2025-04-25 11:24:13.702 [INFO] [restartedMain] [com.zaxxer.hikari.HikariDataSource] - HikariPool-17 - Starting...
2025-04-25 11:24:13.703 [INFO] [restartedMain] [com.zaxxer.hikari.pool.HikariPool] - HikariPool-17 - Added connection org.mariadb.jdbc.MariaDbConnection@7cb7b86
2025-04-25 11:24:13.704 [INFO] [restartedMain] [com.zaxxer.hikari.HikariDataSource] - HikariPool-17 - Start completed.
2025-04-25 11:24:13.705 [INFO] [restartedMain] [o.hibernate.orm.connections.pooling] - HHH10001005: Database info:
	Database JDBC URL [Connecting through datasource 'HikariDataSource (HikariPool-17)']
	Database driver: undefined/unknown
	Database version: 11.7.2
	Autocommit mode: undefined/unknown
	Isolation level: undefined/unknown
	Minimum pool size: undefined/unknown
	Maximum pool size: undefined/unknown
2025-04-25 11:24:13.856 [INFO] [restartedMain] [o.h.e.t.j.p.i.JtaPlatformInitiator] - HHH000489: No JTA platform available (set 'hibernate.transaction.jta.platform' to enable JTA platform integration)
2025-04-25 11:24:13.947 [INFO] [restartedMain] [o.s.o.j.LocalContainerEntityManagerFactoryBean] - Initialized JPA EntityManagerFactory for persistence unit 'default'
2025-04-25 11:24:14.116 [INFO] [restartedMain] [o.s.s.c.a.a.c.InitializeUserDetailsBeanManagerConfigurer$InitializeUserDetailsManagerConfigurer] - Global AuthenticationManager configured with UserDetailsService bean with name inMemoryUserDetailsManager
2025-04-25 11:24:14.122 [INFO] [restartedMain] [o.s.b.a.w.s.WelcomePageHandlerMapping] - Adding welcome page: class path resource [static/index.html]
2025-04-25 11:24:14.494 [INFO] [restartedMain] [o.s.v.b.OptionalValidatorFactoryBean] - Failed to set up a Bean Validation provider: jakarta.validation.NoProviderFoundException: Unable to create a Configuration, because no Jakarta Bean Validation provider could be found. Add a provider like Hibernate Validator (RI) to your classpath.
2025-04-25 11:24:14.565 [INFO] [restartedMain] [o.s.b.d.a.OptionalLiveReloadServer] - LiveReload server is running on port 35729
2025-04-25 11:24:14.573 [INFO] [restartedMain] [o.a.coyote.http11.Http11NioProtocol] - Starting ProtocolHandler ["http-nio-8080"]
2025-04-25 11:24:14.577 [INFO] [restartedMain] [o.s.b.w.e.tomcat.TomcatWebServer] - Tomcat started on port 8080 (http) with context path '/'
2025-04-25 11:24:14.580 [INFO] [restartedMain] [c.g.aigroove.AigrooveApplication] - Started AigrooveApplication in 1.513 seconds (process running for 2940.737)
2025-04-25 11:24:14.581 [INFO] [restartedMain] [o.s.b.d.a.ConditionEvaluationDeltaLoggingListener] - Condition evaluation unchanged
2025-04-25 11:24:32.603 [INFO] [File Watcher] [o.s.b.d.a.LocalDevToolsAutoConfiguration$RestartingClassPathChangeChangedEventListener] - Restarting due to 1 class path change (0 additions, 0 deletions, 1 modification)
2025-04-25 11:24:32.604 [INFO] [Thread-65] [o.s.b.w.e.tomcat.GracefulShutdown] - Commencing graceful shutdown. Waiting for active requests to complete
2025-04-25 11:24:32.606 [INFO] [tomcat-shutdown] [o.a.coyote.http11.Http11NioProtocol] - Pausing ProtocolHandler ["http-nio-8080"]
2025-04-25 11:24:32.708 [INFO] [tomcat-shutdown] [o.s.b.w.e.tomcat.GracefulShutdown] - Graceful shutdown complete
2025-04-25 11:24:32.708 [INFO] [Thread-65] [o.a.coyote.http11.Http11NioProtocol] - Stopping ProtocolHandler ["http-nio-8080"]
2025-04-25 11:24:32.710 [INFO] [Thread-65] [o.s.o.j.LocalContainerEntityManagerFactoryBean] - Closing JPA EntityManagerFactory for persistence unit 'default'
2025-04-25 11:24:32.711 [INFO] [Thread-65] [com.zaxxer.hikari.HikariDataSource] - HikariPool-17 - Shutdown initiated...
2025-04-25 11:24:32.713 [INFO] [Thread-65] [com.zaxxer.hikari.HikariDataSource] - HikariPool-17 - Shutdown completed.
2025-04-25 11:24:32.826 [INFO] [restartedMain] [c.g.aigroove.AigrooveApplication] - Starting AigrooveApplication using Java 17.0.15 with PID 7424 (C:\dev\AIGroove_api\aigroove\bin\main started by 문유신 in C:\dev\AIGroove_api\aigroove)
2025-04-25 11:24:32.827 [INFO] [restartedMain] [c.g.aigroove.AigrooveApplication] - No active profile set, falling back to 1 default profile: "default"
2025-04-25 11:24:33.164 [INFO] [restartedMain] [o.s.d.r.c.RepositoryConfigurationDelegate] - Bootstrapping Spring Data JPA repositories in DEFAULT mode.
2025-04-25 11:24:33.211 [INFO] [restartedMain] [o.s.d.r.c.RepositoryConfigurationDelegate] - Finished Spring Data repository scanning in 46 ms. Found 11 JPA repository interfaces.
2025-04-25 11:24:33.316 [INFO] [restartedMain] [o.s.b.w.e.tomcat.TomcatWebServer] - Tomcat initialized with port 8080 (http)
2025-04-25 11:24:33.317 [INFO] [restartedMain] [o.a.coyote.http11.Http11NioProtocol] - Initializing ProtocolHandler ["http-nio-8080"]
2025-04-25 11:24:33.318 [INFO] [restartedMain] [o.a.catalina.core.StandardService] - Starting service [Tomcat]
2025-04-25 11:24:33.318 [INFO] [restartedMain] [o.a.catalina.core.StandardEngine] - Starting Servlet engine: [Apache Tomcat/10.1.39]
2025-04-25 11:24:33.405 [INFO] [restartedMain] [o.a.c.c.C.[Tomcat-2].[localhost].[/]] - Initializing Spring embedded WebApplicationContext
2025-04-25 11:24:33.406 [INFO] [restartedMain] [o.s.b.w.s.c.ServletWebServerApplicationContext] - Root WebApplicationContext: initialization completed in 577 ms
2025-04-25 11:24:33.461 [INFO] [restartedMain] [o.h.jpa.internal.util.LogHelper] - HHH000204: Processing PersistenceUnitInfo [name: default]
2025-04-25 11:24:33.469 [INFO] [restartedMain] [o.h.c.i.RegionFactoryInitiator] - HHH000026: Second-level cache disabled
2025-04-25 11:24:33.492 [INFO] [restartedMain] [o.s.o.j.p.SpringPersistenceUnitInfo] - No LoadTimeWeaver setup: ignoring JPA class transformer
2025-04-25 11:24:33.494 [INFO] [restartedMain] [com.zaxxer.hikari.HikariDataSource] - HikariPool-18 - Starting...
2025-04-25 11:24:33.497 [INFO] [restartedMain] [com.zaxxer.hikari.pool.HikariPool] - HikariPool-18 - Added connection org.mariadb.jdbc.MariaDbConnection@7316e1d1
2025-04-25 11:24:33.497 [INFO] [restartedMain] [com.zaxxer.hikari.HikariDataSource] - HikariPool-18 - Start completed.
2025-04-25 11:24:33.499 [INFO] [restartedMain] [o.hibernate.orm.connections.pooling] - HHH10001005: Database info:
	Database JDBC URL [Connecting through datasource 'HikariDataSource (HikariPool-18)']
	Database driver: undefined/unknown
	Database version: 11.7.2
	Autocommit mode: undefined/unknown
	Isolation level: undefined/unknown
	Minimum pool size: undefined/unknown
	Maximum pool size: undefined/unknown
2025-04-25 11:24:33.653 [INFO] [restartedMain] [o.h.e.t.j.p.i.JtaPlatformInitiator] - HHH000489: No JTA platform available (set 'hibernate.transaction.jta.platform' to enable JTA platform integration)
2025-04-25 11:24:33.683 [INFO] [restartedMain] [o.s.o.j.LocalContainerEntityManagerFactoryBean] - Initialized JPA EntityManagerFactory for persistence unit 'default'
2025-04-25 11:24:33.865 [INFO] [restartedMain] [o.s.s.c.a.a.c.InitializeUserDetailsBeanManagerConfigurer$InitializeUserDetailsManagerConfigurer] - Global AuthenticationManager configured with UserDetailsService bean with name inMemoryUserDetailsManager
2025-04-25 11:24:33.874 [INFO] [restartedMain] [o.s.b.a.w.s.WelcomePageHandlerMapping] - Adding welcome page: class path resource [static/index.html]
2025-04-25 11:24:34.299 [INFO] [restartedMain] [o.s.v.b.OptionalValidatorFactoryBean] - Failed to set up a Bean Validation provider: jakarta.validation.NoProviderFoundException: Unable to create a Configuration, because no Jakarta Bean Validation provider could be found. Add a provider like Hibernate Validator (RI) to your classpath.
2025-04-25 11:24:34.409 [INFO] [restartedMain] [o.s.b.d.a.OptionalLiveReloadServer] - LiveReload server is running on port 35729
2025-04-25 11:24:34.417 [INFO] [restartedMain] [o.a.coyote.http11.Http11NioProtocol] - Starting ProtocolHandler ["http-nio-8080"]
2025-04-25 11:24:34.421 [INFO] [restartedMain] [o.s.b.w.e.tomcat.TomcatWebServer] - Tomcat started on port 8080 (http) with context path '/'
2025-04-25 11:24:34.424 [INFO] [restartedMain] [c.g.aigroove.AigrooveApplication] - Started AigrooveApplication in 1.629 seconds (process running for 2960.582)
2025-04-25 11:24:34.427 [INFO] [restartedMain] [o.s.b.d.a.ConditionEvaluationDeltaLoggingListener] - Condition evaluation unchanged
2025-04-25 11:24:49.355 [INFO] [http-nio-8080-exec-1] [o.a.c.c.C.[Tomcat-2].[localhost].[/]] - Initializing Spring DispatcherServlet 'dispatcherServlet'
2025-04-25 11:24:49.355 [INFO] [http-nio-8080-exec-1] [o.s.web.servlet.DispatcherServlet] - Initializing Servlet 'dispatcherServlet'
2025-04-25 11:24:49.356 [INFO] [http-nio-8080-exec-1] [o.s.web.servlet.DispatcherServlet] - Completed initialization in 1 ms
2025-04-25 11:24:49.891 [INFO] [http-nio-8080-exec-9] [o.s.api.AbstractOpenApiResource] - Init duration for springdoc-openapi is: 241 ms
2025-04-25 11:29:12.487 [INFO] [File Watcher] [o.s.b.d.a.LocalDevToolsAutoConfiguration$RestartingClassPathChangeChangedEventListener] - Restarting due to 1 class path change (0 additions, 0 deletions, 1 modification)
2025-04-25 11:29:12.490 [INFO] [Thread-69] [o.s.b.w.e.tomcat.GracefulShutdown] - Commencing graceful shutdown. Waiting for active requests to complete
2025-04-25 11:29:12.490 [INFO] [tomcat-shutdown] [o.a.coyote.http11.Http11NioProtocol] - Pausing ProtocolHandler ["http-nio-8080"]
2025-04-25 11:29:12.597 [INFO] [tomcat-shutdown] [o.s.b.w.e.tomcat.GracefulShutdown] - Graceful shutdown complete
2025-04-25 11:29:12.597 [INFO] [Thread-69] [o.a.coyote.http11.Http11NioProtocol] - Stopping ProtocolHandler ["http-nio-8080"]
2025-04-25 11:29:12.601 [INFO] [Thread-69] [o.s.o.j.LocalContainerEntityManagerFactoryBean] - Closing JPA EntityManagerFactory for persistence unit 'default'
2025-04-25 11:29:12.601 [INFO] [Thread-69] [com.zaxxer.hikari.HikariDataSource] - HikariPool-18 - Shutdown initiated...
2025-04-25 11:29:12.603 [INFO] [Thread-69] [com.zaxxer.hikari.HikariDataSource] - HikariPool-18 - Shutdown completed.
2025-04-25 11:29:12.719 [INFO] [restartedMain] [c.g.aigroove.AigrooveApplication] - Starting AigrooveApplication using Java 17.0.15 with PID 7424 (C:\dev\AIGroove_api\aigroove\bin\main started by 문유신 in C:\dev\AIGroove_api\aigroove)
2025-04-25 11:29:12.719 [INFO] [restartedMain] [c.g.aigroove.AigrooveApplication] - No active profile set, falling back to 1 default profile: "default"
2025-04-25 11:29:13.057 [INFO] [restartedMain] [o.s.d.r.c.RepositoryConfigurationDelegate] - Bootstrapping Spring Data JPA repositories in DEFAULT mode.
2025-04-25 11:29:13.106 [INFO] [restartedMain] [o.s.d.r.c.RepositoryConfigurationDelegate] - Finished Spring Data repository scanning in 47 ms. Found 11 JPA repository interfaces.
2025-04-25 11:29:13.213 [INFO] [restartedMain] [o.s.b.w.e.tomcat.TomcatWebServer] - Tomcat initialized with port 8080 (http)
2025-04-25 11:29:13.213 [INFO] [restartedMain] [o.a.coyote.http11.Http11NioProtocol] - Initializing ProtocolHandler ["http-nio-8080"]
2025-04-25 11:29:13.214 [INFO] [restartedMain] [o.a.catalina.core.StandardService] - Starting service [Tomcat]
2025-04-25 11:29:13.214 [INFO] [restartedMain] [o.a.catalina.core.StandardEngine] - Starting Servlet engine: [Apache Tomcat/10.1.39]
2025-04-25 11:29:13.239 [INFO] [restartedMain] [o.a.c.c.C.[Tomcat-2].[localhost].[/]] - Initializing Spring embedded WebApplicationContext
2025-04-25 11:29:13.239 [INFO] [restartedMain] [o.s.b.w.s.c.ServletWebServerApplicationContext] - Root WebApplicationContext: initialization completed in 517 ms
2025-04-25 11:29:13.267 [INFO] [restartedMain] [o.h.jpa.internal.util.LogHelper] - HHH000204: Processing PersistenceUnitInfo [name: default]
2025-04-25 11:29:13.273 [INFO] [restartedMain] [o.h.c.i.RegionFactoryInitiator] - HHH000026: Second-level cache disabled
2025-04-25 11:29:13.288 [INFO] [restartedMain] [o.s.o.j.p.SpringPersistenceUnitInfo] - No LoadTimeWeaver setup: ignoring JPA class transformer
2025-04-25 11:29:13.289 [INFO] [restartedMain] [com.zaxxer.hikari.HikariDataSource] - HikariPool-19 - Starting...
2025-04-25 11:29:13.292 [INFO] [restartedMain] [com.zaxxer.hikari.pool.HikariPool] - HikariPool-19 - Added connection org.mariadb.jdbc.MariaDbConnection@2364f506
2025-04-25 11:29:13.292 [INFO] [restartedMain] [com.zaxxer.hikari.HikariDataSource] - HikariPool-19 - Start completed.
2025-04-25 11:29:13.293 [INFO] [restartedMain] [o.hibernate.orm.connections.pooling] - HHH10001005: Database info:
	Database JDBC URL [Connecting through datasource 'HikariDataSource (HikariPool-19)']
	Database driver: undefined/unknown
	Database version: 11.7.2
	Autocommit mode: undefined/unknown
	Isolation level: undefined/unknown
	Minimum pool size: undefined/unknown
	Maximum pool size: undefined/unknown
2025-04-25 11:29:13.456 [INFO] [restartedMain] [o.h.e.t.j.p.i.JtaPlatformInitiator] - HHH000489: No JTA platform available (set 'hibernate.transaction.jta.platform' to enable JTA platform integration)
2025-04-25 11:29:13.484 [INFO] [restartedMain] [o.s.o.j.LocalContainerEntityManagerFactoryBean] - Initialized JPA EntityManagerFactory for persistence unit 'default'
2025-04-25 11:29:13.652 [INFO] [restartedMain] [o.s.s.c.a.a.c.InitializeUserDetailsBeanManagerConfigurer$InitializeUserDetailsManagerConfigurer] - Global AuthenticationManager configured with UserDetailsService bean with name inMemoryUserDetailsManager
2025-04-25 11:29:13.660 [INFO] [restartedMain] [o.s.b.a.w.s.WelcomePageHandlerMapping] - Adding welcome page: class path resource [static/index.html]
2025-04-25 11:29:13.959 [INFO] [restartedMain] [o.s.v.b.OptionalValidatorFactoryBean] - Failed to set up a Bean Validation provider: jakarta.validation.NoProviderFoundException: Unable to create a Configuration, because no Jakarta Bean Validation provider could be found. Add a provider like Hibernate Validator (RI) to your classpath.
2025-04-25 11:29:14.029 [INFO] [restartedMain] [o.s.b.d.a.OptionalLiveReloadServer] - LiveReload server is running on port 35729
2025-04-25 11:29:14.036 [INFO] [restartedMain] [o.a.coyote.http11.Http11NioProtocol] - Starting ProtocolHandler ["http-nio-8080"]
2025-04-25 11:29:14.040 [INFO] [restartedMain] [o.s.b.w.e.tomcat.TomcatWebServer] - Tomcat started on port 8080 (http) with context path '/'
2025-04-25 11:29:14.043 [INFO] [restartedMain] [c.g.aigroove.AigrooveApplication] - Started AigrooveApplication in 1.356 seconds (process running for 3240.2)
2025-04-25 11:29:14.045 [INFO] [restartedMain] [o.s.b.d.a.ConditionEvaluationDeltaLoggingListener] - Condition evaluation unchanged
2025-04-25 11:29:22.996 [INFO] [http-nio-8080-exec-1] [o.a.c.c.C.[Tomcat-2].[localhost].[/]] - Initializing Spring DispatcherServlet 'dispatcherServlet'
2025-04-25 11:29:22.997 [INFO] [http-nio-8080-exec-1] [o.s.web.servlet.DispatcherServlet] - Initializing Servlet 'dispatcherServlet'
2025-04-25 11:29:22.998 [INFO] [http-nio-8080-exec-1] [o.s.web.servlet.DispatcherServlet] - Completed initialization in 1 ms
2025-04-25 11:33:45.623 [INFO] [File Watcher] [o.s.b.d.a.LocalDevToolsAutoConfiguration$RestartingClassPathChangeChangedEventListener] - Restarting due to 1 class path change (0 additions, 0 deletions, 1 modification)
2025-04-25 11:33:45.624 [INFO] [Thread-73] [o.s.b.w.e.tomcat.GracefulShutdown] - Commencing graceful shutdown. Waiting for active requests to complete
2025-04-25 11:33:45.625 [INFO] [tomcat-shutdown] [o.a.coyote.http11.Http11NioProtocol] - Pausing ProtocolHandler ["http-nio-8080"]
2025-04-25 11:33:45.761 [INFO] [tomcat-shutdown] [o.s.b.w.e.tomcat.GracefulShutdown] - Graceful shutdown complete
2025-04-25 11:33:45.762 [INFO] [Thread-73] [o.a.coyote.http11.Http11NioProtocol] - Stopping ProtocolHandler ["http-nio-8080"]
2025-04-25 11:33:45.765 [INFO] [Thread-73] [o.s.o.j.LocalContainerEntityManagerFactoryBean] - Closing JPA EntityManagerFactory for persistence unit 'default'
2025-04-25 11:33:45.766 [INFO] [Thread-73] [com.zaxxer.hikari.HikariDataSource] - HikariPool-19 - Shutdown initiated...
2025-04-25 11:33:45.768 [INFO] [Thread-73] [com.zaxxer.hikari.HikariDataSource] - HikariPool-19 - Shutdown completed.
2025-04-25 11:33:45.883 [INFO] [restartedMain] [c.g.aigroove.AigrooveApplication] - Starting AigrooveApplication using Java 17.0.15 with PID 7424 (C:\dev\AIGroove_api\aigroove\bin\main started by 문유신 in C:\dev\AIGroove_api\aigroove)
2025-04-25 11:33:45.883 [INFO] [restartedMain] [c.g.aigroove.AigrooveApplication] - No active profile set, falling back to 1 default profile: "default"
2025-04-25 11:33:46.240 [INFO] [restartedMain] [o.s.d.r.c.RepositoryConfigurationDelegate] - Bootstrapping Spring Data JPA repositories in DEFAULT mode.
2025-04-25 11:33:46.291 [INFO] [restartedMain] [o.s.d.r.c.RepositoryConfigurationDelegate] - Finished Spring Data repository scanning in 50 ms. Found 11 JPA repository interfaces.
2025-04-25 11:33:46.394 [INFO] [restartedMain] [o.s.b.w.e.tomcat.TomcatWebServer] - Tomcat initialized with port 8080 (http)
2025-04-25 11:33:46.394 [INFO] [restartedMain] [o.a.coyote.http11.Http11NioProtocol] - Initializing ProtocolHandler ["http-nio-8080"]
2025-04-25 11:33:46.395 [INFO] [restartedMain] [o.a.catalina.core.StandardService] - Starting service [Tomcat]
2025-04-25 11:33:46.395 [INFO] [restartedMain] [o.a.catalina.core.StandardEngine] - Starting Servlet engine: [Apache Tomcat/10.1.39]
2025-04-25 11:33:46.484 [INFO] [restartedMain] [o.a.c.c.C.[Tomcat-2].[localhost].[/]] - Initializing Spring embedded WebApplicationContext
2025-04-25 11:33:46.484 [INFO] [restartedMain] [o.s.b.w.s.c.ServletWebServerApplicationContext] - Root WebApplicationContext: initialization completed in 598 ms
2025-04-25 11:33:46.509 [INFO] [restartedMain] [o.h.jpa.internal.util.LogHelper] - HHH000204: Processing PersistenceUnitInfo [name: default]
2025-04-25 11:33:46.514 [INFO] [restartedMain] [o.h.c.i.RegionFactoryInitiator] - HHH000026: Second-level cache disabled
2025-04-25 11:33:46.526 [INFO] [restartedMain] [o.s.o.j.p.SpringPersistenceUnitInfo] - No LoadTimeWeaver setup: ignoring JPA class transformer
2025-04-25 11:33:46.527 [INFO] [restartedMain] [com.zaxxer.hikari.HikariDataSource] - HikariPool-20 - Starting...
2025-04-25 11:33:46.529 [INFO] [restartedMain] [com.zaxxer.hikari.pool.HikariPool] - HikariPool-20 - Added connection org.mariadb.jdbc.MariaDbConnection@77bd7d2c
2025-04-25 11:33:46.530 [INFO] [restartedMain] [com.zaxxer.hikari.HikariDataSource] - HikariPool-20 - Start completed.
2025-04-25 11:33:46.531 [INFO] [restartedMain] [o.hibernate.orm.connections.pooling] - HHH10001005: Database info:
	Database JDBC URL [Connecting through datasource 'HikariDataSource (HikariPool-20)']
	Database driver: undefined/unknown
	Database version: 11.7.2
	Autocommit mode: undefined/unknown
	Isolation level: undefined/unknown
	Minimum pool size: undefined/unknown
	Maximum pool size: undefined/unknown
2025-04-25 11:33:46.672 [INFO] [restartedMain] [o.h.e.t.j.p.i.JtaPlatformInitiator] - HHH000489: No JTA platform available (set 'hibernate.transaction.jta.platform' to enable JTA platform integration)
2025-04-25 11:33:46.754 [INFO] [restartedMain] [o.s.o.j.LocalContainerEntityManagerFactoryBean] - Initialized JPA EntityManagerFactory for persistence unit 'default'
2025-04-25 11:33:46.974 [INFO] [restartedMain] [o.s.s.c.a.a.c.InitializeUserDetailsBeanManagerConfigurer$InitializeUserDetailsManagerConfigurer] - Global AuthenticationManager configured with UserDetailsService bean with name inMemoryUserDetailsManager
2025-04-25 11:33:46.981 [INFO] [restartedMain] [o.s.b.a.w.s.WelcomePageHandlerMapping] - Adding welcome page: class path resource [static/index.html]
2025-04-25 11:33:47.292 [INFO] [restartedMain] [o.s.v.b.OptionalValidatorFactoryBean] - Failed to set up a Bean Validation provider: jakarta.validation.NoProviderFoundException: Unable to create a Configuration, because no Jakarta Bean Validation provider could be found. Add a provider like Hibernate Validator (RI) to your classpath.
2025-04-25 11:33:47.352 [INFO] [restartedMain] [o.s.b.d.a.OptionalLiveReloadServer] - LiveReload server is running on port 35729
2025-04-25 11:33:47.360 [INFO] [restartedMain] [o.a.coyote.http11.Http11NioProtocol] - Starting ProtocolHandler ["http-nio-8080"]
2025-04-25 11:33:47.363 [INFO] [restartedMain] [o.s.b.w.e.tomcat.TomcatWebServer] - Tomcat started on port 8080 (http) with context path '/'
2025-04-25 11:33:47.367 [INFO] [restartedMain] [c.g.aigroove.AigrooveApplication] - Started AigrooveApplication in 1.518 seconds (process running for 3513.524)
2025-04-25 11:33:47.368 [INFO] [restartedMain] [o.s.b.d.a.ConditionEvaluationDeltaLoggingListener] - Condition evaluation unchanged
2025-04-25 11:33:52.788 [INFO] [http-nio-8080-exec-1] [o.a.c.c.C.[Tomcat-2].[localhost].[/]] - Initializing Spring DispatcherServlet 'dispatcherServlet'
2025-04-25 11:33:52.789 [INFO] [http-nio-8080-exec-1] [o.s.web.servlet.DispatcherServlet] - Initializing Servlet 'dispatcherServlet'
2025-04-25 11:33:52.790 [INFO] [http-nio-8080-exec-1] [o.s.web.servlet.DispatcherServlet] - Completed initialization in 1 ms
2025-04-25 11:33:57.047 [INFO] [http-nio-8080-exec-10] [o.s.api.AbstractOpenApiResource] - Init duration for springdoc-openapi is: 172 ms
2025-04-25 11:40:11.093 [INFO] [File Watcher] [o.s.b.d.a.LocalDevToolsAutoConfiguration$RestartingClassPathChangeChangedEventListener] - Restarting due to 1 class path change (0 additions, 0 deletions, 1 modification)
2025-04-25 11:40:11.094 [INFO] [Thread-77] [o.s.b.w.e.tomcat.GracefulShutdown] - Commencing graceful shutdown. Waiting for active requests to complete
2025-04-25 11:40:11.094 [INFO] [tomcat-shutdown] [o.a.coyote.http11.Http11NioProtocol] - Pausing ProtocolHandler ["http-nio-8080"]
2025-04-25 11:40:11.217 [INFO] [tomcat-shutdown] [o.s.b.w.e.tomcat.GracefulShutdown] - Graceful shutdown complete
2025-04-25 11:40:11.218 [INFO] [Thread-77] [o.a.coyote.http11.Http11NioProtocol] - Stopping ProtocolHandler ["http-nio-8080"]
2025-04-25 11:40:11.220 [INFO] [Thread-77] [o.s.o.j.LocalContainerEntityManagerFactoryBean] - Closing JPA EntityManagerFactory for persistence unit 'default'
2025-04-25 11:40:11.220 [INFO] [Thread-77] [com.zaxxer.hikari.HikariDataSource] - HikariPool-20 - Shutdown initiated...
2025-04-25 11:40:11.223 [INFO] [Thread-77] [com.zaxxer.hikari.HikariDataSource] - HikariPool-20 - Shutdown completed.
2025-04-25 11:40:11.348 [INFO] [restartedMain] [c.g.aigroove.AigrooveApplication] - Starting AigrooveApplication using Java 17.0.15 with PID 7424 (C:\dev\AIGroove_api\aigroove\bin\main started by 문유신 in C:\dev\AIGroove_api\aigroove)
2025-04-25 11:40:11.349 [INFO] [restartedMain] [c.g.aigroove.AigrooveApplication] - No active profile set, falling back to 1 default profile: "default"
2025-04-25 11:40:11.671 [INFO] [restartedMain] [o.s.d.r.c.RepositoryConfigurationDelegate] - Bootstrapping Spring Data JPA repositories in DEFAULT mode.
2025-04-25 11:40:11.716 [INFO] [restartedMain] [o.s.d.r.c.RepositoryConfigurationDelegate] - Finished Spring Data repository scanning in 43 ms. Found 11 JPA repository interfaces.
2025-04-25 11:40:11.816 [INFO] [restartedMain] [o.s.b.w.e.tomcat.TomcatWebServer] - Tomcat initialized with port 8080 (http)
2025-04-25 11:40:11.817 [INFO] [restartedMain] [o.a.coyote.http11.Http11NioProtocol] - Initializing ProtocolHandler ["http-nio-8080"]
2025-04-25 11:40:11.817 [INFO] [restartedMain] [o.a.catalina.core.StandardService] - Starting service [Tomcat]
2025-04-25 11:40:11.817 [INFO] [restartedMain] [o.a.catalina.core.StandardEngine] - Starting Servlet engine: [Apache Tomcat/10.1.39]
2025-04-25 11:40:11.843 [INFO] [restartedMain] [o.a.c.c.C.[Tomcat-2].[localhost].[/]] - Initializing Spring embedded WebApplicationContext
2025-04-25 11:40:11.843 [INFO] [restartedMain] [o.s.b.w.s.c.ServletWebServerApplicationContext] - Root WebApplicationContext: initialization completed in 492 ms
2025-04-25 11:40:11.873 [INFO] [restartedMain] [o.h.jpa.internal.util.LogHelper] - HHH000204: Processing PersistenceUnitInfo [name: default]
2025-04-25 11:40:11.879 [INFO] [restartedMain] [o.h.c.i.RegionFactoryInitiator] - HHH000026: Second-level cache disabled
2025-04-25 11:40:11.891 [INFO] [restartedMain] [o.s.o.j.p.SpringPersistenceUnitInfo] - No LoadTimeWeaver setup: ignoring JPA class transformer
2025-04-25 11:40:11.892 [INFO] [restartedMain] [com.zaxxer.hikari.HikariDataSource] - HikariPool-21 - Starting...
2025-04-25 11:40:11.895 [INFO] [restartedMain] [com.zaxxer.hikari.pool.HikariPool] - HikariPool-21 - Added connection org.mariadb.jdbc.MariaDbConnection@48f327d5
2025-04-25 11:40:11.895 [INFO] [restartedMain] [com.zaxxer.hikari.HikariDataSource] - HikariPool-21 - Start completed.
2025-04-25 11:40:11.896 [INFO] [restartedMain] [o.hibernate.orm.connections.pooling] - HHH10001005: Database info:
	Database JDBC URL [Connecting through datasource 'HikariDataSource (HikariPool-21)']
	Database driver: undefined/unknown
	Database version: 11.7.2
	Autocommit mode: undefined/unknown
	Isolation level: undefined/unknown
	Minimum pool size: undefined/unknown
	Maximum pool size: undefined/unknown
2025-04-25 11:40:12.035 [INFO] [restartedMain] [o.h.e.t.j.p.i.JtaPlatformInitiator] - HHH000489: No JTA platform available (set 'hibernate.transaction.jta.platform' to enable JTA platform integration)
2025-04-25 11:40:12.133 [INFO] [restartedMain] [o.s.o.j.LocalContainerEntityManagerFactoryBean] - Initialized JPA EntityManagerFactory for persistence unit 'default'
2025-04-25 11:40:12.315 [INFO] [restartedMain] [o.s.s.c.a.a.c.InitializeUserDetailsBeanManagerConfigurer$InitializeUserDetailsManagerConfigurer] - Global AuthenticationManager configured with UserDetailsService bean with name inMemoryUserDetailsManager
2025-04-25 11:40:12.320 [INFO] [restartedMain] [o.s.b.a.w.s.WelcomePageHandlerMapping] - Adding welcome page: class path resource [static/index.html]
2025-04-25 11:40:12.637 [INFO] [restartedMain] [o.s.v.b.OptionalValidatorFactoryBean] - Failed to set up a Bean Validation provider: jakarta.validation.NoProviderFoundException: Unable to create a Configuration, because no Jakarta Bean Validation provider could be found. Add a provider like Hibernate Validator (RI) to your classpath.
2025-04-25 11:40:12.696 [INFO] [restartedMain] [o.s.b.d.a.OptionalLiveReloadServer] - LiveReload server is running on port 35729
2025-04-25 11:40:12.703 [INFO] [restartedMain] [o.a.coyote.http11.Http11NioProtocol] - Starting ProtocolHandler ["http-nio-8080"]
2025-04-25 11:40:12.706 [INFO] [restartedMain] [o.s.b.w.e.tomcat.TomcatWebServer] - Tomcat started on port 8080 (http) with context path '/'
2025-04-25 11:40:12.709 [INFO] [restartedMain] [c.g.aigroove.AigrooveApplication] - Started AigrooveApplication in 1.397 seconds (process running for 3898.867)
2025-04-25 11:40:12.710 [INFO] [restartedMain] [o.s.b.d.a.ConditionEvaluationDeltaLoggingListener] - Condition evaluation unchanged
2025-04-25 11:40:17.291 [INFO] [File Watcher] [o.s.b.d.a.LocalDevToolsAutoConfiguration$RestartingClassPathChangeChangedEventListener] - Restarting due to 1 class path change (0 additions, 0 deletions, 1 modification)
2025-04-25 11:40:17.295 [INFO] [Thread-81] [o.s.b.w.e.tomcat.GracefulShutdown] - Commencing graceful shutdown. Waiting for active requests to complete
2025-04-25 11:40:17.296 [INFO] [tomcat-shutdown] [o.a.coyote.http11.Http11NioProtocol] - Pausing ProtocolHandler ["http-nio-8080"]
2025-04-25 11:40:17.396 [INFO] [tomcat-shutdown] [o.s.b.w.e.tomcat.GracefulShutdown] - Graceful shutdown complete
2025-04-25 11:40:17.397 [INFO] [Thread-81] [o.a.coyote.http11.Http11NioProtocol] - Stopping ProtocolHandler ["http-nio-8080"]
2025-04-25 11:40:17.399 [INFO] [Thread-81] [o.s.o.j.LocalContainerEntityManagerFactoryBean] - Closing JPA EntityManagerFactory for persistence unit 'default'
2025-04-25 11:40:17.400 [INFO] [Thread-81] [com.zaxxer.hikari.HikariDataSource] - HikariPool-21 - Shutdown initiated...
2025-04-25 11:40:17.401 [INFO] [Thread-81] [com.zaxxer.hikari.HikariDataSource] - HikariPool-21 - Shutdown completed.
2025-04-25 11:40:17.514 [INFO] [restartedMain] [c.g.aigroove.AigrooveApplication] - Starting AigrooveApplication using Java 17.0.15 with PID 7424 (C:\dev\AIGroove_api\aigroove\bin\main started by 문유신 in C:\dev\AIGroove_api\aigroove)
2025-04-25 11:40:17.514 [INFO] [restartedMain] [c.g.aigroove.AigrooveApplication] - No active profile set, falling back to 1 default profile: "default"
2025-04-25 11:40:17.837 [INFO] [restartedMain] [o.s.d.r.c.RepositoryConfigurationDelegate] - Bootstrapping Spring Data JPA repositories in DEFAULT mode.
2025-04-25 11:40:17.885 [INFO] [restartedMain] [o.s.d.r.c.RepositoryConfigurationDelegate] - Finished Spring Data repository scanning in 47 ms. Found 11 JPA repository interfaces.
2025-04-25 11:40:17.983 [INFO] [restartedMain] [o.s.b.w.e.tomcat.TomcatWebServer] - Tomcat initialized with port 8080 (http)
2025-04-25 11:40:17.984 [INFO] [restartedMain] [o.a.coyote.http11.Http11NioProtocol] - Initializing ProtocolHandler ["http-nio-8080"]
2025-04-25 11:40:17.985 [INFO] [restartedMain] [o.a.catalina.core.StandardService] - Starting service [Tomcat]
2025-04-25 11:40:17.985 [INFO] [restartedMain] [o.a.catalina.core.StandardEngine] - Starting Servlet engine: [Apache Tomcat/10.1.39]
2025-04-25 11:40:18.009 [INFO] [restartedMain] [o.a.c.c.C.[Tomcat-2].[localhost].[/]] - Initializing Spring embedded WebApplicationContext
2025-04-25 11:40:18.009 [INFO] [restartedMain] [o.s.b.w.s.c.ServletWebServerApplicationContext] - Root WebApplicationContext: initialization completed in 493 ms
2025-04-25 11:40:18.037 [INFO] [restartedMain] [o.h.jpa.internal.util.LogHelper] - HHH000204: Processing PersistenceUnitInfo [name: default]
2025-04-25 11:40:18.043 [INFO] [restartedMain] [o.h.c.i.RegionFactoryInitiator] - HHH000026: Second-level cache disabled
2025-04-25 11:40:18.054 [INFO] [restartedMain] [o.s.o.j.p.SpringPersistenceUnitInfo] - No LoadTimeWeaver setup: ignoring JPA class transformer
2025-04-25 11:40:18.056 [INFO] [restartedMain] [com.zaxxer.hikari.HikariDataSource] - HikariPool-22 - Starting...
2025-04-25 11:40:18.058 [INFO] [restartedMain] [com.zaxxer.hikari.pool.HikariPool] - HikariPool-22 - Added connection org.mariadb.jdbc.MariaDbConnection@5804e649
2025-04-25 11:40:18.059 [INFO] [restartedMain] [com.zaxxer.hikari.HikariDataSource] - HikariPool-22 - Start completed.
2025-04-25 11:40:18.060 [INFO] [restartedMain] [o.hibernate.orm.connections.pooling] - HHH10001005: Database info:
	Database JDBC URL [Connecting through datasource 'HikariDataSource (HikariPool-22)']
	Database driver: undefined/unknown
	Database version: 11.7.2
	Autocommit mode: undefined/unknown
	Isolation level: undefined/unknown
	Minimum pool size: undefined/unknown
	Maximum pool size: undefined/unknown
2025-04-25 11:40:18.211 [INFO] [restartedMain] [o.h.e.t.j.p.i.JtaPlatformInitiator] - HHH000489: No JTA platform available (set 'hibernate.transaction.jta.platform' to enable JTA platform integration)
2025-04-25 11:40:18.287 [INFO] [restartedMain] [o.s.o.j.LocalContainerEntityManagerFactoryBean] - Initialized JPA EntityManagerFactory for persistence unit 'default'
2025-04-25 11:40:18.455 [INFO] [restartedMain] [o.s.s.c.a.a.c.InitializeUserDetailsBeanManagerConfigurer$InitializeUserDetailsManagerConfigurer] - Global AuthenticationManager configured with UserDetailsService bean with name inMemoryUserDetailsManager
2025-04-25 11:40:18.460 [INFO] [restartedMain] [o.s.b.a.w.s.WelcomePageHandlerMapping] - Adding welcome page: class path resource [static/index.html]
2025-04-25 11:40:18.752 [INFO] [restartedMain] [o.s.v.b.OptionalValidatorFactoryBean] - Failed to set up a Bean Validation provider: jakarta.validation.NoProviderFoundException: Unable to create a Configuration, because no Jakarta Bean Validation provider could be found. Add a provider like Hibernate Validator (RI) to your classpath.
2025-04-25 11:40:18.814 [INFO] [restartedMain] [o.s.b.d.a.OptionalLiveReloadServer] - LiveReload server is running on port 35729
2025-04-25 11:40:18.821 [INFO] [restartedMain] [o.a.coyote.http11.Http11NioProtocol] - Starting ProtocolHandler ["http-nio-8080"]
2025-04-25 11:40:18.825 [INFO] [restartedMain] [o.s.b.w.e.tomcat.TomcatWebServer] - Tomcat started on port 8080 (http) with context path '/'
2025-04-25 11:40:18.829 [INFO] [restartedMain] [c.g.aigroove.AigrooveApplication] - Started AigrooveApplication in 1.349 seconds (process running for 3904.986)
2025-04-25 11:40:18.830 [INFO] [restartedMain] [o.s.b.d.a.ConditionEvaluationDeltaLoggingListener] - Condition evaluation unchanged
2025-04-25 11:40:22.908 [INFO] [http-nio-8080-exec-1] [o.a.c.c.C.[Tomcat-2].[localhost].[/]] - Initializing Spring DispatcherServlet 'dispatcherServlet'
2025-04-25 11:40:22.908 [INFO] [http-nio-8080-exec-1] [o.s.web.servlet.DispatcherServlet] - Initializing Servlet 'dispatcherServlet'
2025-04-25 11:40:22.909 [INFO] [http-nio-8080-exec-1] [o.s.web.servlet.DispatcherServlet] - Completed initialization in 1 ms
2025-04-25 11:42:55.563 [INFO] [File Watcher] [o.s.b.d.a.LocalDevToolsAutoConfiguration$RestartingClassPathChangeChangedEventListener] - Restarting due to 1 class path change (0 additions, 0 deletions, 1 modification)
2025-04-25 11:42:55.565 [INFO] [Thread-85] [o.s.b.w.e.tomcat.GracefulShutdown] - Commencing graceful shutdown. Waiting for active requests to complete
2025-04-25 11:42:55.566 [INFO] [tomcat-shutdown] [o.a.coyote.http11.Http11NioProtocol] - Pausing ProtocolHandler ["http-nio-8080"]
2025-04-25 11:42:55.666 [INFO] [tomcat-shutdown] [o.s.b.w.e.tomcat.GracefulShutdown] - Graceful shutdown complete
2025-04-25 11:42:55.666 [INFO] [Thread-85] [o.a.coyote.http11.Http11NioProtocol] - Stopping ProtocolHandler ["http-nio-8080"]
2025-04-25 11:42:55.668 [INFO] [Thread-85] [o.s.o.j.LocalContainerEntityManagerFactoryBean] - Closing JPA EntityManagerFactory for persistence unit 'default'
2025-04-25 11:42:55.669 [INFO] [Thread-85] [com.zaxxer.hikari.HikariDataSource] - HikariPool-22 - Shutdown initiated...
2025-04-25 11:42:55.671 [INFO] [Thread-85] [com.zaxxer.hikari.HikariDataSource] - HikariPool-22 - Shutdown completed.
2025-04-25 11:42:55.782 [INFO] [restartedMain] [c.g.aigroove.AigrooveApplication] - Starting AigrooveApplication using Java 17.0.15 with PID 7424 (C:\dev\AIGroove_api\aigroove\bin\main started by 문유신 in C:\dev\AIGroove_api\aigroove)
2025-04-25 11:42:55.782 [INFO] [restartedMain] [c.g.aigroove.AigrooveApplication] - No active profile set, falling back to 1 default profile: "default"
2025-04-25 11:42:56.153 [INFO] [restartedMain] [o.s.d.r.c.RepositoryConfigurationDelegate] - Bootstrapping Spring Data JPA repositories in DEFAULT mode.
2025-04-25 11:42:56.198 [INFO] [restartedMain] [o.s.d.r.c.RepositoryConfigurationDelegate] - Finished Spring Data repository scanning in 43 ms. Found 11 JPA repository interfaces.
2025-04-25 11:42:56.302 [INFO] [restartedMain] [o.s.b.w.e.tomcat.TomcatWebServer] - Tomcat initialized with port 8080 (http)
2025-04-25 11:42:56.303 [INFO] [restartedMain] [o.a.coyote.http11.Http11NioProtocol] - Initializing ProtocolHandler ["http-nio-8080"]
2025-04-25 11:42:56.304 [INFO] [restartedMain] [o.a.catalina.core.StandardService] - Starting service [Tomcat]
2025-04-25 11:42:56.304 [INFO] [restartedMain] [o.a.catalina.core.StandardEngine] - Starting Servlet engine: [Apache Tomcat/10.1.39]
2025-04-25 11:42:56.328 [INFO] [restartedMain] [o.a.c.c.C.[Tomcat-2].[localhost].[/]] - Initializing Spring embedded WebApplicationContext
2025-04-25 11:42:56.329 [INFO] [restartedMain] [o.s.b.w.s.c.ServletWebServerApplicationContext] - Root WebApplicationContext: initialization completed in 543 ms
2025-04-25 11:42:56.355 [INFO] [restartedMain] [o.h.jpa.internal.util.LogHelper] - HHH000204: Processing PersistenceUnitInfo [name: default]
2025-04-25 11:42:56.361 [INFO] [restartedMain] [o.h.c.i.RegionFactoryInitiator] - HHH000026: Second-level cache disabled
2025-04-25 11:42:56.372 [INFO] [restartedMain] [o.s.o.j.p.SpringPersistenceUnitInfo] - No LoadTimeWeaver setup: ignoring JPA class transformer
2025-04-25 11:42:56.374 [INFO] [restartedMain] [com.zaxxer.hikari.HikariDataSource] - HikariPool-23 - Starting...
2025-04-25 11:42:56.375 [INFO] [restartedMain] [com.zaxxer.hikari.pool.HikariPool] - HikariPool-23 - Added connection org.mariadb.jdbc.MariaDbConnection@ce64694
2025-04-25 11:42:56.376 [INFO] [restartedMain] [com.zaxxer.hikari.HikariDataSource] - HikariPool-23 - Start completed.
2025-04-25 11:42:56.377 [INFO] [restartedMain] [o.hibernate.orm.connections.pooling] - HHH10001005: Database info:
	Database JDBC URL [Connecting through datasource 'HikariDataSource (HikariPool-23)']
	Database driver: undefined/unknown
	Database version: 11.7.2
	Autocommit mode: undefined/unknown
	Isolation level: undefined/unknown
	Minimum pool size: undefined/unknown
	Maximum pool size: undefined/unknown
2025-04-25 11:42:56.513 [INFO] [restartedMain] [o.h.e.t.j.p.i.JtaPlatformInitiator] - HHH000489: No JTA platform available (set 'hibernate.transaction.jta.platform' to enable JTA platform integration)
2025-04-25 11:42:56.600 [INFO] [restartedMain] [o.s.o.j.LocalContainerEntityManagerFactoryBean] - Initialized JPA EntityManagerFactory for persistence unit 'default'
2025-04-25 11:42:56.758 [INFO] [restartedMain] [o.s.s.c.a.a.c.InitializeUserDetailsBeanManagerConfigurer$InitializeUserDetailsManagerConfigurer] - Global AuthenticationManager configured with UserDetailsService bean with name inMemoryUserDetailsManager
2025-04-25 11:42:56.763 [INFO] [restartedMain] [o.s.b.a.w.s.WelcomePageHandlerMapping] - Adding welcome page: class path resource [static/index.html]
2025-04-25 11:42:57.099 [INFO] [restartedMain] [o.s.v.b.OptionalValidatorFactoryBean] - Failed to set up a Bean Validation provider: jakarta.validation.NoProviderFoundException: Unable to create a Configuration, because no Jakarta Bean Validation provider could be found. Add a provider like Hibernate Validator (RI) to your classpath.
2025-04-25 11:42:57.156 [INFO] [restartedMain] [o.s.b.d.a.OptionalLiveReloadServer] - LiveReload server is running on port 35729
2025-04-25 11:42:57.162 [INFO] [restartedMain] [o.a.coyote.http11.Http11NioProtocol] - Starting ProtocolHandler ["http-nio-8080"]
2025-04-25 11:42:57.165 [INFO] [restartedMain] [o.s.b.w.e.tomcat.TomcatWebServer] - Tomcat started on port 8080 (http) with context path '/'
2025-04-25 11:42:57.168 [INFO] [restartedMain] [c.g.aigroove.AigrooveApplication] - Started AigrooveApplication in 1.424 seconds (process running for 4063.325)
2025-04-25 11:42:57.169 [INFO] [restartedMain] [o.s.b.d.a.ConditionEvaluationDeltaLoggingListener] - Condition evaluation unchanged
2025-04-25 11:43:00.273 [INFO] [http-nio-8080-exec-1] [o.a.c.c.C.[Tomcat-2].[localhost].[/]] - Initializing Spring DispatcherServlet 'dispatcherServlet'
2025-04-25 11:43:00.273 [INFO] [http-nio-8080-exec-1] [o.s.web.servlet.DispatcherServlet] - Initializing Servlet 'dispatcherServlet'
2025-04-25 11:43:00.274 [INFO] [http-nio-8080-exec-1] [o.s.web.servlet.DispatcherServlet] - Completed initialization in 1 ms
2025-04-25 11:44:37.989 [INFO] [File Watcher] [o.s.b.d.a.LocalDevToolsAutoConfiguration$RestartingClassPathChangeChangedEventListener] - Restarting due to 1 class path change (0 additions, 0 deletions, 1 modification)
2025-04-25 11:44:37.990 [INFO] [Thread-89] [o.s.b.w.e.tomcat.GracefulShutdown] - Commencing graceful shutdown. Waiting for active requests to complete
2025-04-25 11:44:37.991 [INFO] [tomcat-shutdown] [o.a.coyote.http11.Http11NioProtocol] - Pausing ProtocolHandler ["http-nio-8080"]
2025-04-25 11:44:38.089 [INFO] [tomcat-shutdown] [o.s.b.w.e.tomcat.GracefulShutdown] - Graceful shutdown complete
2025-04-25 11:44:38.090 [INFO] [Thread-89] [o.a.coyote.http11.Http11NioProtocol] - Stopping ProtocolHandler ["http-nio-8080"]
2025-04-25 11:44:38.092 [INFO] [Thread-89] [o.s.o.j.LocalContainerEntityManagerFactoryBean] - Closing JPA EntityManagerFactory for persistence unit 'default'
2025-04-25 11:44:38.092 [INFO] [Thread-89] [com.zaxxer.hikari.HikariDataSource] - HikariPool-23 - Shutdown initiated...
2025-04-25 11:44:38.094 [INFO] [Thread-89] [com.zaxxer.hikari.HikariDataSource] - HikariPool-23 - Shutdown completed.
2025-04-25 11:44:38.212 [INFO] [restartedMain] [c.g.aigroove.AigrooveApplication] - Starting AigrooveApplication using Java 17.0.15 with PID 7424 (C:\dev\AIGroove_api\aigroove\bin\main started by 문유신 in C:\dev\AIGroove_api\aigroove)
2025-04-25 11:44:38.213 [INFO] [restartedMain] [c.g.aigroove.AigrooveApplication] - No active profile set, falling back to 1 default profile: "default"
2025-04-25 11:44:38.526 [INFO] [restartedMain] [o.s.d.r.c.RepositoryConfigurationDelegate] - Bootstrapping Spring Data JPA repositories in DEFAULT mode.
2025-04-25 11:44:38.570 [INFO] [restartedMain] [o.s.d.r.c.RepositoryConfigurationDelegate] - Finished Spring Data repository scanning in 41 ms. Found 11 JPA repository interfaces.
2025-04-25 11:44:38.656 [INFO] [restartedMain] [o.s.b.w.e.tomcat.TomcatWebServer] - Tomcat initialized with port 8080 (http)
2025-04-25 11:44:38.657 [INFO] [restartedMain] [o.a.coyote.http11.Http11NioProtocol] - Initializing ProtocolHandler ["http-nio-8080"]
2025-04-25 11:44:38.657 [INFO] [restartedMain] [o.a.catalina.core.StandardService] - Starting service [Tomcat]
2025-04-25 11:44:38.658 [INFO] [restartedMain] [o.a.catalina.core.StandardEngine] - Starting Servlet engine: [Apache Tomcat/10.1.39]
2025-04-25 11:44:38.679 [INFO] [restartedMain] [o.a.c.c.C.[Tomcat-2].[localhost].[/]] - Initializing Spring embedded WebApplicationContext
2025-04-25 11:44:38.680 [INFO] [restartedMain] [o.s.b.w.s.c.ServletWebServerApplicationContext] - Root WebApplicationContext: initialization completed in 465 ms
2025-04-25 11:44:38.705 [INFO] [restartedMain] [o.h.jpa.internal.util.LogHelper] - HHH000204: Processing PersistenceUnitInfo [name: default]
2025-04-25 11:44:38.710 [INFO] [restartedMain] [o.h.c.i.RegionFactoryInitiator] - HHH000026: Second-level cache disabled
2025-04-25 11:44:38.722 [INFO] [restartedMain] [o.s.o.j.p.SpringPersistenceUnitInfo] - No LoadTimeWeaver setup: ignoring JPA class transformer
2025-04-25 11:44:38.723 [INFO] [restartedMain] [com.zaxxer.hikari.HikariDataSource] - HikariPool-24 - Starting...
2025-04-25 11:44:38.725 [INFO] [restartedMain] [com.zaxxer.hikari.pool.HikariPool] - HikariPool-24 - Added connection org.mariadb.jdbc.MariaDbConnection@14053d34
2025-04-25 11:44:38.726 [INFO] [restartedMain] [com.zaxxer.hikari.HikariDataSource] - HikariPool-24 - Start completed.
2025-04-25 11:44:38.727 [INFO] [restartedMain] [o.hibernate.orm.connections.pooling] - HHH10001005: Database info:
	Database JDBC URL [Connecting through datasource 'HikariDataSource (HikariPool-24)']
	Database driver: undefined/unknown
	Database version: 11.7.2
	Autocommit mode: undefined/unknown
	Isolation level: undefined/unknown
	Minimum pool size: undefined/unknown
	Maximum pool size: undefined/unknown
2025-04-25 11:44:38.880 [INFO] [restartedMain] [o.h.e.t.j.p.i.JtaPlatformInitiator] - HHH000489: No JTA platform available (set 'hibernate.transaction.jta.platform' to enable JTA platform integration)
2025-04-25 11:44:38.966 [INFO] [restartedMain] [o.s.o.j.LocalContainerEntityManagerFactoryBean] - Initialized JPA EntityManagerFactory for persistence unit 'default'
2025-04-25 11:44:39.126 [INFO] [restartedMain] [o.s.s.c.a.a.c.InitializeUserDetailsBeanManagerConfigurer$InitializeUserDetailsManagerConfigurer] - Global AuthenticationManager configured with UserDetailsService bean with name inMemoryUserDetailsManager
2025-04-25 11:44:39.134 [INFO] [restartedMain] [o.s.b.a.w.s.WelcomePageHandlerMapping] - Adding welcome page: class path resource [static/index.html]
2025-04-25 11:44:39.430 [INFO] [restartedMain] [o.s.v.b.OptionalValidatorFactoryBean] - Failed to set up a Bean Validation provider: jakarta.validation.NoProviderFoundException: Unable to create a Configuration, because no Jakarta Bean Validation provider could be found. Add a provider like Hibernate Validator (RI) to your classpath.
2025-04-25 11:44:39.490 [INFO] [restartedMain] [o.s.b.d.a.OptionalLiveReloadServer] - LiveReload server is running on port 35729
2025-04-25 11:44:39.497 [INFO] [restartedMain] [o.a.coyote.http11.Http11NioProtocol] - Starting ProtocolHandler ["http-nio-8080"]
2025-04-25 11:44:39.500 [INFO] [restartedMain] [o.s.b.w.e.tomcat.TomcatWebServer] - Tomcat started on port 8080 (http) with context path '/'
2025-04-25 11:44:39.504 [INFO] [restartedMain] [c.g.aigroove.AigrooveApplication] - Started AigrooveApplication in 1.323 seconds (process running for 4165.661)
2025-04-25 11:44:39.505 [INFO] [restartedMain] [o.s.b.d.a.ConditionEvaluationDeltaLoggingListener] - Condition evaluation unchanged
2025-04-25 11:46:36.097 [INFO] [File Watcher] [o.s.b.d.a.LocalDevToolsAutoConfiguration$RestartingClassPathChangeChangedEventListener] - Restarting due to 1 class path change (0 additions, 0 deletions, 1 modification)
2025-04-25 11:46:36.098 [INFO] [Thread-93] [o.s.b.w.e.tomcat.GracefulShutdown] - Commencing graceful shutdown. Waiting for active requests to complete
2025-04-25 11:46:36.100 [INFO] [tomcat-shutdown] [o.a.coyote.http11.Http11NioProtocol] - Pausing ProtocolHandler ["http-nio-8080"]
2025-04-25 11:46:36.309 [INFO] [tomcat-shutdown] [o.s.b.w.e.tomcat.GracefulShutdown] - Graceful shutdown complete
2025-04-25 11:46:36.310 [INFO] [Thread-93] [o.a.coyote.http11.Http11NioProtocol] - Stopping ProtocolHandler ["http-nio-8080"]
2025-04-25 11:46:36.313 [INFO] [Thread-93] [o.s.o.j.LocalContainerEntityManagerFactoryBean] - Closing JPA EntityManagerFactory for persistence unit 'default'
2025-04-25 11:46:36.314 [INFO] [Thread-93] [com.zaxxer.hikari.HikariDataSource] - HikariPool-24 - Shutdown initiated...
2025-04-25 11:46:36.318 [INFO] [Thread-93] [com.zaxxer.hikari.HikariDataSource] - HikariPool-24 - Shutdown completed.
2025-04-25 11:46:36.542 [INFO] [restartedMain] [c.g.aigroove.AigrooveApplication] - Starting AigrooveApplication using Java 17.0.15 with PID 7424 (C:\dev\AIGroove_api\aigroove\bin\main started by 문유신 in C:\dev\AIGroove_api\aigroove)
2025-04-25 11:46:36.542 [INFO] [restartedMain] [c.g.aigroove.AigrooveApplication] - No active profile set, falling back to 1 default profile: "default"
2025-04-25 11:46:37.198 [INFO] [restartedMain] [o.s.d.r.c.RepositoryConfigurationDelegate] - Bootstrapping Spring Data JPA repositories in DEFAULT mode.
2025-04-25 11:46:37.276 [INFO] [restartedMain] [o.s.d.r.c.RepositoryConfigurationDelegate] - Finished Spring Data repository scanning in 75 ms. Found 11 JPA repository interfaces.
2025-04-25 11:46:37.455 [INFO] [restartedMain] [o.s.b.w.e.tomcat.TomcatWebServer] - Tomcat initialized with port 8080 (http)
2025-04-25 11:46:37.456 [INFO] [restartedMain] [o.a.coyote.http11.Http11NioProtocol] - Initializing ProtocolHandler ["http-nio-8080"]
2025-04-25 11:46:37.457 [INFO] [restartedMain] [o.a.catalina.core.StandardService] - Starting service [Tomcat]
2025-04-25 11:46:37.457 [INFO] [restartedMain] [o.a.catalina.core.StandardEngine] - Starting Servlet engine: [Apache Tomcat/10.1.39]
2025-04-25 11:46:37.505 [INFO] [restartedMain] [o.a.c.c.C.[Tomcat-2].[localhost].[/]] - Initializing Spring embedded WebApplicationContext
2025-04-25 11:46:37.506 [INFO] [restartedMain] [o.s.b.w.s.c.ServletWebServerApplicationContext] - Root WebApplicationContext: initialization completed in 958 ms
2025-04-25 11:46:37.562 [INFO] [restartedMain] [o.h.jpa.internal.util.LogHelper] - HHH000204: Processing PersistenceUnitInfo [name: default]
2025-04-25 11:46:37.571 [INFO] [restartedMain] [o.h.c.i.RegionFactoryInitiator] - HHH000026: Second-level cache disabled
2025-04-25 11:46:37.593 [INFO] [restartedMain] [o.s.o.j.p.SpringPersistenceUnitInfo] - No LoadTimeWeaver setup: ignoring JPA class transformer
2025-04-25 11:46:37.596 [INFO] [restartedMain] [com.zaxxer.hikari.HikariDataSource] - HikariPool-25 - Starting...
2025-04-25 11:46:37.599 [INFO] [restartedMain] [com.zaxxer.hikari.pool.HikariPool] - HikariPool-25 - Added connection org.mariadb.jdbc.MariaDbConnection@41fd4f82
2025-04-25 11:46:37.600 [INFO] [restartedMain] [com.zaxxer.hikari.HikariDataSource] - HikariPool-25 - Start completed.
2025-04-25 11:46:37.602 [INFO] [restartedMain] [o.hibernate.orm.connections.pooling] - HHH10001005: Database info:
	Database JDBC URL [Connecting through datasource 'HikariDataSource (HikariPool-25)']
	Database driver: undefined/unknown
	Database version: 11.7.2
	Autocommit mode: undefined/unknown
	Isolation level: undefined/unknown
	Minimum pool size: undefined/unknown
	Maximum pool size: undefined/unknown
2025-04-25 11:46:37.896 [INFO] [restartedMain] [o.h.e.t.j.p.i.JtaPlatformInitiator] - HHH000489: No JTA platform available (set 'hibernate.transaction.jta.platform' to enable JTA platform integration)
2025-04-25 11:46:37.944 [INFO] [restartedMain] [o.s.o.j.LocalContainerEntityManagerFactoryBean] - Initialized JPA EntityManagerFactory for persistence unit 'default'
2025-04-25 11:46:38.309 [INFO] [restartedMain] [o.s.s.c.a.a.c.InitializeUserDetailsBeanManagerConfigurer$InitializeUserDetailsManagerConfigurer] - Global AuthenticationManager configured with UserDetailsService bean with name inMemoryUserDetailsManager
2025-04-25 11:46:38.325 [INFO] [restartedMain] [o.s.b.a.w.s.WelcomePageHandlerMapping] - Adding welcome page: class path resource [static/index.html]
2025-04-25 11:46:38.924 [INFO] [restartedMain] [o.s.v.b.OptionalValidatorFactoryBean] - Failed to set up a Bean Validation provider: jakarta.validation.NoProviderFoundException: Unable to create a Configuration, because no Jakarta Bean Validation provider could be found. Add a provider like Hibernate Validator (RI) to your classpath.
2025-04-25 11:46:39.034 [INFO] [restartedMain] [o.s.b.d.a.OptionalLiveReloadServer] - LiveReload server is running on port 35729
2025-04-25 11:46:39.046 [INFO] [restartedMain] [o.a.coyote.http11.Http11NioProtocol] - Starting ProtocolHandler ["http-nio-8080"]
2025-04-25 11:46:39.051 [INFO] [restartedMain] [o.s.b.w.e.tomcat.TomcatWebServer] - Tomcat started on port 8080 (http) with context path '/'
2025-04-25 11:46:39.057 [INFO] [restartedMain] [c.g.aigroove.AigrooveApplication] - Started AigrooveApplication in 2.59 seconds (process running for 4285.214)
2025-04-25 11:46:39.059 [INFO] [restartedMain] [o.s.b.d.a.ConditionEvaluationDeltaLoggingListener] - Condition evaluation unchanged
2025-04-25 11:46:44.142 [INFO] [http-nio-8080-exec-1] [o.a.c.c.C.[Tomcat-2].[localhost].[/]] - Initializing Spring DispatcherServlet 'dispatcherServlet'
2025-04-25 11:46:44.145 [INFO] [http-nio-8080-exec-1] [o.s.web.servlet.DispatcherServlet] - Initializing Servlet 'dispatcherServlet'
2025-04-25 11:46:44.148 [INFO] [http-nio-8080-exec-1] [o.s.web.servlet.DispatcherServlet] - Completed initialization in 3 ms
2025-04-25 11:50:29.694 [INFO] [File Watcher] [o.s.b.d.a.LocalDevToolsAutoConfiguration$RestartingClassPathChangeChangedEventListener] - Restarting due to 1 class path change (0 additions, 0 deletions, 1 modification)
2025-04-25 11:50:29.696 [INFO] [Thread-97] [o.s.b.w.e.tomcat.GracefulShutdown] - Commencing graceful shutdown. Waiting for active requests to complete
2025-04-25 11:50:29.697 [INFO] [tomcat-shutdown] [o.a.coyote.http11.Http11NioProtocol] - Pausing ProtocolHandler ["http-nio-8080"]
2025-04-25 11:50:29.789 [INFO] [tomcat-shutdown] [o.s.b.w.e.tomcat.GracefulShutdown] - Graceful shutdown complete
2025-04-25 11:50:29.789 [INFO] [Thread-97] [o.a.coyote.http11.Http11NioProtocol] - Stopping ProtocolHandler ["http-nio-8080"]
2025-04-25 11:50:29.791 [INFO] [Thread-97] [o.s.o.j.LocalContainerEntityManagerFactoryBean] - Closing JPA EntityManagerFactory for persistence unit 'default'
2025-04-25 11:50:29.792 [INFO] [Thread-97] [com.zaxxer.hikari.HikariDataSource] - HikariPool-25 - Shutdown initiated...
2025-04-25 11:50:29.794 [INFO] [Thread-97] [com.zaxxer.hikari.HikariDataSource] - HikariPool-25 - Shutdown completed.
2025-04-25 11:50:29.903 [INFO] [restartedMain] [c.g.aigroove.AigrooveApplication] - Starting AigrooveApplication using Java 17.0.15 with PID 7424 (C:\dev\AIGroove_api\aigroove\bin\main started by 문유신 in C:\dev\AIGroove_api\aigroove)
2025-04-25 11:50:29.903 [INFO] [restartedMain] [c.g.aigroove.AigrooveApplication] - No active profile set, falling back to 1 default profile: "default"
2025-04-25 11:50:30.195 [INFO] [restartedMain] [o.s.d.r.c.RepositoryConfigurationDelegate] - Bootstrapping Spring Data JPA repositories in DEFAULT mode.
2025-04-25 11:50:30.234 [INFO] [restartedMain] [o.s.d.r.c.RepositoryConfigurationDelegate] - Finished Spring Data repository scanning in 37 ms. Found 11 JPA repository interfaces.
2025-04-25 11:50:30.314 [INFO] [restartedMain] [o.s.b.w.e.tomcat.TomcatWebServer] - Tomcat initialized with port 8080 (http)
2025-04-25 11:50:30.314 [INFO] [restartedMain] [o.a.coyote.http11.Http11NioProtocol] - Initializing ProtocolHandler ["http-nio-8080"]
2025-04-25 11:50:30.315 [INFO] [restartedMain] [o.a.catalina.core.StandardService] - Starting service [Tomcat]
2025-04-25 11:50:30.315 [INFO] [restartedMain] [o.a.catalina.core.StandardEngine] - Starting Servlet engine: [Apache Tomcat/10.1.39]
2025-04-25 11:50:30.334 [INFO] [restartedMain] [o.a.c.c.C.[Tomcat-2].[localhost].[/]] - Initializing Spring embedded WebApplicationContext
2025-04-25 11:50:30.335 [INFO] [restartedMain] [o.s.b.w.s.c.ServletWebServerApplicationContext] - Root WebApplicationContext: initialization completed in 429 ms
2025-04-25 11:50:30.360 [INFO] [restartedMain] [o.h.jpa.internal.util.LogHelper] - HHH000204: Processing PersistenceUnitInfo [name: default]
2025-04-25 11:50:30.366 [INFO] [restartedMain] [o.h.c.i.RegionFactoryInitiator] - HHH000026: Second-level cache disabled
2025-04-25 11:50:30.376 [INFO] [restartedMain] [o.s.o.j.p.SpringPersistenceUnitInfo] - No LoadTimeWeaver setup: ignoring JPA class transformer
2025-04-25 11:50:30.377 [INFO] [restartedMain] [com.zaxxer.hikari.HikariDataSource] - HikariPool-26 - Starting...
2025-04-25 11:50:30.379 [INFO] [restartedMain] [com.zaxxer.hikari.pool.HikariPool] - HikariPool-26 - Added connection org.mariadb.jdbc.MariaDbConnection@5ac7b078
2025-04-25 11:50:30.379 [INFO] [restartedMain] [com.zaxxer.hikari.HikariDataSource] - HikariPool-26 - Start completed.
2025-04-25 11:50:30.381 [INFO] [restartedMain] [o.hibernate.orm.connections.pooling] - HHH10001005: Database info:
	Database JDBC URL [Connecting through datasource 'HikariDataSource (HikariPool-26)']
	Database driver: undefined/unknown
	Database version: 11.7.2
	Autocommit mode: undefined/unknown
	Isolation level: undefined/unknown
	Minimum pool size: undefined/unknown
	Maximum pool size: undefined/unknown
2025-04-25 11:50:30.526 [INFO] [restartedMain] [o.h.e.t.j.p.i.JtaPlatformInitiator] - HHH000489: No JTA platform available (set 'hibernate.transaction.jta.platform' to enable JTA platform integration)
2025-04-25 11:50:30.553 [INFO] [restartedMain] [o.s.o.j.LocalContainerEntityManagerFactoryBean] - Initialized JPA EntityManagerFactory for persistence unit 'default'
2025-04-25 11:50:30.685 [INFO] [restartedMain] [o.s.s.c.a.a.c.InitializeUserDetailsBeanManagerConfigurer$InitializeUserDetailsManagerConfigurer] - Global AuthenticationManager configured with UserDetailsService bean with name inMemoryUserDetailsManager
2025-04-25 11:50:30.689 [INFO] [restartedMain] [o.s.b.a.w.s.WelcomePageHandlerMapping] - Adding welcome page: class path resource [static/index.html]
2025-04-25 11:50:30.978 [INFO] [restartedMain] [o.s.v.b.OptionalValidatorFactoryBean] - Failed to set up a Bean Validation provider: jakarta.validation.NoProviderFoundException: Unable to create a Configuration, because no Jakarta Bean Validation provider could be found. Add a provider like Hibernate Validator (RI) to your classpath.
2025-04-25 11:50:31.028 [INFO] [restartedMain] [o.s.b.d.a.OptionalLiveReloadServer] - LiveReload server is running on port 35729
2025-04-25 11:50:31.033 [INFO] [restartedMain] [o.a.coyote.http11.Http11NioProtocol] - Starting ProtocolHandler ["http-nio-8080"]
2025-04-25 11:50:31.036 [INFO] [restartedMain] [o.s.b.w.e.tomcat.TomcatWebServer] - Tomcat started on port 8080 (http) with context path '/'
2025-04-25 11:50:31.040 [INFO] [restartedMain] [c.g.aigroove.AigrooveApplication] - Started AigrooveApplication in 1.167 seconds (process running for 4517.197)
2025-04-25 11:50:31.041 [INFO] [restartedMain] [o.s.b.d.a.ConditionEvaluationDeltaLoggingListener] - Condition evaluation unchanged
2025-04-25 11:50:36.658 [INFO] [http-nio-8080-exec-1] [o.a.c.c.C.[Tomcat-2].[localhost].[/]] - Initializing Spring DispatcherServlet 'dispatcherServlet'
2025-04-25 11:50:36.658 [INFO] [http-nio-8080-exec-1] [o.s.web.servlet.DispatcherServlet] - Initializing Servlet 'dispatcherServlet'
2025-04-25 11:50:36.659 [INFO] [http-nio-8080-exec-1] [o.s.web.servlet.DispatcherServlet] - Completed initialization in 0 ms
2025-04-25 11:55:05.566 [INFO] [File Watcher] [o.s.b.d.a.LocalDevToolsAutoConfiguration$RestartingClassPathChangeChangedEventListener] - Restarting due to 1 class path change (0 additions, 0 deletions, 1 modification)
2025-04-25 11:55:05.570 [INFO] [Thread-101] [o.s.b.w.e.tomcat.GracefulShutdown] - Commencing graceful shutdown. Waiting for active requests to complete
2025-04-25 11:55:05.570 [INFO] [tomcat-shutdown] [o.a.coyote.http11.Http11NioProtocol] - Pausing ProtocolHandler ["http-nio-8080"]
2025-04-25 11:55:05.657 [INFO] [tomcat-shutdown] [o.s.b.w.e.tomcat.GracefulShutdown] - Graceful shutdown complete
2025-04-25 11:55:05.657 [INFO] [Thread-101] [o.a.coyote.http11.Http11NioProtocol] - Stopping ProtocolHandler ["http-nio-8080"]
2025-04-25 11:55:05.659 [INFO] [Thread-101] [o.s.o.j.LocalContainerEntityManagerFactoryBean] - Closing JPA EntityManagerFactory for persistence unit 'default'
2025-04-25 11:55:05.660 [INFO] [Thread-101] [com.zaxxer.hikari.HikariDataSource] - HikariPool-26 - Shutdown initiated...
2025-04-25 11:55:05.662 [INFO] [Thread-101] [com.zaxxer.hikari.HikariDataSource] - HikariPool-26 - Shutdown completed.
2025-04-25 11:55:05.761 [INFO] [restartedMain] [c.g.aigroove.AigrooveApplication] - Starting AigrooveApplication using Java 17.0.15 with PID 7424 (C:\dev\AIGroove_api\aigroove\bin\main started by 문유신 in C:\dev\AIGroove_api\aigroove)
2025-04-25 11:55:05.761 [INFO] [restartedMain] [c.g.aigroove.AigrooveApplication] - No active profile set, falling back to 1 default profile: "default"
2025-04-25 11:55:06.063 [INFO] [restartedMain] [o.s.d.r.c.RepositoryConfigurationDelegate] - Bootstrapping Spring Data JPA repositories in DEFAULT mode.
2025-04-25 11:55:06.103 [INFO] [restartedMain] [o.s.d.r.c.RepositoryConfigurationDelegate] - Finished Spring Data repository scanning in 39 ms. Found 11 JPA repository interfaces.
2025-04-25 11:55:06.237 [INFO] [restartedMain] [o.s.b.w.e.tomcat.TomcatWebServer] - Tomcat initialized with port 8080 (http)
2025-04-25 11:55:06.238 [INFO] [restartedMain] [o.a.coyote.http11.Http11NioProtocol] - Initializing ProtocolHandler ["http-nio-8080"]
2025-04-25 11:55:06.239 [INFO] [restartedMain] [o.a.catalina.core.StandardService] - Starting service [Tomcat]
2025-04-25 11:55:06.240 [INFO] [restartedMain] [o.a.catalina.core.StandardEngine] - Starting Servlet engine: [Apache Tomcat/10.1.39]
2025-04-25 11:55:06.282 [INFO] [restartedMain] [o.a.c.c.C.[Tomcat-2].[localhost].[/]] - Initializing Spring embedded WebApplicationContext
2025-04-25 11:55:06.283 [INFO] [restartedMain] [o.s.b.w.s.c.ServletWebServerApplicationContext] - Root WebApplicationContext: initialization completed in 520 ms
2025-04-25 11:55:06.313 [INFO] [restartedMain] [o.h.jpa.internal.util.LogHelper] - HHH000204: Processing PersistenceUnitInfo [name: default]
2025-04-25 11:55:06.319 [INFO] [restartedMain] [o.h.c.i.RegionFactoryInitiator] - HHH000026: Second-level cache disabled
2025-04-25 11:55:06.334 [INFO] [restartedMain] [o.s.o.j.p.SpringPersistenceUnitInfo] - No LoadTimeWeaver setup: ignoring JPA class transformer
2025-04-25 11:55:06.336 [INFO] [restartedMain] [com.zaxxer.hikari.HikariDataSource] - HikariPool-27 - Starting...
2025-04-25 11:55:06.338 [INFO] [restartedMain] [com.zaxxer.hikari.pool.HikariPool] - HikariPool-27 - Added connection org.mariadb.jdbc.MariaDbConnection@6b61132f
2025-04-25 11:55:06.339 [INFO] [restartedMain] [com.zaxxer.hikari.HikariDataSource] - HikariPool-27 - Start completed.
2025-04-25 11:55:06.341 [INFO] [restartedMain] [o.hibernate.orm.connections.pooling] - HHH10001005: Database info:
	Database JDBC URL [Connecting through datasource 'HikariDataSource (HikariPool-27)']
	Database driver: undefined/unknown
	Database version: 11.7.2
	Autocommit mode: undefined/unknown
	Isolation level: undefined/unknown
	Minimum pool size: undefined/unknown
	Maximum pool size: undefined/unknown
2025-04-25 11:55:06.494 [INFO] [restartedMain] [o.h.e.t.j.p.i.JtaPlatformInitiator] - HHH000489: No JTA platform available (set 'hibernate.transaction.jta.platform' to enable JTA platform integration)
2025-04-25 11:55:06.517 [INFO] [restartedMain] [o.s.o.j.LocalContainerEntityManagerFactoryBean] - Initialized JPA EntityManagerFactory for persistence unit 'default'
2025-04-25 11:55:06.697 [INFO] [restartedMain] [o.s.s.c.a.a.c.InitializeUserDetailsBeanManagerConfigurer$InitializeUserDetailsManagerConfigurer] - Global AuthenticationManager configured with UserDetailsService bean with name inMemoryUserDetailsManager
2025-04-25 11:55:06.703 [INFO] [restartedMain] [o.s.b.a.w.s.WelcomePageHandlerMapping] - Adding welcome page: class path resource [static/index.html]
2025-04-25 11:55:07.099 [INFO] [restartedMain] [o.s.v.b.OptionalValidatorFactoryBean] - Failed to set up a Bean Validation provider: jakarta.validation.NoProviderFoundException: Unable to create a Configuration, because no Jakarta Bean Validation provider could be found. Add a provider like Hibernate Validator (RI) to your classpath.
2025-04-25 11:55:07.152 [INFO] [restartedMain] [o.s.b.d.a.OptionalLiveReloadServer] - LiveReload server is running on port 35729
2025-04-25 11:55:07.157 [INFO] [restartedMain] [o.a.coyote.http11.Http11NioProtocol] - Starting ProtocolHandler ["http-nio-8080"]
2025-04-25 11:55:07.161 [INFO] [restartedMain] [o.s.b.w.e.tomcat.TomcatWebServer] - Tomcat started on port 8080 (http) with context path '/'
2025-04-25 11:55:07.164 [INFO] [restartedMain] [c.g.aigroove.AigrooveApplication] - Started AigrooveApplication in 1.432 seconds (process running for 4793.321)
2025-04-25 11:55:07.165 [INFO] [restartedMain] [o.s.b.d.a.ConditionEvaluationDeltaLoggingListener] - Condition evaluation unchanged
2025-04-25 11:55:08.751 [INFO] [http-nio-8080-exec-1] [o.a.c.c.C.[Tomcat-2].[localhost].[/]] - Initializing Spring DispatcherServlet 'dispatcherServlet'
2025-04-25 11:55:08.752 [INFO] [http-nio-8080-exec-1] [o.s.web.servlet.DispatcherServlet] - Initializing Servlet 'dispatcherServlet'
2025-04-25 11:55:08.752 [INFO] [http-nio-8080-exec-1] [o.s.web.servlet.DispatcherServlet] - Completed initialization in 0 ms
2025-04-25 11:57:20.808 [INFO] [File Watcher] [o.s.b.d.a.LocalDevToolsAutoConfiguration$RestartingClassPathChangeChangedEventListener] - Restarting due to 1 class path change (0 additions, 0 deletions, 1 modification)
2025-04-25 11:57:20.809 [INFO] [Thread-105] [o.s.b.w.e.tomcat.GracefulShutdown] - Commencing graceful shutdown. Waiting for active requests to complete
2025-04-25 11:57:20.810 [INFO] [tomcat-shutdown] [o.a.coyote.http11.Http11NioProtocol] - Pausing ProtocolHandler ["http-nio-8080"]
2025-04-25 11:57:20.894 [INFO] [tomcat-shutdown] [o.s.b.w.e.tomcat.GracefulShutdown] - Graceful shutdown complete
2025-04-25 11:57:20.894 [INFO] [Thread-105] [o.a.coyote.http11.Http11NioProtocol] - Stopping ProtocolHandler ["http-nio-8080"]
2025-04-25 11:57:20.896 [INFO] [Thread-105] [o.s.o.j.LocalContainerEntityManagerFactoryBean] - Closing JPA EntityManagerFactory for persistence unit 'default'
2025-04-25 11:57:20.897 [INFO] [Thread-105] [com.zaxxer.hikari.HikariDataSource] - HikariPool-27 - Shutdown initiated...
2025-04-25 11:57:20.898 [INFO] [Thread-105] [com.zaxxer.hikari.HikariDataSource] - HikariPool-27 - Shutdown completed.
2025-04-25 11:57:20.999 [INFO] [restartedMain] [c.g.aigroove.AigrooveApplication] - Starting AigrooveApplication using Java 17.0.15 with PID 7424 (C:\dev\AIGroove_api\aigroove\bin\main started by 문유신 in C:\dev\AIGroove_api\aigroove)
2025-04-25 11:57:20.999 [INFO] [restartedMain] [c.g.aigroove.AigrooveApplication] - No active profile set, falling back to 1 default profile: "default"
2025-04-25 11:57:21.290 [INFO] [restartedMain] [o.s.d.r.c.RepositoryConfigurationDelegate] - Bootstrapping Spring Data JPA repositories in DEFAULT mode.
2025-04-25 11:57:21.352 [INFO] [restartedMain] [o.s.d.r.c.RepositoryConfigurationDelegate] - Finished Spring Data repository scanning in 60 ms. Found 11 JPA repository interfaces.
2025-04-25 11:57:21.531 [INFO] [restartedMain] [o.s.b.w.e.tomcat.TomcatWebServer] - Tomcat initialized with port 8080 (http)
2025-04-25 11:57:21.532 [INFO] [restartedMain] [o.a.coyote.http11.Http11NioProtocol] - Initializing ProtocolHandler ["http-nio-8080"]
2025-04-25 11:57:21.533 [INFO] [restartedMain] [o.a.catalina.core.StandardService] - Starting service [Tomcat]
2025-04-25 11:57:21.533 [INFO] [restartedMain] [o.a.catalina.core.StandardEngine] - Starting Servlet engine: [Apache Tomcat/10.1.39]
2025-04-25 11:57:21.554 [INFO] [restartedMain] [o.a.c.c.C.[Tomcat-2].[localhost].[/]] - Initializing Spring embedded WebApplicationContext
2025-04-25 11:57:21.554 [INFO] [restartedMain] [o.s.b.w.s.c.ServletWebServerApplicationContext] - Root WebApplicationContext: initialization completed in 552 ms
2025-04-25 11:57:21.583 [INFO] [restartedMain] [o.h.jpa.internal.util.LogHelper] - HHH000204: Processing PersistenceUnitInfo [name: default]
2025-04-25 11:57:21.588 [INFO] [restartedMain] [o.h.c.i.RegionFactoryInitiator] - HHH000026: Second-level cache disabled
2025-04-25 11:57:21.601 [INFO] [restartedMain] [o.s.o.j.p.SpringPersistenceUnitInfo] - No LoadTimeWeaver setup: ignoring JPA class transformer
2025-04-25 11:57:21.602 [INFO] [restartedMain] [com.zaxxer.hikari.HikariDataSource] - HikariPool-28 - Starting...
2025-04-25 11:57:21.604 [INFO] [restartedMain] [com.zaxxer.hikari.pool.HikariPool] - HikariPool-28 - Added connection org.mariadb.jdbc.MariaDbConnection@2f319d2
2025-04-25 11:57:21.604 [INFO] [restartedMain] [com.zaxxer.hikari.HikariDataSource] - HikariPool-28 - Start completed.
2025-04-25 11:57:21.606 [INFO] [restartedMain] [o.hibernate.orm.connections.pooling] - HHH10001005: Database info:
	Database JDBC URL [Connecting through datasource 'HikariDataSource (HikariPool-28)']
	Database driver: undefined/unknown
	Database version: 11.7.2
	Autocommit mode: undefined/unknown
	Isolation level: undefined/unknown
	Minimum pool size: undefined/unknown
	Maximum pool size: undefined/unknown
2025-04-25 11:57:21.737 [INFO] [restartedMain] [o.h.e.t.j.p.i.JtaPlatformInitiator] - HHH000489: No JTA platform available (set 'hibernate.transaction.jta.platform' to enable JTA platform integration)
2025-04-25 11:57:21.766 [INFO] [restartedMain] [o.s.o.j.LocalContainerEntityManagerFactoryBean] - Initialized JPA EntityManagerFactory for persistence unit 'default'
2025-04-25 11:57:21.942 [INFO] [restartedMain] [o.s.s.c.a.a.c.InitializeUserDetailsBeanManagerConfigurer$InitializeUserDetailsManagerConfigurer] - Global AuthenticationManager configured with UserDetailsService bean with name inMemoryUserDetailsManager
2025-04-25 11:57:21.946 [INFO] [restartedMain] [o.s.b.a.w.s.WelcomePageHandlerMapping] - Adding welcome page: class path resource [static/index.html]
2025-04-25 11:57:22.252 [INFO] [restartedMain] [o.s.v.b.OptionalValidatorFactoryBean] - Failed to set up a Bean Validation provider: jakarta.validation.NoProviderFoundException: Unable to create a Configuration, because no Jakarta Bean Validation provider could be found. Add a provider like Hibernate Validator (RI) to your classpath.
2025-04-25 11:57:22.313 [INFO] [restartedMain] [o.s.b.d.a.OptionalLiveReloadServer] - LiveReload server is running on port 35729
2025-04-25 11:57:22.319 [INFO] [restartedMain] [o.a.coyote.http11.Http11NioProtocol] - Starting ProtocolHandler ["http-nio-8080"]
2025-04-25 11:57:22.322 [INFO] [restartedMain] [o.s.b.w.e.tomcat.TomcatWebServer] - Tomcat started on port 8080 (http) with context path '/'
2025-04-25 11:57:22.326 [INFO] [restartedMain] [c.g.aigroove.AigrooveApplication] - Started AigrooveApplication in 1.353 seconds (process running for 4928.482)
2025-04-25 11:57:22.327 [INFO] [restartedMain] [o.s.b.d.a.ConditionEvaluationDeltaLoggingListener] - Condition evaluation unchanged
2025-04-25 11:57:33.459 [INFO] [http-nio-8080-exec-1] [o.a.c.c.C.[Tomcat-2].[localhost].[/]] - Initializing Spring DispatcherServlet 'dispatcherServlet'
2025-04-25 11:57:33.459 [INFO] [http-nio-8080-exec-1] [o.s.web.servlet.DispatcherServlet] - Initializing Servlet 'dispatcherServlet'
2025-04-25 11:57:33.460 [INFO] [http-nio-8080-exec-1] [o.s.web.servlet.DispatcherServlet] - Completed initialization in 0 ms
2025-04-25 11:57:34.040 [INFO] [http-nio-8080-exec-9] [o.s.api.AbstractOpenApiResource] - Init duration for springdoc-openapi is: 151 ms
2025-04-25 11:59:00.845 [INFO] [File Watcher] [o.s.b.d.a.LocalDevToolsAutoConfiguration$RestartingClassPathChangeChangedEventListener] - Restarting due to 1 class path change (0 additions, 0 deletions, 1 modification)
2025-04-25 11:59:00.846 [INFO] [Thread-109] [o.s.b.w.e.tomcat.GracefulShutdown] - Commencing graceful shutdown. Waiting for active requests to complete
2025-04-25 11:59:00.847 [INFO] [tomcat-shutdown] [o.a.coyote.http11.Http11NioProtocol] - Pausing ProtocolHandler ["http-nio-8080"]
2025-04-25 11:59:00.931 [INFO] [tomcat-shutdown] [o.s.b.w.e.tomcat.GracefulShutdown] - Graceful shutdown complete
2025-04-25 11:59:00.932 [INFO] [Thread-109] [o.a.coyote.http11.Http11NioProtocol] - Stopping ProtocolHandler ["http-nio-8080"]
2025-04-25 11:59:00.934 [INFO] [Thread-109] [o.s.o.j.LocalContainerEntityManagerFactoryBean] - Closing JPA EntityManagerFactory for persistence unit 'default'
2025-04-25 11:59:00.935 [INFO] [Thread-109] [com.zaxxer.hikari.HikariDataSource] - HikariPool-28 - Shutdown initiated...
2025-04-25 11:59:00.937 [INFO] [Thread-109] [com.zaxxer.hikari.HikariDataSource] - HikariPool-28 - Shutdown completed.
2025-04-25 11:59:01.045 [INFO] [restartedMain] [c.g.aigroove.AigrooveApplication] - Starting AigrooveApplication using Java 17.0.15 with PID 7424 (C:\dev\AIGroove_api\aigroove\bin\main started by 문유신 in C:\dev\AIGroove_api\aigroove)
2025-04-25 11:59:01.045 [INFO] [restartedMain] [c.g.aigroove.AigrooveApplication] - No active profile set, falling back to 1 default profile: "default"
2025-04-25 11:59:01.317 [INFO] [restartedMain] [o.s.d.r.c.RepositoryConfigurationDelegate] - Bootstrapping Spring Data JPA repositories in DEFAULT mode.
2025-04-25 11:59:01.360 [INFO] [restartedMain] [o.s.d.r.c.RepositoryConfigurationDelegate] - Finished Spring Data repository scanning in 42 ms. Found 11 JPA repository interfaces.
2025-04-25 11:59:01.451 [INFO] [restartedMain] [o.s.b.w.e.tomcat.TomcatWebServer] - Tomcat initialized with port 8080 (http)
2025-04-25 11:59:01.452 [INFO] [restartedMain] [o.a.coyote.http11.Http11NioProtocol] - Initializing ProtocolHandler ["http-nio-8080"]
2025-04-25 11:59:01.452 [INFO] [restartedMain] [o.a.catalina.core.StandardService] - Starting service [Tomcat]
2025-04-25 11:59:01.453 [INFO] [restartedMain] [o.a.catalina.core.StandardEngine] - Starting Servlet engine: [Apache Tomcat/10.1.39]
2025-04-25 11:59:01.475 [INFO] [restartedMain] [o.a.c.c.C.[Tomcat-2].[localhost].[/]] - Initializing Spring embedded WebApplicationContext
2025-04-25 11:59:01.475 [INFO] [restartedMain] [o.s.b.w.s.c.ServletWebServerApplicationContext] - Root WebApplicationContext: initialization completed in 428 ms
2025-04-25 11:59:01.500 [INFO] [restartedMain] [o.h.jpa.internal.util.LogHelper] - HHH000204: Processing PersistenceUnitInfo [name: default]
2025-04-25 11:59:01.505 [INFO] [restartedMain] [o.h.c.i.RegionFactoryInitiator] - HHH000026: Second-level cache disabled
2025-04-25 11:59:01.515 [INFO] [restartedMain] [o.s.o.j.p.SpringPersistenceUnitInfo] - No LoadTimeWeaver setup: ignoring JPA class transformer
2025-04-25 11:59:01.516 [INFO] [restartedMain] [com.zaxxer.hikari.HikariDataSource] - HikariPool-29 - Starting...
2025-04-25 11:59:01.518 [INFO] [restartedMain] [com.zaxxer.hikari.pool.HikariPool] - HikariPool-29 - Added connection org.mariadb.jdbc.MariaDbConnection@b0e7622
2025-04-25 11:59:01.518 [INFO] [restartedMain] [com.zaxxer.hikari.HikariDataSource] - HikariPool-29 - Start completed.
2025-04-25 11:59:01.519 [INFO] [restartedMain] [o.hibernate.orm.connections.pooling] - HHH10001005: Database info:
	Database JDBC URL [Connecting through datasource 'HikariDataSource (HikariPool-29)']
	Database driver: undefined/unknown
	Database version: 11.7.2
	Autocommit mode: undefined/unknown
	Isolation level: undefined/unknown
	Minimum pool size: undefined/unknown
	Maximum pool size: undefined/unknown
2025-04-25 11:59:01.630 [INFO] [restartedMain] [o.h.e.t.j.p.i.JtaPlatformInitiator] - HHH000489: No JTA platform available (set 'hibernate.transaction.jta.platform' to enable JTA platform integration)
2025-04-25 11:59:01.663 [INFO] [restartedMain] [o.s.o.j.LocalContainerEntityManagerFactoryBean] - Initialized JPA EntityManagerFactory for persistence unit 'default'
2025-04-25 11:59:01.821 [INFO] [restartedMain] [o.s.s.c.a.a.c.InitializeUserDetailsBeanManagerConfigurer$InitializeUserDetailsManagerConfigurer] - Global AuthenticationManager configured with UserDetailsService bean with name inMemoryUserDetailsManager
2025-04-25 11:59:01.826 [INFO] [restartedMain] [o.s.b.a.w.s.WelcomePageHandlerMapping] - Adding welcome page: class path resource [static/index.html]
2025-04-25 11:59:02.115 [INFO] [restartedMain] [o.s.v.b.OptionalValidatorFactoryBean] - Failed to set up a Bean Validation provider: jakarta.validation.NoProviderFoundException: Unable to create a Configuration, because no Jakarta Bean Validation provider could be found. Add a provider like Hibernate Validator (RI) to your classpath.
2025-04-25 11:59:02.165 [INFO] [restartedMain] [o.s.b.d.a.OptionalLiveReloadServer] - LiveReload server is running on port 35729
2025-04-25 11:59:02.171 [INFO] [restartedMain] [o.a.coyote.http11.Http11NioProtocol] - Starting ProtocolHandler ["http-nio-8080"]
2025-04-25 11:59:02.176 [INFO] [restartedMain] [o.s.b.w.e.tomcat.TomcatWebServer] - Tomcat started on port 8080 (http) with context path '/'
2025-04-25 11:59:02.179 [INFO] [restartedMain] [c.g.aigroove.AigrooveApplication] - Started AigrooveApplication in 1.167 seconds (process running for 5028.335)
2025-04-25 11:59:02.179 [INFO] [restartedMain] [o.s.b.d.a.ConditionEvaluationDeltaLoggingListener] - Condition evaluation unchanged
2025-04-25 11:59:17.039 [INFO] [File Watcher] [o.s.b.d.a.LocalDevToolsAutoConfiguration$RestartingClassPathChangeChangedEventListener] - Restarting due to 1 class path change (0 additions, 0 deletions, 1 modification)
2025-04-25 11:59:17.040 [INFO] [Thread-113] [o.s.b.w.e.tomcat.GracefulShutdown] - Commencing graceful shutdown. Waiting for active requests to complete
2025-04-25 11:59:17.041 [INFO] [tomcat-shutdown] [o.a.coyote.http11.Http11NioProtocol] - Pausing ProtocolHandler ["http-nio-8080"]
2025-04-25 11:59:17.135 [INFO] [tomcat-shutdown] [o.s.b.w.e.tomcat.GracefulShutdown] - Graceful shutdown complete
2025-04-25 11:59:17.135 [INFO] [Thread-113] [o.a.coyote.http11.Http11NioProtocol] - Stopping ProtocolHandler ["http-nio-8080"]
2025-04-25 11:59:17.137 [INFO] [Thread-113] [o.s.o.j.LocalContainerEntityManagerFactoryBean] - Closing JPA EntityManagerFactory for persistence unit 'default'
2025-04-25 11:59:17.138 [INFO] [Thread-113] [com.zaxxer.hikari.HikariDataSource] - HikariPool-29 - Shutdown initiated...
2025-04-25 11:59:17.139 [INFO] [Thread-113] [com.zaxxer.hikari.HikariDataSource] - HikariPool-29 - Shutdown completed.
2025-04-25 11:59:17.245 [INFO] [restartedMain] [c.g.aigroove.AigrooveApplication] - Starting AigrooveApplication using Java 17.0.15 with PID 7424 (C:\dev\AIGroove_api\aigroove\bin\main started by 문유신 in C:\dev\AIGroove_api\aigroove)
2025-04-25 11:59:17.245 [INFO] [restartedMain] [c.g.aigroove.AigrooveApplication] - No active profile set, falling back to 1 default profile: "default"
2025-04-25 11:59:17.536 [INFO] [restartedMain] [o.s.d.r.c.RepositoryConfigurationDelegate] - Bootstrapping Spring Data JPA repositories in DEFAULT mode.
2025-04-25 11:59:17.576 [INFO] [restartedMain] [o.s.d.r.c.RepositoryConfigurationDelegate] - Finished Spring Data repository scanning in 38 ms. Found 11 JPA repository interfaces.
2025-04-25 11:59:17.665 [INFO] [restartedMain] [o.s.b.w.e.tomcat.TomcatWebServer] - Tomcat initialized with port 8080 (http)
2025-04-25 11:59:17.665 [INFO] [restartedMain] [o.a.coyote.http11.Http11NioProtocol] - Initializing ProtocolHandler ["http-nio-8080"]
2025-04-25 11:59:17.666 [INFO] [restartedMain] [o.a.catalina.core.StandardService] - Starting service [Tomcat]
2025-04-25 11:59:17.666 [INFO] [restartedMain] [o.a.catalina.core.StandardEngine] - Starting Servlet engine: [Apache Tomcat/10.1.39]
2025-04-25 11:59:17.691 [INFO] [restartedMain] [o.a.c.c.C.[Tomcat-2].[localhost].[/]] - Initializing Spring embedded WebApplicationContext
2025-04-25 11:59:17.691 [INFO] [restartedMain] [o.s.b.w.s.c.ServletWebServerApplicationContext] - Root WebApplicationContext: initialization completed in 444 ms
2025-04-25 11:59:17.716 [INFO] [restartedMain] [o.h.jpa.internal.util.LogHelper] - HHH000204: Processing PersistenceUnitInfo [name: default]
2025-04-25 11:59:17.721 [INFO] [restartedMain] [o.h.c.i.RegionFactoryInitiator] - HHH000026: Second-level cache disabled
2025-04-25 11:59:17.732 [INFO] [restartedMain] [o.s.o.j.p.SpringPersistenceUnitInfo] - No LoadTimeWeaver setup: ignoring JPA class transformer
2025-04-25 11:59:17.733 [INFO] [restartedMain] [com.zaxxer.hikari.HikariDataSource] - HikariPool-30 - Starting...
2025-04-25 11:59:17.735 [INFO] [restartedMain] [com.zaxxer.hikari.pool.HikariPool] - HikariPool-30 - Added connection org.mariadb.jdbc.MariaDbConnection@24800d35
2025-04-25 11:59:17.735 [INFO] [restartedMain] [com.zaxxer.hikari.HikariDataSource] - HikariPool-30 - Start completed.
2025-04-25 11:59:17.737 [INFO] [restartedMain] [o.hibernate.orm.connections.pooling] - HHH10001005: Database info:
	Database JDBC URL [Connecting through datasource 'HikariDataSource (HikariPool-30)']
	Database driver: undefined/unknown
	Database version: 11.7.2
	Autocommit mode: undefined/unknown
	Isolation level: undefined/unknown
	Minimum pool size: undefined/unknown
	Maximum pool size: undefined/unknown
2025-04-25 11:59:17.881 [INFO] [restartedMain] [o.h.e.t.j.p.i.JtaPlatformInitiator] - HHH000489: No JTA platform available (set 'hibernate.transaction.jta.platform' to enable JTA platform integration)
2025-04-25 11:59:17.906 [INFO] [restartedMain] [o.s.o.j.LocalContainerEntityManagerFactoryBean] - Initialized JPA EntityManagerFactory for persistence unit 'default'
2025-04-25 11:59:18.064 [INFO] [restartedMain] [o.s.s.c.a.a.c.InitializeUserDetailsBeanManagerConfigurer$InitializeUserDetailsManagerConfigurer] - Global AuthenticationManager configured with UserDetailsService bean with name inMemoryUserDetailsManager
2025-04-25 11:59:18.069 [INFO] [restartedMain] [o.s.b.a.w.s.WelcomePageHandlerMapping] - Adding welcome page: class path resource [static/index.html]
2025-04-25 11:59:18.338 [INFO] [restartedMain] [o.s.v.b.OptionalValidatorFactoryBean] - Failed to set up a Bean Validation provider: jakarta.validation.NoProviderFoundException: Unable to create a Configuration, because no Jakarta Bean Validation provider could be found. Add a provider like Hibernate Validator (RI) to your classpath.
2025-04-25 11:59:18.389 [INFO] [restartedMain] [o.s.b.d.a.OptionalLiveReloadServer] - LiveReload server is running on port 35729
2025-04-25 11:59:18.394 [INFO] [restartedMain] [o.a.coyote.http11.Http11NioProtocol] - Starting ProtocolHandler ["http-nio-8080"]
2025-04-25 11:59:18.397 [INFO] [restartedMain] [o.s.b.w.e.tomcat.TomcatWebServer] - Tomcat started on port 8080 (http) with context path '/'
2025-04-25 11:59:18.399 [INFO] [restartedMain] [c.g.aigroove.AigrooveApplication] - Started AigrooveApplication in 1.184 seconds (process running for 5044.557)
2025-04-25 11:59:18.400 [INFO] [restartedMain] [o.s.b.d.a.ConditionEvaluationDeltaLoggingListener] - Condition evaluation unchanged
2025-04-25 12:01:49.255 [INFO] [File Watcher] [o.s.b.d.a.LocalDevToolsAutoConfiguration$RestartingClassPathChangeChangedEventListener] - Restarting due to 15 class path changes (0 additions, 0 deletions, 15 modifications)
2025-04-25 12:01:49.257 [INFO] [Thread-117] [o.s.b.w.e.tomcat.GracefulShutdown] - Commencing graceful shutdown. Waiting for active requests to complete
2025-04-25 12:01:49.258 [INFO] [tomcat-shutdown] [o.a.coyote.http11.Http11NioProtocol] - Pausing ProtocolHandler ["http-nio-8080"]
2025-04-25 12:01:49.368 [INFO] [tomcat-shutdown] [o.s.b.w.e.tomcat.GracefulShutdown] - Graceful shutdown complete
2025-04-25 12:01:49.369 [INFO] [Thread-117] [o.a.coyote.http11.Http11NioProtocol] - Stopping ProtocolHandler ["http-nio-8080"]
2025-04-25 12:01:49.370 [INFO] [Thread-117] [o.s.o.j.LocalContainerEntityManagerFactoryBean] - Closing JPA EntityManagerFactory for persistence unit 'default'
2025-04-25 12:01:49.371 [INFO] [Thread-117] [com.zaxxer.hikari.HikariDataSource] - HikariPool-30 - Shutdown initiated...
2025-04-25 12:01:49.373 [INFO] [Thread-117] [com.zaxxer.hikari.HikariDataSource] - HikariPool-30 - Shutdown completed.
